{
  "type": "FeatureCollection",
  "features": [
    {
      "type": "Feature",
      "geometry": {
        "type": "Point",
        "coordinates": [
          31.6099732,
          4.85065
        ]
      },
      "properties": {
        "amenity": "school",
        "name": "St. Joseph Basic School",
        "osm_id": 1390944591
      }
    },
    {
      "type": "Feature",
      "geometry": {
        "type": "Point",
        "coordinates": [
          33.7417418,
          9.9901912
        ]
      },
      "properties": {
        "amenity": "school",
        "operator:type": "ngo",
        "source": "survey",
        "osm_id": 2785620009
      }
    },
    {
      "type": "Feature",
      "geometry": {
        "type": "Point",
        "coordinates": [
          30.6690149,
          4.0983191
        ]
      },
      "properties": {
        "amenity": "school",
        "name": "Yei Day Secondary School",
        "osm_id": 3456334859
      }
    },
    {
      "type": "Feature",
      "geometry": {
        "type": "Point",
        "coordinates": [
          30.7378041,
          4.0086199
        ]
      },
      "properties": {
        "amenity": "school",
        "name": "Alero School",
        "osm_id": 3740216979
      }
    },
    {
      "type": "Feature",
      "geometry": {
        "type": "Point",
        "coordinates": [
          32.260916,
          3.8492222
        ]
      },
      "properties": {
        "addr:city": "Akande",
        "addr:county": "Aringa",
        "addr:district": "Yumbe",
        "addr:parish": "Kochi",
        "addr:subcounty": "Kochi",
        "amenity": "school",
        "isced:level": "1",
        "name": "Akande Primary School",
        "operator:type": "public",
        "source": "www.ubos.org",
        "source:date": "2010..2014",
        "wikidata": "Q22344427",
        "osm_id": 3980676942
      }
    },
    {
      "type": "Feature",
      "geometry": {
        "type": "Point",
        "coordinates": [
          31.5405836,
          3.7751383
        ]
      },
      "properties": {
        "addr:city": "Lokopio",
        "addr:county": "Aringa",
        "addr:district": "Yumbe",
        "addr:parish": "Yayari",
        "addr:subcounty": "Kochi",
        "amenity": "school",
        "isced:level": "2;3;4",
        "name": "Romogi Seed Secondary School",
        "operator:type": "public",
        "source": "www.ubos.org",
        "source:date": "2010..2014",
        "wikidata": "Q22344421",
        "osm_id": 3980676950
      }
    },
    {
      "type": "Feature",
      "geometry": {
        "type": "Point",
        "coordinates": [
          30.9004883,
          3.6010663
        ]
      },
      "properties": {
        "addr:city": "Fataha",
        "addr:county": "Aringa",
        "addr:district": "Yumbe",
        "addr:parish": "Pena",
        "addr:subcounty": "Apo",
        "amenity": "school",
        "isced:level": "1",
        "name": "Fataha Primary School",
        "operator:type": "public",
        "source": "www.ubos.org",
        "source:date": "2010..2014",
        "wikidata": "Q22811043",
        "osm_id": 3999202723
      }
    },
    {
      "type": "Feature",
      "geometry": {
        "type": "Point",
        "coordinates": [
          31.1296488,
          3.9014432
        ]
      },
      "properties": {
        "addr:city": "Wabanga",
        "addr:county": "Aringa",
        "addr:district": "Yumbe",
        "addr:parish": "Medenga",
        "addr:subcounty": "Midigo",
        "amenity": "school",
        "fixme": "Please, check the position of this node",
        "isced:level": "1",
        "name": "Benagoro Primary School",
        "source": "www.ubos.org",
        "source:date": "2010..2014",
        "wikidata": "Q22809925",
        "osm_id": 4009758590
      }
    },
    {
      "type": "Feature",
      "geometry": {
        "type": "Point",
        "coordinates": [
          31.0464454,
          3.8020861
        ]
      },
      "properties": {
        "addr:city": "Gadania",
        "addr:county": "Aringa",
        "addr:district": "Yumbe",
        "addr:parish": "Limidia",
        "addr:subcounty": "Kochi",
        "amenity": "school",
        "isced:level": "2;3;4",
        "name": "Limidia High Secondary School",
        "operator:type": "Public",
        "source": "www.ubos.org",
        "source:date": "2010..2014",
        "wikidata": "Q22809938",
        "osm_id": 4009758598
      }
    },
    {
      "type": "Feature",
      "geometry": {
        "type": "Point",
        "coordinates": [
          31.0409443,
          3.8145052
        ]
      },
      "properties": {
        "addr:city": "Juba",
        "addr:county": "Aringa",
        "addr:district": "Yumbe",
        "addr:parish": "Limidia",
        "addr:subcounty": "Kochi",
        "amenity": "school",
        "isced:level": "1",
        "name": "Limidia Primary School",
        "operator:type": "Public",
        "source": "www.ubos.org",
        "source:date": "2010..2014",
        "wikidata": "Q22809939",
        "osm_id": 4009758599
      }
    },
    {
      "type": "Feature",
      "geometry": {
        "type": "Point",
        "coordinates": [
          30.8498144,
          3.8121788
        ]
      },
      "properties": {
        "addr:city": "Nandre",
        "addr:county": "Aringa",
        "addr:district": "Yumbe",
        "addr:parish": "Mulumbe",
        "addr:subcounty": "Midigo",
        "amenity": "school",
        "isced:level": "1",
        "name": "Mugumbe Primary School",
        "operator:type": "Public",
        "source": "www.ubos.org",
        "source:date": "2010..2014",
        "wikidata": "Q22809947",
        "osm_id": 4009758605
      }
    },
    {
      "type": "Feature",
      "geometry": {
        "type": "Point",
        "coordinates": [
          32.1110888,
          3.5862842
        ]
      },
      "properties": {
        "addr:city": "Obero",
        "addr:county": "Aringa",
        "addr:district": "Yumbe",
        "addr:parish": "Bidibidi",
        "addr:subcounty": "Romogi",
        "amenity": "school",
        "isced:level": "1",
        "name": "Obero Primary School",
        "operator:type": "public",
        "source": "www.ubos.org",
        "source:date": "2010..2014",
        "wikidata": "Q22923290",
        "osm_id": 4011769443
      }
    },
    {
      "type": "Feature",
      "geometry": {
        "type": "Point",
        "coordinates": [
          30.7220321,
          4.0395759
        ]
      },
      "properties": {
        "amenity": "school",
        "name": "Peremasu School",
        "osm_id": 4563411302
      }
    },
    {
      "type": "Feature",
      "geometry": {
        "type": "Point",
        "coordinates": [
          31.5632263,
          4.8552305
        ]
      },
      "properties": {
        "amenity": "school",
        "name": "Mentor primary school",
        "opening_hours": "Mo-Fr 20:00-04:00; Sa-Su 09:00-18:00",
        "osm_id": 4784253924
      }
    },
    {
      "type": "Feature",
      "geometry": {
        "type": "Point",
        "coordinates": [
          31.5601631,
          4.8490143
        ]
      },
      "properties": {
        "amenity": "school",
        "name": "Light house school",
        "osm_id": 4784254024
      }
    },
    {
      "type": "Feature",
      "geometry": {
        "type": "Point",
        "coordinates": [
          30.1781666,
          8.2838383
        ]
      },
      "properties": {
        "amenity": "school",
        "name": "Kai Gai Primary",
        "name:en": "Kai Gai Primary",
        "osm_id": 4930493021
      }
    },
    {
      "type": "Feature",
      "geometry": {
        "type": "Point",
        "coordinates": [
          31.5005387,
          4.8666747
        ]
      },
      "properties": {
        "amenity": "school",
        "name": "Jebel church",
        "osm_id": 5237808321
      }
    },
    {
      "type": "Feature",
      "geometry": {
        "type": "Point",
        "coordinates": [
          27.509962,
          8.9556422
        ]
      },
      "properties": {
        "amenity": "school",
        "name": "Akuem primary School",
        "osm_id": 5414590522
      }
    },
    {
      "type": "Feature",
      "geometry": {
        "type": "Point",
        "coordinates": [
          27.5594831,
          8.9494754
        ]
      },
      "properties": {
        "amenity": "school",
        "name": "Makuen Agap p. school",
        "osm_id": 5414591622
      }
    },
    {
      "type": "Feature",
      "geometry": {
        "type": "Point",
        "coordinates": [
          27.5939,
          8.9403533
        ]
      },
      "properties": {
        "amenity": "school",
        "name": "Uyon primary sch",
        "osm_id": 5414591822
      }
    },
    {
      "type": "Feature",
      "geometry": {
        "type": "Point",
        "coordinates": [
          27.8701194,
          9.0839103
        ]
      },
      "properties": {
        "amenity": "school",
        "name": "Majak p. School",
        "osm_id": 5427238121
      }
    },
    {
      "type": "Feature",
      "geometry": {
        "type": "Point",
        "coordinates": [
          27.8704559,
          9.0838638
        ]
      },
      "properties": {
        "amenity": "school",
        "name": "Majak primary school",
        "osm_id": 5428135922
      }
    },
    {
      "type": "Feature",
      "geometry": {
        "type": "Point",
        "coordinates": [
          27.869875,
          9.08371
        ]
      },
      "properties": {
        "amenity": "school",
        "name": "Majak p. Sch",
        "osm_id": 5434811521
      }
    },
    {
      "type": "Feature",
      "geometry": {
        "type": "Point",
        "coordinates": [
          27.4286367,
          8.9074683
        ]
      },
      "properties": {
        "amenity": "school",
        "name": "Riangmal primary school",
        "osm_id": 5484112523
      }
    },
    {
      "type": "Feature",
      "geometry": {
        "type": "Point",
        "coordinates": [
          27.4673967,
          8.8915333
        ]
      },
      "properties": {
        "amenity": "school",
        "name": "Halbul primary school",
        "osm_id": 5484112524
      }
    },
    {
      "type": "Feature",
      "geometry": {
        "type": "Point",
        "coordinates": [
          27.6179017,
          8.9617867
        ]
      },
      "properties": {
        "amenity": "school",
        "name": "Partial p school",
        "osm_id": 5484114125
      }
    },
    {
      "type": "Feature",
      "geometry": {
        "type": "Point",
        "coordinates": [
          27.3884608,
          9.5919408
        ]
      },
      "properties": {
        "amenity": "school",
        "name": "Rumaker p school",
        "osm_id": 5484125726
      }
    },
    {
      "type": "Feature",
      "geometry": {
        "type": "Point",
        "coordinates": [
          27.7577167,
          9.061668
        ]
      },
      "properties": {
        "amenity": "school",
        "name": "Malualbai p school",
        "osm_id": 5484133522
      }
    },
    {
      "type": "Feature",
      "geometry": {
        "type": "Point",
        "coordinates": [
          27.5639583,
          9.2040333
        ]
      },
      "properties": {
        "amenity": "school",
        "name": "Baac p school",
        "osm_id": 5484133523
      }
    },
    {
      "type": "Feature",
      "geometry": {
        "type": "Point",
        "coordinates": [
          27.510795,
          9.2396483
        ]
      },
      "properties": {
        "amenity": "school",
        "name": "Omdurman p school",
        "osm_id": 5484138621
      }
    },
    {
      "type": "Feature",
      "geometry": {
        "type": "Point",
        "coordinates": [
          27.5067967,
          8.8612633
        ]
      },
      "properties": {
        "amenity": "school",
        "name": "Adotic primary school",
        "osm_id": 5484141521
      }
    },
    {
      "type": "Feature",
      "geometry": {
        "type": "Point",
        "coordinates": [
          27.5351183,
          8.8724667
        ]
      },
      "properties": {
        "amenity": "school",
        "name": "Athian p school",
        "osm_id": 5484142921
      }
    },
    {
      "type": "Feature",
      "geometry": {
        "type": "Point",
        "coordinates": [
          27.4288796,
          8.9083387
        ]
      },
      "properties": {
        "amenity": "school",
        "name": "Riangmal primary school",
        "osm_id": 5484142922
      }
    },
    {
      "type": "Feature",
      "geometry": {
        "type": "Point",
        "coordinates": [
          30.5838833,
          4.0243979
        ]
      },
      "properties": {
        "amenity": "school",
        "name": "Rubeke primary school otogo pam",
        "osm_id": 5567194046
      }
    },
    {
      "type": "Feature",
      "geometry": {
        "type": "Point",
        "coordinates": [
          30.5844392,
          4.0266055
        ]
      },
      "properties": {
        "amenity": "school",
        "name": "Rubeke s s",
        "osm_id": 5567194047
      }
    },
    {
      "type": "Feature",
      "geometry": {
        "type": "Point",
        "coordinates": [
          30.5831032,
          4.0249202
        ]
      },
      "properties": {
        "amenity": "school",
        "name": "Rubeke P school",
        "osm_id": 5632922721
      }
    },
    {
      "type": "Feature",
      "geometry": {
        "type": "Point",
        "coordinates": [
          30.5398329,
          3.9752101
        ]
      },
      "properties": {
        "addr:street": "Moses",
        "amenity": "school",
        "email": "rubeke@gmail.com",
        "name": "Rubeke p school",
        "phone": "+211955003229",
        "osm_id": 5674586822
      }
    },
    {
      "type": "Feature",
      "geometry": {
        "type": "Point",
        "coordinates": [
          33.0071394,
          7.0492021
        ]
      },
      "properties": {
        "amenity": "school",
        "name": "Lekuangole Primary School",
        "osm_id": 6494910484
      }
    },
    {
      "type": "Feature",
      "geometry": {
        "type": "Point",
        "coordinates": [
          31.5827294,
          4.8468946
        ]
      },
      "properties": {
        "amenity": "school",
        "name": "University of Juba.College of comunity Studies and rural development",
        "osm_id": 7018726687
      }
    },
    {
      "type": "Feature",
      "geometry": {
        "type": "Point",
        "coordinates": [
          27.5100163,
          8.955537
        ]
      },
      "properties": {
        "addr:housenumber": "Akuem, Northern Bahr el Ghazal",
        "addr:street": "Aweil, Akuem-Wanjuk road",
        "amenity": "school",
        "name": "Akuem primary school",
        "operator": "SPC Akuem",
        "operator:type": "public",
        "osm_id": 7172914211
      }
    },
    {
      "type": "Feature",
      "geometry": {
        "type": "Point",
        "coordinates": [
          31.5274036,
          4.8094224
        ]
      },
      "properties": {
        "amenity": "school",
        "osm_id": 7256332945
      }
    },
    {
      "type": "Feature",
      "geometry": {
        "type": "Point",
        "coordinates": [
          32.5521753,
          4.3635218
        ]
      },
      "properties": {
        "amenity": "school",
        "name": "Orphanage Primary",
        "osm_id": 8625502017
      }
    },
    {
      "type": "Feature",
      "geometry": {
        "type": "Point",
        "coordinates": [
          30.686751,
          4.0983819
        ]
      },
      "properties": {
        "amenity": "school",
        "name": "st paul secondary school",
        "operator": "church",
        "operator:type": "religious",
        "religion": "angelican",
        "osm_id": 8963517703
      }
    },
    {
      "type": "Feature",
      "geometry": {
        "type": "Point",
        "coordinates": [
          30.6659637,
          4.0954398
        ]
      },
      "properties": {
        "amenity": "school",
        "name": "emmanuel kintergarden nursery school",
        "operator": "church",
        "operator:type": "religious",
        "osm_id": 8971387980
      }
    },
    {
      "type": "Feature",
      "geometry": {
        "type": "Point",
        "coordinates": [
          30.6478398,
          4.0782873
        ]
      },
      "properties": {
        "amenity": "school",
        "name": "lutaya primary school",
        "osm_id": 8974878509
      }
    },
    {
      "type": "Feature",
      "geometry": {
        "type": "Point",
        "coordinates": [
          30.6485288,
          4.0770002
        ]
      },
      "properties": {
        "amenity": "school",
        "name": "st joseph lutaya secondary school",
        "operator": "church",
        "operator:type": "religious",
        "osm_id": 8974883276
      }
    },
    {
      "type": "Feature",
      "geometry": {
        "type": "Point",
        "coordinates": [
          32.4838109,
          5.1023165
        ]
      },
      "properties": {
        "amenity": "school",
        "name": "Bura Primary School",
        "osm_id": 8997003817
      }
    },
    {
      "type": "Feature",
      "geometry": {
        "type": "Point",
        "coordinates": [
          32.4752481,
          5.0303943
        ]
      },
      "properties": {
        "amenity": "school",
        "name": "Lafon Primary School",
        "osm_id": 9008744517
      }
    },
    {
      "type": "Feature",
      "geometry": {
        "type": "Point",
        "coordinates": [
          30.6982053,
          4.0964985
        ]
      },
      "properties": {
        "amenity": "school",
        "name": "mahat primary school",
        "osm_id": 9035439849
      }
    },
    {
      "type": "Feature",
      "geometry": {
        "type": "Point",
        "coordinates": [
          30.6746688,
          4.1119317
        ]
      },
      "properties": {
        "amenity": "school",
        "name": "DAR EL SALAAM PRIMARY SCHOOL",
        "osm_id": 9035500324
      }
    },
    {
      "type": "Feature",
      "geometry": {
        "type": "Point",
        "coordinates": [
          30.6869656,
          4.0940847
        ]
      },
      "properties": {
        "amenity": "school",
        "name": "EPC Nehemiah Primary School",
        "osm_id": 9079619358
      }
    },
    {
      "type": "Feature",
      "geometry": {
        "type": "Point",
        "coordinates": [
          32.84513,
          4.1705913
        ]
      },
      "properties": {
        "amenity": "school",
        "name": "Imotong Life Skills Centre",
        "osm_id": 9126530417
      }
    },
    {
      "type": "Feature",
      "geometry": {
        "type": "Point",
        "coordinates": [
          28.8234049,
          9.3879903
        ]
      },
      "properties": {
        "amenity": "school",
        "email": "mmayiiknyok@gmail.com",
        "name": "Agonk bek Secondary School",
        "phone": "+211916016590",
        "osm_id": 9311393017
      }
    },
    {
      "type": "Feature",
      "geometry": {
        "type": "Point",
        "coordinates": [
          31.5907518,
          4.8414249
        ]
      },
      "properties": {
        "amenity": "school",
        "name": "Amara(HS-halls)",
        "osm_id": 9387578321
      }
    },
    {
      "type": "Feature",
      "geometry": {
        "type": "Point",
        "coordinates": [
          31.585328,
          4.8458726
        ]
      },
      "properties": {
        "amenity": "school",
        "name": "City Academy Secondary school",
        "osm_id": 9387601518
      }
    },
    {
      "type": "Feature",
      "geometry": {
        "type": "Point",
        "coordinates": [
          27.1842515,
          8.6641406
        ]
      },
      "properties": {
        "amenity": "school",
        "name": "Dong Abel Primary School",
        "osm_id": 9879216217
      }
    },
    {
      "type": "Feature",
      "geometry": {
        "type": "Point",
        "coordinates": [
          32.303072,
          4.1219177
        ]
      },
      "properties": {
        "amenity": "school",
        "denomination": "seventh_day_adventist",
        "grades": "Primary 1 -8",
        "name": "ROA Primary School",
        "operator": "Magwi SDAC",
        "operator:type": "religious",
        "religion": "christian",
        "osm_id": 10135377796
      }
    },
    {
      "type": "Feature",
      "geometry": {
        "type": "Point",
        "coordinates": [
          32.3028106,
          4.1236627
        ]
      },
      "properties": {
        "amenity": "school",
        "grades": "Primary 1 - 8",
        "name": "Magwi Central Primary School",
        "osm_id": 10214491847
      }
    },
    {
      "type": "Feature",
      "geometry": {
        "type": "Point",
        "coordinates": [
          31.5674235,
          4.8385843
        ]
      },
      "properties": {
        "amenity": "school",
        "name": "House of Hope",
        "osm_id": 10570436118
      }
    },
    {
      "type": "Feature",
      "geometry": {
        "type": "Point",
        "coordinates": [
          31.7067939,
          9.6208612
        ]
      },
      "properties": {
        "amenity": "school",
        "osm_id": 11648884451
      }
    },
    {
      "type": "Feature",
      "geometry": {
        "type": "Point",
        "coordinates": [
          32.5427617,
          3.9503331
        ]
      },
      "properties": {
        "addr:street": "Magwi-Farajok",
        "amenity": "school",
        "name": "Lerwa primary school",
        "opening_hours": "Su-Th 09:00-16:00",
        "osm_id": 11673278670
      }
    },
    {
      "type": "Feature",
      "geometry": {
        "type": "Point",
        "coordinates": [
          32.5978381,
          3.9182878
        ]
      },
      "properties": {
        "addr:street": "Magwi-Farajok",
        "amenity": "school",
        "name": "Palmar primary school",
        "osm_id": 11673280769
      }
    },
    {
      "type": "Feature",
      "geometry": {
        "type": "Point",
        "coordinates": [
          27.4643019,
          5.5995726
        ]
      },
      "properties": {
        "amenity": "school",
        "osm_id": 11805274275
      }
    },
    {
      "type": "Feature",
      "geometry": {
        "type": "Point",
        "coordinates": [
          27.4843731,
          5.6223335
        ]
      },
      "properties": {
        "amenity": "school",
        "osm_id": 11812286831
      }
    },
    {
      "type": "Feature",
      "geometry": {
        "type": "Point",
        "coordinates": [
          33.0756446,
          8.6183535
        ]
      },
      "properties": {
        "amenity": "school",
        "grades": "1-8 10-12",
        "name": "Nasir Primary and Secondary School",
        "osm_id": 12101524223
      }
    },
    {
      "type": "Feature",
      "geometry": {
        "type": "Point",
        "coordinates": [
          30.285953,
          5.3432784
        ]
      },
      "properties": {
        "addr:boma": "Mundri Central",
        "addr:county": "Mundri West",
        "addr:payam": "Mundri",
        "addr:state": "Western Equatoria",
        "addr:village": "Mundri ONE Primary school",
        "amenity": "school",
        "capacity:classrooms": "10",
        "capacity:pupils": "352",
        "capacity:teachers": "19",
        "isced:level": "1",
        "name": "Mundri one primary school",
        "operational_status": "operational",
        "operator:type": "public",
        "osm_id": 12158075311
      }
    },
    {
      "type": "Feature",
      "geometry": {
        "type": "Point",
        "coordinates": [
          30.3076474,
          5.3493353
        ]
      },
      "properties": {
        "addr:boma": "Mundri Central",
        "addr:county": "Mundri West",
        "addr:payam": "Mundri",
        "addr:state": "Western Equatoria",
        "addr:village": "Hai faka",
        "amenity": "school",
        "capacity:classrooms": "11",
        "capacity:pupils": "218",
        "capacity:teachers": "10",
        "isced:level": "1",
        "name": "Faka primary school",
        "operational_status": "operational",
        "operator:type": "public",
        "osm_id": 12158075312
      }
    },
    {
      "type": "Feature",
      "geometry": {
        "type": "Point",
        "coordinates": [
          30.379117,
          5.4050778
        ]
      },
      "properties": {
        "addr:boma": "Amadi",
        "addr:county": "Mundri West",
        "addr:payam": "Amadi",
        "addr:state": "Western Equatoria",
        "addr:village": "Liwa",
        "amenity": "school",
        "capacity:classrooms": "0",
        "capacity:pupils": "0",
        "capacity:teachers": "0",
        "isced:level": "1",
        "name": "Liwa primary school",
        "operational_status": "under construction",
        "operator:type": "public",
        "osm_id": 12158075313
      }
    },
    {
      "type": "Feature",
      "geometry": {
        "type": "Point",
        "coordinates": [
          30.4364781,
          5.5699939
        ]
      },
      "properties": {
        "addr:boma": "Bitti Boma",
        "addr:county": "Mundri West",
        "addr:payam": "Amadi",
        "addr:state": "Western Equatoria",
        "addr:village": "Mora village",
        "amenity": "school",
        "capacity:classrooms": "8",
        "capacity:pupils": "279",
        "capacity:teachers": "5",
        "isced:level": "1",
        "name": "Bitti primary school",
        "operational_status": "operational",
        "operator:type": "public",
        "osm_id": 12158075314
      }
    },
    {
      "type": "Feature",
      "geometry": {
        "type": "Point",
        "coordinates": [
          30.3117296,
          5.3335204
        ]
      },
      "properties": {
        "addr:boma": "Miri mojo",
        "addr:county": "Mundri West",
        "addr:payam": "Mundri",
        "addr:state": "Western Equatoria",
        "addr:village": "Miri mojo",
        "amenity": "school",
        "capacity:classrooms": "4",
        "capacity:pupils": "250",
        "capacity:teachers": "10",
        "isced:level": "1",
        "name": "Miri mojo primary school",
        "operational_status": "operational",
        "operator:type": "public",
        "osm_id": 12158075315
      }
    },
    {
      "type": "Feature",
      "geometry": {
        "type": "Point",
        "coordinates": [
          30.327356,
          5.3466793
        ]
      },
      "properties": {
        "addr:boma": "Mundri",
        "addr:county": "Mundri West",
        "addr:payam": "Mundri",
        "addr:state": "Western Equatoria",
        "addr:village": "Ngolaw",
        "amenity": "school",
        "capacity:classrooms": "11",
        "capacity:pupils": "30",
        "capacity:teachers": "5",
        "isced:level": "1",
        "name": "Baya Primary",
        "operational_status": "operational",
        "operator:type": "public",
        "osm_id": 12158075316
      }
    },
    {
      "type": "Feature",
      "geometry": {
        "type": "Point",
        "coordinates": [
          30.3247392,
          5.3445409
        ]
      },
      "properties": {
        "addr:boma": "Mundri central",
        "addr:county": "Mundri West",
        "addr:payam": "Mundri",
        "addr:state": "Western Equatoria",
        "addr:village": "Hai Tiriri",
        "amenity": "school",
        "capacity:classrooms": "2",
        "capacity:pupils": "40",
        "capacity:teachers": "4",
        "isced:level": "4",
        "name": "Mundri youth center",
        "operational_status": "operational",
        "operator:type": "community",
        "osm_id": 12158075317
      }
    },
    {
      "type": "Feature",
      "geometry": {
        "type": "Point",
        "coordinates": [
          30.4183168,
          5.5995064
        ]
      },
      "properties": {
        "addr:boma": "Bity",
        "addr:county": "Mundri West",
        "addr:payam": "Amadi",
        "addr:state": "Western Equatoria",
        "addr:village": "Bity",
        "amenity": "school",
        "capacity:classrooms": "6",
        "capacity:pupils": "380",
        "capacity:teachers": "8",
        "isced:level": "1",
        "name": "Koromula primary school",
        "operational_status": "operational",
        "operator:type": "public",
        "osm_id": 12158075318
      }
    },
    {
      "type": "Feature",
      "geometry": {
        "type": "Point",
        "coordinates": [
          30.1600992,
          5.3700777
        ]
      },
      "properties": {
        "addr:boma": "Gulu",
        "addr:county": "Mundri West",
        "addr:payam": "Mundri",
        "addr:state": "Western Equatoria",
        "addr:village": "Gulu One",
        "amenity": "school",
        "capacity:classrooms": "0",
        "capacity:pupils": "0",
        "capacity:teachers": "0",
        "isced:level": "1",
        "name": "Gulu one primary school",
        "operational_status": "under construction",
        "operator:type": "public",
        "osm_id": 12158075319
      }
    },
    {
      "type": "Feature",
      "geometry": {
        "type": "Point",
        "coordinates": [
          30.3270902,
          5.0327437
        ]
      },
      "properties": {
        "addr:boma": "Medewu",
        "addr:county": "Mundri West",
        "addr:payam": "Bangolo",
        "addr:state": "Western Equatoria",
        "addr:village": "Medewu",
        "amenity": "school",
        "capacity:classrooms": "8",
        "capacity:pupils": "200",
        "capacity:teachers": "8",
        "isced:level": "1",
        "name": "Medewu primary school",
        "operational_status": "operational",
        "operator:type": "public",
        "osm_id": 12158075320
      }
    },
    {
      "type": "Feature",
      "geometry": {
        "type": "Point",
        "coordinates": [
          30.3197747,
          5.3524505
        ]
      },
      "properties": {
        "addr:boma": "Mundri Central",
        "addr:county": "Mundri West",
        "addr:payam": "Mundri",
        "addr:state": "Western Equatoria",
        "addr:village": "Matara C",
        "amenity": "school",
        "capacity:classrooms": "4",
        "capacity:pupils": "270",
        "capacity:teachers": "9",
        "isced:level": "1",
        "name": "Mundri advertise secondary school",
        "operational_status": "operational",
        "operator:type": "religious",
        "osm_id": 12158075321
      }
    },
    {
      "type": "Feature",
      "geometry": {
        "type": "Point",
        "coordinates": [
          30.2962452,
          5.341644
        ]
      },
      "properties": {
        "addr:boma": "Mundri Central",
        "addr:county": "Mundri West",
        "addr:payam": "Mundri",
        "addr:state": "Western Equatoria",
        "addr:village": "Mirimoto",
        "amenity": "school",
        "capacity:classrooms": "11",
        "capacity:pupils": "502",
        "capacity:teachers": "12",
        "isced:level": "1",
        "name": "True Light nursery and primary school",
        "operational_status": "operational",
        "operator:type": "religious",
        "osm_id": 12158075322
      }
    },
    {
      "type": "Feature",
      "geometry": {
        "type": "Point",
        "coordinates": [
          30.210673,
          5.25738
        ]
      },
      "properties": {
        "addr:boma": "Kotobi",
        "addr:county": "Mundri West",
        "addr:payam": "Kotobi",
        "addr:state": "Western Equatoria",
        "addr:village": "Marda",
        "amenity": "school",
        "capacity:classrooms": "0",
        "capacity:pupils": "0",
        "capacity:teachers": "0",
        "isced:level": "5",
        "name": "Kotobi vocational center",
        "operational_status": "under construction",
        "operator:type": "public",
        "osm_id": 12158075323
      }
    },
    {
      "type": "Feature",
      "geometry": {
        "type": "Point",
        "coordinates": [
          30.1088705,
          5.1615679
        ]
      },
      "properties": {
        "addr:boma": "Karkia",
        "addr:county": "Mundri West",
        "addr:payam": "Kotobi",
        "addr:state": "Western Equatoria",
        "addr:village": "Mandi",
        "amenity": "school",
        "capacity:classrooms": "5",
        "capacity:pupils": "174",
        "capacity:teachers": "9",
        "isced:level": "1",
        "name": "Mandi primary school",
        "operational_status": "operational",
        "operator:type": "public",
        "osm_id": 12158075324
      }
    },
    {
      "type": "Feature",
      "geometry": {
        "type": "Point",
        "coordinates": [
          30.3244384,
          5.3522595
        ]
      },
      "properties": {
        "addr:boma": "Mundri central",
        "addr:county": "Mundri West",
        "addr:payam": "Mundri",
        "addr:state": "Western Equatoria",
        "addr:village": "Mundri 2",
        "amenity": "school",
        "capacity:classrooms": "8",
        "capacity:pupils": "999",
        "capacity:teachers": "23",
        "isced:level": "1",
        "name": "Mundri 2 primary and Hai Malakal primary school",
        "operational_status": "operational",
        "operator:type": "public",
        "osm_id": 12158075325
      }
    },
    {
      "type": "Feature",
      "geometry": {
        "type": "Point",
        "coordinates": [
          30.3198749,
          5.3381108
        ]
      },
      "properties": {
        "addr:boma": "Mundri Central",
        "addr:county": "Mundri West",
        "addr:payam": "Mundri",
        "addr:state": "Western Equatoria",
        "addr:village": "Bishop Guni college",
        "amenity": "school",
        "capacity:classrooms": "11",
        "capacity:pupils": "522",
        "capacity:teachers": "11",
        "isced:level": "1",
        "name": "Emmanuel and Moni Nursery and primary school",
        "operational_status": "operational",
        "operator:type": "community",
        "osm_id": 12158075326
      }
    },
    {
      "type": "Feature",
      "geometry": {
        "type": "Point",
        "coordinates": [
          30.2996667,
          4.829435
        ]
      },
      "properties": {
        "addr:boma": "Bangolo boma",
        "addr:county": "Mundri West",
        "addr:payam": "Bangolo",
        "addr:state": "Western Equatoria",
        "addr:village": "Bangolo",
        "amenity": "school",
        "capacity:classrooms": "8",
        "capacity:pupils": "750",
        "capacity:teachers": "3",
        "isced:level": "1",
        "name": "Parish primary school",
        "operational_status": "operational",
        "operator:type": "public",
        "osm_id": 12158075327
      }
    },
    {
      "type": "Feature",
      "geometry": {
        "type": "Point",
        "coordinates": [
          30.3311287,
          5.344783
        ]
      },
      "properties": {
        "addr:boma": "Mundri central",
        "addr:county": "Mundri West",
        "addr:payam": "Mundri",
        "addr:state": "Western Equatoria",
        "addr:village": "Hai Tiriri",
        "amenity": "school",
        "capacity:classrooms": "3",
        "capacity:pupils": "135",
        "capacity:teachers": "9",
        "isced:level": "3",
        "name": "Alliance secondary school",
        "operational_status": "operational",
        "operator:type": "private",
        "osm_id": 12158075328
      }
    },
    {
      "type": "Feature",
      "geometry": {
        "type": "Point",
        "coordinates": [
          30.3934836,
          5.2290373
        ]
      },
      "properties": {
        "addr:boma": "Bari",
        "addr:county": "Mundri West",
        "addr:payam": "Bangolo",
        "addr:state": "Western Equatoria",
        "addr:village": "Bari",
        "amenity": "school",
        "capacity:classrooms": "8",
        "capacity:pupils": "170",
        "capacity:teachers": "9",
        "isced:level": "1",
        "name": "Bari primary school",
        "operational_status": "operational",
        "operator:type": "public",
        "osm_id": 12158075329
      }
    },
    {
      "type": "Feature",
      "geometry": {
        "type": "Point",
        "coordinates": [
          30.3073052,
          5.3292863
        ]
      },
      "properties": {
        "addr:boma": "Mundri",
        "addr:county": "Mundri West",
        "addr:payam": "Mundri",
        "addr:state": "Western Equatoria",
        "addr:village": "Diso",
        "amenity": "school",
        "capacity:classrooms": "2",
        "capacity:pupils": "55",
        "capacity:teachers": "3",
        "isced:level": "1",
        "name": "Mama Kezia primary school",
        "operational_status": "operational",
        "operator:type": "private",
        "osm_id": 12158075330
      }
    },
    {
      "type": "Feature",
      "geometry": {
        "type": "Point",
        "coordinates": [
          30.2685737,
          5.3323553
        ]
      },
      "properties": {
        "addr:boma": "Mundri Central",
        "addr:county": "Mundri West",
        "addr:payam": "Mundri",
        "addr:state": "Western Equatoria",
        "addr:village": "Okari",
        "amenity": "school",
        "capacity:classrooms": "2",
        "capacity:pupils": "46",
        "capacity:teachers": "4",
        "isced:level": "1",
        "name": "Okari primary school",
        "operational_status": "operational",
        "operator:type": "public",
        "osm_id": 12158075331
      }
    },
    {
      "type": "Feature",
      "geometry": {
        "type": "Point",
        "coordinates": [
          30.3051527,
          5.3508436
        ]
      },
      "properties": {
        "addr:boma": "Mundri Central",
        "addr:county": "Mundri West",
        "addr:payam": "Mundri",
        "addr:state": "Western Equatoria",
        "addr:village": "Hai faka B",
        "amenity": "school",
        "capacity:classrooms": "6",
        "capacity:pupils": "83",
        "capacity:teachers": "6",
        "isced:level": "0",
        "name": "Ladder kindergarten and primary school",
        "operational_status": "operational",
        "operator:type": "private",
        "osm_id": 12158075332
      }
    },
    {
      "type": "Feature",
      "geometry": {
        "type": "Point",
        "coordinates": [
          30.4174594,
          5.2391294
        ]
      },
      "properties": {
        "addr:boma": "Bari",
        "addr:county": "Mundri West",
        "addr:payam": "Bangolo",
        "addr:state": "Western Equatoria",
        "addr:village": "Bari IDP site",
        "amenity": "school",
        "capacity:classrooms": "0",
        "capacity:pupils": "30",
        "capacity:teachers": "2",
        "isced:level": "1",
        "name": "Bari Displace",
        "operational_status": "operational",
        "operator:type": "public",
        "osm_id": 12158075333
      }
    },
    {
      "type": "Feature",
      "geometry": {
        "type": "Point",
        "coordinates": [
          30.2908612,
          5.345824
        ]
      },
      "properties": {
        "addr:boma": "Mundri Central",
        "addr:county": "Mundri West",
        "addr:payam": "Mundri",
        "addr:state": "Western Equatoria",
        "addr:village": "Mirimoto",
        "amenity": "school",
        "capacity:classrooms": "0",
        "capacity:pupils": "0",
        "capacity:teachers": "0",
        "isced:level": "0",
        "name": "Mama Alice Nursery school",
        "operational_status": "under construction",
        "operator:type": "private",
        "osm_id": 12158075334
      }
    },
    {
      "type": "Feature",
      "geometry": {
        "type": "Point",
        "coordinates": [
          30.2990728,
          5.3299753
        ]
      },
      "properties": {
        "addr:boma": "Desu",
        "addr:county": "Mundri West",
        "addr:payam": "Mundri",
        "addr:state": "Western Equatoria",
        "addr:village": "Disu",
        "amenity": "school",
        "capacity:classrooms": "1",
        "capacity:pupils": "38",
        "capacity:teachers": "3",
        "isced:level": "0",
        "name": "Disu nursery school",
        "operational_status": "operational",
        "operator:type": "religious",
        "osm_id": 12158075335
      }
    },
    {
      "type": "Feature",
      "geometry": {
        "type": "Point",
        "coordinates": [
          30.1999944,
          5.251839
        ]
      },
      "properties": {
        "addr:boma": "Kotobi Boma",
        "addr:county": "Mundri West",
        "addr:payam": "Kotobi",
        "addr:state": "Western Equatoria",
        "addr:village": "Upper Tongo",
        "amenity": "school",
        "capacity:classrooms": "8",
        "capacity:pupils": "385",
        "capacity:teachers": "13",
        "isced:level": "1",
        "name": "Upper primary school",
        "operational_status": "operational",
        "operator:type": "public",
        "osm_id": 12158075336
      }
    },
    {
      "type": "Feature",
      "geometry": {
        "type": "Point",
        "coordinates": [
          30.3391975,
          5.3528109
        ]
      },
      "properties": {
        "addr:boma": "Mitikologa Boma",
        "addr:county": "Mundri West",
        "addr:payam": "Mundri",
        "addr:state": "Western Equatoria",
        "addr:village": "Mitikologa Center",
        "amenity": "school",
        "capacity:classrooms": "12",
        "capacity:pupils": "400",
        "capacity:teachers": "8",
        "isced:level": "1",
        "name": "Mitikologa primary school",
        "operational_status": "operational",
        "operator:type": "public",
        "osm_id": 12158075337
      }
    },
    {
      "type": "Feature",
      "geometry": {
        "type": "Point",
        "coordinates": [
          30.3192492,
          5.3529326
        ]
      },
      "properties": {
        "addr:boma": "Mundri central",
        "addr:county": "Mundri West",
        "addr:payam": "Mundri",
        "addr:state": "Western Equatoria",
        "addr:village": "Matara C",
        "amenity": "school",
        "capacity:classrooms": "11",
        "capacity:pupils": "769",
        "capacity:teachers": "18",
        "isced:level": "1",
        "name": "Mundri Adventist primary school",
        "operational_status": "operational",
        "operator:type": "religious",
        "osm_id": 12158075338
      }
    },
    {
      "type": "Feature",
      "geometry": {
        "type": "Point",
        "coordinates": [
          30.3169658,
          5.3150083
        ]
      },
      "properties": {
        "addr:boma": "Mundri Central",
        "addr:county": "Mundri West",
        "addr:payam": "Mundri",
        "addr:state": "Western Equatoria",
        "addr:village": "Janga area",
        "amenity": "school",
        "capacity:classrooms": "6",
        "capacity:pupils": "420",
        "capacity:teachers": "12",
        "isced:level": "1",
        "name": "Janga primary school",
        "operational_status": "operational",
        "operator:type": "public",
        "osm_id": 12158075339
      }
    },
    {
      "type": "Feature",
      "geometry": {
        "type": "Point",
        "coordinates": [
          30.1656684,
          5.5765989
        ]
      },
      "properties": {
        "addr:boma": "Mbara",
        "addr:county": "Mundri West",
        "addr:payam": "Mundri",
        "addr:state": "Western Equatoria",
        "addr:village": "Mbara Center",
        "amenity": "school",
        "capacity:classrooms": "8",
        "capacity:pupils": "224",
        "capacity:teachers": "9",
        "isced:level": "1",
        "name": "Mbara Primary school",
        "operational_status": "operational",
        "operator:type": "public",
        "osm_id": 12158075340
      }
    },
    {
      "type": "Feature",
      "geometry": {
        "type": "Point",
        "coordinates": [
          30.3117666,
          5.3728442
        ]
      },
      "properties": {
        "addr:boma": "Mundri central",
        "addr:county": "Mundri West",
        "addr:payam": "Mundri",
        "addr:state": "Western Equatoria",
        "addr:village": "Lendrewa village",
        "amenity": "school",
        "capacity:classrooms": "4",
        "capacity:pupils": "400",
        "capacity:teachers": "9",
        "isced:level": "1",
        "name": "Lendrewa primary school",
        "operational_status": "operational",
        "operator:type": "public",
        "osm_id": 12158075341
      }
    },
    {
      "type": "Feature",
      "geometry": {
        "type": "Point",
        "coordinates": [
          30.3201249,
          5.3546964
        ]
      },
      "properties": {
        "addr:boma": "Mundri Central",
        "addr:county": "Mundri West",
        "addr:payam": "Mundri",
        "addr:state": "Western Equatoria",
        "addr:village": "Matara C",
        "amenity": "school",
        "capacity:classrooms": "3",
        "capacity:pupils": "181",
        "capacity:teachers": "5",
        "isced:level": "0",
        "name": "Seventh advertise nursery school",
        "operational_status": "operational",
        "operator:type": "religious",
        "osm_id": 12158075342
      }
    },
    {
      "type": "Feature",
      "geometry": {
        "type": "Point",
        "coordinates": [
          30.3347734,
          4.9483583
        ]
      },
      "properties": {
        "addr:boma": "Ledingwa",
        "addr:county": "Mundri West",
        "addr:payam": "Bangolo",
        "addr:state": "Western Equatoria",
        "addr:village": "School",
        "amenity": "school",
        "capacity:classrooms": "8",
        "capacity:pupils": "300",
        "capacity:teachers": "9",
        "isced:level": "1",
        "name": "Ledingwa primary school",
        "operational_status": "operational",
        "operator:type": "public",
        "osm_id": 12158075343
      }
    },
    {
      "type": "Feature",
      "geometry": {
        "type": "Point",
        "coordinates": [
          30.3417105,
          5.0605989
        ]
      },
      "properties": {
        "addr:boma": "Medewu",
        "addr:county": "Mundri West",
        "addr:payam": "Bangolo",
        "addr:state": "Western Equatoria",
        "addr:village": "Medewu",
        "amenity": "school",
        "capacity:classrooms": "3",
        "capacity:pupils": "15",
        "capacity:teachers": "2",
        "isced:level": "0",
        "name": "Geria Bush school",
        "operational_status": "operational",
        "operator:type": "public",
        "osm_id": 12158075344
      }
    },
    {
      "type": "Feature",
      "geometry": {
        "type": "Point",
        "coordinates": [
          30.3185655,
          5.3489285
        ]
      },
      "properties": {
        "addr:boma": "Mundri Central",
        "addr:county": "Mundri West",
        "addr:payam": "Mundri",
        "addr:state": "Western Equatoria",
        "addr:village": "Hai Baya",
        "amenity": "school",
        "capacity:classrooms": "1",
        "capacity:pupils": "81",
        "capacity:teachers": "5",
        "isced:level": "3",
        "name": "Baya memorial secondary school",
        "operational_status": "operational",
        "operator:type": "religious",
        "osm_id": 12158075345
      }
    },
    {
      "type": "Feature",
      "geometry": {
        "type": "Point",
        "coordinates": [
          30.3443289,
          5.3580933
        ]
      },
      "properties": {
        "addr:boma": "Mitikologa",
        "addr:county": "Mundri West",
        "addr:payam": "Mundri",
        "addr:state": "Western Equatoria",
        "addr:village": "Mitikologa village",
        "amenity": "school",
        "capacity:classrooms": "7",
        "capacity:pupils": "240",
        "capacity:teachers": "8",
        "isced:level": "1",
        "name": "Seventh days advertise primary school",
        "operational_status": "operational",
        "operator:type": "private",
        "osm_id": 12158075346
      }
    },
    {
      "type": "Feature",
      "geometry": {
        "type": "Point",
        "coordinates": [
          30.3291096,
          5.3488502
        ]
      },
      "properties": {
        "addr:boma": "Mundri",
        "addr:county": "Mundri West",
        "addr:payam": "Mundri",
        "addr:state": "Western Equatoria",
        "addr:village": "Ngulawa A",
        "amenity": "school",
        "capacity:classrooms": "2",
        "capacity:pupils": "122",
        "capacity:teachers": "8",
        "isced:level": "3",
        "name": "Ezibon Mandiri secondary school",
        "operational_status": "operational",
        "operator:type": "private",
        "osm_id": 12158075347
      }
    },
    {
      "type": "Feature",
      "geometry": {
        "type": "Point",
        "coordinates": [
          30.0359677,
          5.1298917
        ]
      },
      "properties": {
        "addr:boma": "Karika",
        "addr:county": "Mundri West",
        "addr:payam": "Kotobi",
        "addr:state": "Western Equatoria",
        "addr:village": "Karika center",
        "amenity": "school",
        "capacity:classrooms": "10",
        "capacity:pupils": "350",
        "capacity:teachers": "12",
        "isced:level": "0",
        "name": "Karika One Nursery and Primary School",
        "operational_status": "operational",
        "operator:type": "public",
        "osm_id": 12158075348
      }
    },
    {
      "type": "Feature",
      "geometry": {
        "type": "Point",
        "coordinates": [
          30.2017337,
          5.2509091
        ]
      },
      "properties": {
        "addr:boma": "Kotobi",
        "addr:county": "Mundri West",
        "addr:payam": "Kotobi",
        "addr:state": "Western Equatoria",
        "addr:village": "Malakia",
        "amenity": "school",
        "capacity:classrooms": "3",
        "capacity:pupils": "100",
        "capacity:teachers": "6",
        "isced:level": "3",
        "name": "Kotobi secondary school",
        "operational_status": "operational",
        "operator:type": "public",
        "osm_id": 12158075349
      }
    },
    {
      "type": "Feature",
      "geometry": {
        "type": "Point",
        "coordinates": [
          30.3275581,
          5.3512263
        ]
      },
      "properties": {
        "addr:boma": "Mundri central",
        "addr:county": "Mundri West",
        "addr:payam": "Mundri",
        "addr:state": "Western Equatoria",
        "addr:village": "Hai Ngolowa A",
        "amenity": "school",
        "capacity:classrooms": "11",
        "capacity:pupils": "784",
        "capacity:teachers": "23",
        "isced:level": "3",
        "name": "Mundri Teachers Union secondary school",
        "operational_status": "operational",
        "operator:type": "community",
        "osm_id": 12158075350
      }
    },
    {
      "type": "Feature",
      "geometry": {
        "type": "Point",
        "coordinates": [
          30.3168607,
          5.3237212
        ]
      },
      "properties": {
        "addr:boma": "Janga",
        "addr:county": "Mundri West",
        "addr:payam": "Mundri",
        "addr:state": "Western Equatoria",
        "addr:village": "Janga",
        "amenity": "school",
        "capacity:classrooms": "11",
        "capacity:pupils": "163",
        "capacity:teachers": "11",
        "isced:level": "1",
        "name": "Amalo",
        "operational_status": "operational",
        "operator:type": "private",
        "osm_id": 12158075351
      }
    },
    {
      "type": "Feature",
      "geometry": {
        "type": "Point",
        "coordinates": [
          30.3324846,
          5.5332453
        ]
      },
      "properties": {
        "addr:boma": "Amadi Boma",
        "addr:county": "Mundri West",
        "addr:payam": "Amadi",
        "addr:state": "Western Equatoria",
        "addr:village": "Amadi 2",
        "amenity": "school",
        "capacity:classrooms": "3",
        "capacity:pupils": "520",
        "capacity:teachers": "8",
        "isced:level": "1",
        "name": "Amadi 2 primary school",
        "operational_status": "operational",
        "operator:type": "public",
        "osm_id": 12158075352
      }
    },
    {
      "type": "Feature",
      "geometry": {
        "type": "Point",
        "coordinates": [
          30.3038651,
          5.3538924
        ]
      },
      "properties": {
        "addr:boma": "Mundri central",
        "addr:county": "Mundri West",
        "addr:payam": "Mundri",
        "addr:state": "Western Equatoria",
        "addr:village": "Hai Feki B",
        "amenity": "school",
        "capacity:classrooms": "4",
        "capacity:pupils": "84",
        "capacity:teachers": "6",
        "isced:level": "3",
        "name": "Emma memorial secondary school",
        "operational_status": "operational",
        "operator:type": "private",
        "osm_id": 12158075353
      }
    },
    {
      "type": "Feature",
      "geometry": {
        "type": "Point",
        "coordinates": [
          30.3165965,
          5.3581306
        ]
      },
      "properties": {
        "addr:boma": "Mundri central",
        "addr:county": "Mundri West",
        "addr:payam": "Mundri",
        "addr:state": "Western Equatoria",
        "addr:village": "Lendrewa village",
        "amenity": "school",
        "capacity:classrooms": "11",
        "capacity:pupils": "566",
        "capacity:teachers": "14",
        "isced:level": "1",
        "name": "EMMA memorial academy",
        "operational_status": "operational",
        "operator:type": "private",
        "osm_id": 12158075354
      }
    },
    {
      "type": "Feature",
      "geometry": {
        "type": "Point",
        "coordinates": [
          30.2883477,
          5.3426111
        ]
      },
      "properties": {
        "addr:boma": "Mundri Central",
        "addr:county": "Mundri West",
        "addr:payam": "Mundri",
        "addr:state": "Western Equatoria",
        "addr:village": "Mundri one",
        "amenity": "school",
        "capacity:classrooms": "0",
        "capacity:pupils": "0",
        "capacity:teachers": "0",
        "isced:level": "4",
        "name": "Mundri one teachers training center",
        "operational_status": "under construction",
        "operator:type": "public",
        "osm_id": 12158075355
      }
    },
    {
      "type": "Feature",
      "geometry": {
        "type": "Point",
        "coordinates": [
          30.3275668,
          5.3436471
        ]
      },
      "properties": {
        "addr:boma": "Mundri Central",
        "addr:county": "Mundri West",
        "addr:payam": "Mundri",
        "addr:state": "Western Equatoria",
        "addr:village": "Hia tiriri black B",
        "amenity": "school",
        "capacity:classrooms": "11",
        "capacity:pupils": "400",
        "capacity:teachers": "16",
        "isced:level": "0",
        "name": "Fundraising nursery and primary school",
        "operational_status": "operational",
        "operator:type": "private",
        "osm_id": 12158075356
      }
    },
    {
      "type": "Feature",
      "geometry": {
        "type": "Point",
        "coordinates": [
          30.3261166,
          5.350353
        ]
      },
      "properties": {
        "addr:boma": "Mundri",
        "addr:county": "Mundri West",
        "addr:payam": "Mundri",
        "addr:state": "Western Equatoria",
        "addr:village": "Ngulawa",
        "amenity": "school",
        "capacity:classrooms": "7",
        "capacity:pupils": "105",
        "capacity:teachers": "11",
        "isced:level": "1",
        "name": "Andiriya Apaya",
        "operational_status": "operational",
        "operator:type": "private",
        "osm_id": 12158075357
      }
    },
    {
      "type": "Feature",
      "geometry": {
        "type": "Point",
        "coordinates": [
          30.3173988,
          5.3596266
        ]
      },
      "properties": {
        "addr:boma": "Mundri central",
        "addr:county": "Mundri West",
        "addr:payam": "Mundri",
        "addr:state": "Western Equatoria",
        "addr:village": "Lendrewa village",
        "amenity": "school",
        "capacity:classrooms": "4",
        "capacity:pupils": "51",
        "capacity:teachers": "9",
        "isced:level": "3",
        "name": "New Generation Academy",
        "operational_status": "operational",
        "operator:type": "community",
        "osm_id": 12158075358
      }
    },
    {
      "type": "Feature",
      "geometry": {
        "type": "Point",
        "coordinates": [
          30.3460416,
          5.3510081
        ]
      },
      "properties": {
        "addr:boma": "Mitikologa Boma",
        "addr:county": "Mundri West",
        "addr:payam": "Mundri",
        "addr:state": "Western Equatoria",
        "addr:village": "Hia Baraka",
        "amenity": "school",
        "capacity:classrooms": "9",
        "capacity:pupils": "249",
        "capacity:teachers": "8",
        "isced:level": "1",
        "name": "Hia Baraka nursery and primary school",
        "operational_status": "operational",
        "operator:type": "public",
        "osm_id": 12158075359
      }
    },
    {
      "type": "Feature",
      "geometry": {
        "type": "Point",
        "coordinates": [
          30.3221393,
          5.3057542
        ]
      },
      "properties": {
        "addr:boma": "Mundri Central",
        "addr:county": "Mundri West",
        "addr:payam": "Mundri",
        "addr:state": "Western Equatoria",
        "addr:village": "Kole",
        "amenity": "school",
        "capacity:classrooms": "6",
        "capacity:pupils": "87",
        "capacity:teachers": "4",
        "isced:level": "1",
        "name": "One Way Nursery and primary school",
        "operational_status": "operational",
        "operator:type": "public",
        "osm_id": 12158075360
      }
    },
    {
      "type": "Feature",
      "geometry": {
        "type": "Point",
        "coordinates": [
          30.0537638,
          5.1378576
        ]
      },
      "properties": {
        "addr:boma": "Karkia",
        "addr:county": "Mundri West",
        "addr:payam": "Kotobi",
        "addr:state": "Western Equatoria",
        "addr:village": "Karkia",
        "amenity": "school",
        "capacity:classrooms": "8",
        "capacity:pupils": "380",
        "capacity:teachers": "14",
        "isced:level": "1",
        "name": "Karkia ll Primary and Pre school",
        "operational_status": "operational",
        "operator:type": "public",
        "osm_id": 12158075361
      }
    },
    {
      "type": "Feature",
      "geometry": {
        "type": "Point",
        "coordinates": [
          30.087535,
          5.1516957
        ]
      },
      "properties": {
        "addr:boma": "Karkia",
        "addr:county": "Mundri West",
        "addr:payam": "Kotobi",
        "addr:state": "Western Equatoria",
        "addr:village": "Nanga",
        "amenity": "school",
        "capacity:classrooms": "3",
        "capacity:pupils": "56",
        "capacity:teachers": "3",
        "isced:level": "0",
        "name": "Nanga nursery school",
        "operational_status": "operational",
        "operator:type": "public",
        "osm_id": 12158075362
      }
    },
    {
      "type": "Feature",
      "geometry": {
        "type": "Point",
        "coordinates": [
          30.3271781,
          5.3534321
        ]
      },
      "properties": {
        "addr:boma": "Mundri central",
        "addr:county": "Mundri West",
        "addr:payam": "Mundri",
        "addr:state": "Western Equatoria",
        "addr:village": "Hai Ngolowa A",
        "amenity": "school",
        "capacity:classrooms": "6",
        "capacity:pupils": "498",
        "capacity:teachers": "23",
        "isced:level": "3",
        "name": "Mundri secondary school, Motherland secondary and Kotobi secondary school",
        "operational_status": "operational",
        "operator:type": "public",
        "osm_id": 12158075363
      }
    },
    {
      "type": "Feature",
      "geometry": {
        "type": "Point",
        "coordinates": [
          30.3206971,
          5.3377511
        ]
      },
      "properties": {
        "addr:boma": "Mundri Central",
        "addr:county": "Mundri West",
        "addr:payam": "Mundri",
        "addr:state": "Western Equatoria",
        "addr:village": "High bandala",
        "amenity": "school",
        "capacity:classrooms": "6",
        "capacity:pupils": "107",
        "capacity:teachers": "11",
        "isced:level": "3",
        "name": "Bright hope secondary school",
        "operational_status": "operational",
        "operator:type": "private",
        "osm_id": 12158075364
      }
    },
    {
      "type": "Feature",
      "geometry": {
        "type": "Point",
        "coordinates": [
          30.3404726,
          5.5072983
        ]
      },
      "properties": {
        "addr:boma": "Amadi",
        "addr:county": "Mundri West",
        "addr:payam": "Amadi",
        "addr:state": "Western Equatoria",
        "addr:village": "Hi gabat",
        "amenity": "school",
        "capacity:classrooms": "9",
        "capacity:pupils": "317",
        "capacity:teachers": "9",
        "isced:level": "1",
        "name": "Amadi primary school",
        "operational_status": "operational",
        "operator:type": "public",
        "osm_id": 12158075365
      }
    },
    {
      "type": "Feature",
      "geometry": {
        "type": "Point",
        "coordinates": [
          30.3446691,
          5.6615282
        ]
      },
      "properties": {
        "addr:boma": "Kulundu Boma",
        "addr:county": "Mundri West",
        "addr:payam": "Amadi",
        "addr:state": "Western Equatoria",
        "addr:village": "Kulundu Boma center",
        "amenity": "school",
        "capacity:classrooms": "6",
        "capacity:pupils": "420",
        "capacity:teachers": "6",
        "isced:level": "1",
        "name": "Kulundu primary School",
        "operational_status": "operational",
        "operator:type": "public",
        "osm_id": 12158075366
      }
    },
    {
      "type": "Feature",
      "geometry": {
        "type": "Point",
        "coordinates": [
          30.3184878,
          5.3488119
        ]
      },
      "properties": {
        "addr:boma": "Mundri Central",
        "addr:county": "Mundri West",
        "addr:payam": "Mundri",
        "addr:state": "Western Equatoria",
        "addr:village": "Hai Baya",
        "amenity": "school",
        "capacity:classrooms": "12",
        "capacity:pupils": "777",
        "capacity:teachers": "20",
        "isced:level": "1",
        "name": "Ezra baya memorials primary school",
        "operational_status": "operational",
        "operator:type": "religious",
        "osm_id": 12158075367
      }
    },
    {
      "type": "Feature",
      "geometry": {
        "type": "Point",
        "coordinates": [
          30.1500785,
          8.3009068
        ]
      },
      "properties": {
        "amenity": "school",
        "osm_id": 12161426940
      }
    },
    {
      "type": "Feature",
      "geometry": {
        "type": "Point",
        "coordinates": [
          30.1329794,
          8.3092751
        ]
      },
      "properties": {
        "amenity": "school",
        "name": "Primary school Leer",
        "osm_id": 12161426942
      }
    },
    {
      "type": "Feature",
      "geometry": {
        "type": "Point",
        "coordinates": [
          33.1287333,
          6.8006746
        ]
      },
      "properties": {
        "amenity": "school",
        "education": "school",
        "name": "Pibor primary school",
        "name:en": "Pibor boys primary school",
        "osm_id": 13351089536
      }
    },
    {
      "type": "Feature",
      "geometry": {
        "type": "Point",
        "coordinates": [
          33.6850072,
          4.4448527
        ]
      },
      "properties": {
        "amenity": "school",
        "name": "Ngauro School",
        "osm_id": 170404193
      }
    },
    {
      "type": "Feature",
      "geometry": {
        "type": "Point",
        "coordinates": [
          28.0019169,
          7.7110516
        ]
      },
      "properties": {
        "amenity": "school",
        "name": "St. Paul Rhoda School",
        "osm_id": 217947350
      }
    },
    {
      "type": "Feature",
      "geometry": {
        "type": "Point",
        "coordinates": [
          27.9933159,
          7.7097713
        ]
      },
      "properties": {
        "amenity": "school",
        "name": "Muqtah Primary School",
        "osm_id": 217947354
      }
    },
    {
      "type": "Feature",
      "geometry": {
        "type": "Point",
        "coordinates": [
          27.9773822,
          7.6808713
        ]
      },
      "properties": {
        "addr:city": "Wau",
        "amenity": "school",
        "name": "Loyola Senior Secondary School",
        "osm_id": 218268738
      }
    },
    {
      "type": "Feature",
      "geometry": {
        "type": "Point",
        "coordinates": [
          31.6689399,
          9.5254667
        ]
      },
      "properties": {
        "amenity": "school",
        "name": "Assossa Primary and Secondary School",
        "osm_id": 218575450
      }
    },
    {
      "type": "Feature",
      "geometry": {
        "type": "Point",
        "coordinates": [
          30.6593782,
          4.1194171
        ]
      },
      "properties": {
        "amenity": "school",
        "name": "Nehemiah Secondary School",
        "operator": "Evangelical Presbyterian Church (EPC) of South Sudan",
        "osm_id": 225830632
      }
    },
    {
      "type": "Feature",
      "geometry": {
        "type": "Point",
        "coordinates": [
          27.0374735,
          9.2322373
        ]
      },
      "properties": {
        "amenity": "school",
        "building": "yes",
        "osm_id": 228695095
      }
    },
    {
      "type": "Feature",
      "geometry": {
        "type": "Point",
        "coordinates": [
          27.0377322,
          9.231465
        ]
      },
      "properties": {
        "amenity": "school",
        "building": "yes",
        "osm_id": 228695109
      }
    },
    {
      "type": "Feature",
      "geometry": {
        "type": "Point",
        "coordinates": [
          33.5739425,
          4.2851584
        ]
      },
      "properties": {
        "amenity": "school",
        "name": "Nagishot School",
        "osm_id": 250222674
      }
    },
    {
      "type": "Feature",
      "geometry": {
        "type": "Point",
        "coordinates": [
          29.8002251,
          9.2436732
        ]
      },
      "properties": {
        "amenity": "school",
        "osm_id": 255382149
      }
    },
    {
      "type": "Feature",
      "geometry": {
        "type": "Point",
        "coordinates": [
          29.7889823,
          9.2461395
        ]
      },
      "properties": {
        "amenity": "school",
        "name": "Bentiu Secondary School",
        "name:en": "Bentiu Secondary School",
        "osm_id": 255667268
      }
    },
    {
      "type": "Feature",
      "geometry": {
        "type": "Point",
        "coordinates": [
          29.7943231,
          9.2544681
        ]
      },
      "properties": {
        "amenity": "school",
        "name": "El Glama Primary School",
        "osm_id": 255772201
      }
    },
    {
      "type": "Feature",
      "geometry": {
        "type": "Point",
        "coordinates": [
          30.2858934,
          5.343398
        ]
      },
      "properties": {
        "amenity": "school",
        "source": "Bing",
        "osm_id": 256048967
      }
    },
    {
      "type": "Feature",
      "geometry": {
        "type": "Point",
        "coordinates": [
          30.3240548,
          5.3525208
        ]
      },
      "properties": {
        "amenity": "school",
        "fixme": "Please confirm.",
        "source": "Bing",
        "osm_id": 256487222
      }
    },
    {
      "type": "Feature",
      "geometry": {
        "type": "Point",
        "coordinates": [
          31.7443385,
          9.660241
        ]
      },
      "properties": {
        "amenity": "school",
        "building": "yes",
        "name": "Wau Shilluk School",
        "osm_id": 259697900
      }
    },
    {
      "type": "Feature",
      "geometry": {
        "type": "Point",
        "coordinates": [
          31.7442355,
          9.6605157
        ]
      },
      "properties": {
        "amenity": "school",
        "building": "yes",
        "osm_id": 259697902
      }
    },
    {
      "type": "Feature",
      "geometry": {
        "type": "Point",
        "coordinates": [
          31.5680383,
          4.8593653
        ]
      },
      "properties": {
        "amenity": "school",
        "fixme": "please check, if school or other public building",
        "name": "Chinese Friendship Secondary School",
        "osm_id": 265459710
      }
    },
    {
      "type": "Feature",
      "geometry": {
        "type": "Point",
        "coordinates": [
          32.2567775,
          10.4216179
        ]
      },
      "properties": {
        "amenity": "school",
        "building": "yes",
        "osm_id": 278181859
      }
    },
    {
      "type": "Feature",
      "geometry": {
        "type": "Point",
        "coordinates": [
          32.2568096,
          10.4220862
        ]
      },
      "properties": {
        "amenity": "school",
        "building": "yes",
        "name": "UNICEF School",
        "operator": "UNICEF",
        "osm_id": 278181860
      }
    },
    {
      "type": "Feature",
      "geometry": {
        "type": "Point",
        "coordinates": [
          32.2490982,
          10.4311655
        ]
      },
      "properties": {
        "amenity": "school",
        "building": "yes",
        "name": "UNICEF School",
        "osm_id": 279713933
      }
    },
    {
      "type": "Feature",
      "geometry": {
        "type": "Point",
        "coordinates": [
          31.6105849,
          4.8748005
        ]
      },
      "properties": {
        "amenity": "school",
        "name": "Redeemer Day School",
        "osm_id": 293831866
      }
    },
    {
      "type": "Feature",
      "geometry": {
        "type": "Point",
        "coordinates": [
          30.1313823,
          8.2986816
        ]
      },
      "properties": {
        "abandoned:building": "yes",
        "amenity": "school",
        "building": "yes",
        "name": "Emma Secondary School",
        "osm_id": 299675197
      }
    },
    {
      "type": "Feature",
      "geometry": {
        "type": "Point",
        "coordinates": [
          30.1331069,
          8.3090768
        ]
      },
      "properties": {
        "abandoned:building": "yes",
        "addr:city": "Leer",
        "amenity": "school",
        "building": "yes",
        "name": "Mary John Primary School",
        "operator": "Ministry of Education",
        "osm_id": 299791872
      }
    },
    {
      "type": "Feature",
      "geometry": {
        "type": "Point",
        "coordinates": [
          30.133369,
          8.309038
        ]
      },
      "properties": {
        "abandoned:building": "yes",
        "addr:city": "Leer",
        "amenity": "school",
        "building": "yes",
        "name": "Mary John Primary School",
        "operator": "Ministry of Education",
        "osm_id": 299791873
      }
    },
    {
      "type": "Feature",
      "geometry": {
        "type": "Point",
        "coordinates": [
          30.0384018,
          8.3130556
        ]
      },
      "properties": {
        "amenity": "school",
        "name": "Dengluoth Primary School",
        "osm_id": 300521223
      }
    },
    {
      "type": "Feature",
      "geometry": {
        "type": "Point",
        "coordinates": [
          30.0385305,
          8.3129539
        ]
      },
      "properties": {
        "amenity": "school",
        "name": "Dengluoth Primary School",
        "osm_id": 300521224
      }
    },
    {
      "type": "Feature",
      "geometry": {
        "type": "Point",
        "coordinates": [
          30.0384412,
          8.3129309
        ]
      },
      "properties": {
        "amenity": "school",
        "name": "Dengluoth Primary School",
        "osm_id": 300521225
      }
    },
    {
      "type": "Feature",
      "geometry": {
        "type": "Point",
        "coordinates": [
          30.0358027,
          8.3869942
        ]
      },
      "properties": {
        "amenity": "school",
        "name": "Jaguar Primary School",
        "osm_id": 300521230
      }
    },
    {
      "type": "Feature",
      "geometry": {
        "type": "Point",
        "coordinates": [
          30.0734385,
          8.4431776
        ]
      },
      "properties": {
        "amenity": "school",
        "name": "Kuok Primary School",
        "osm_id": 300521234
      }
    },
    {
      "type": "Feature",
      "geometry": {
        "type": "Point",
        "coordinates": [
          30.0732534,
          8.4433518
        ]
      },
      "properties": {
        "amenity": "school",
        "name": "Kuok Primary School",
        "osm_id": 300521235
      }
    },
    {
      "type": "Feature",
      "geometry": {
        "type": "Point",
        "coordinates": [
          30.0731373,
          8.4431229
        ]
      },
      "properties": {
        "amenity": "school",
        "name": "Kuok Primary School",
        "osm_id": 300521236
      }
    },
    {
      "type": "Feature",
      "geometry": {
        "type": "Point",
        "coordinates": [
          30.1386593,
          8.3068668
        ]
      },
      "properties": {
        "amenity": "school",
        "name": "Comboni Mission School",
        "osm_id": 300922329
      }
    },
    {
      "type": "Feature",
      "geometry": {
        "type": "Point",
        "coordinates": [
          30.687247,
          4.0939865
        ]
      },
      "properties": {
        "amenity": "school",
        "name": "EPC Nehemiah Primary School",
        "osm_id": 307435434
      }
    },
    {
      "type": "Feature",
      "geometry": {
        "type": "Point",
        "coordinates": [
          30.134185,
          8.330128
        ]
      },
      "properties": {
        "amenity": "school",
        "osm_id": 311687249
      }
    },
    {
      "type": "Feature",
      "geometry": {
        "type": "Point",
        "coordinates": [
          30.1035277,
          8.4666648
        ]
      },
      "properties": {
        "amenity": "school",
        "name": "Mir Mir Primary School",
        "osm_id": 311825337
      }
    },
    {
      "type": "Feature",
      "geometry": {
        "type": "Point",
        "coordinates": [
          30.077644,
          8.3936026
        ]
      },
      "properties": {
        "amenity": "school",
        "name": "Rupkuai Primary School",
        "osm_id": 313767448
      }
    },
    {
      "type": "Feature",
      "geometry": {
        "type": "Point",
        "coordinates": [
          29.7564839,
          6.7891308
        ]
      },
      "properties": {
        "amenity": "school",
        "building": "yes",
        "osm_id": 318601030
      }
    },
    {
      "type": "Feature",
      "geometry": {
        "type": "Point",
        "coordinates": [
          29.6697246,
          6.8104744
        ]
      },
      "properties": {
        "addr:city": "Rumbek",
        "addr:street": "Rumbek-Tonj Road",
        "amenity": "school",
        "building": "yes",
        "name": "Ageer Gum Primary School",
        "osm_id": 319377839
      }
    },
    {
      "type": "Feature",
      "geometry": {
        "type": "Point",
        "coordinates": [
          31.6042141,
          4.8468089
        ]
      },
      "properties": {
        "amenity": "school",
        "building": "yes",
        "name": "Usratuna Basic Church School",
        "source": "USAID http://www.southsudanmaps.org/",
        "osm_id": 320073969
      }
    },
    {
      "type": "Feature",
      "geometry": {
        "type": "Point",
        "coordinates": [
          31.6090985,
          4.8367936
        ]
      },
      "properties": {
        "amenity": "school",
        "name": "May Basic School",
        "osm_id": 320128902
      }
    },
    {
      "type": "Feature",
      "geometry": {
        "type": "Point",
        "coordinates": [
          31.602589,
          4.8368305
        ]
      },
      "properties": {
        "amenity": "school",
        "name": "Malakia Basic School",
        "osm_id": 320136045
      }
    },
    {
      "type": "Feature",
      "geometry": {
        "type": "Point",
        "coordinates": [
          31.6059914,
          4.8509912
        ]
      },
      "properties": {
        "addr:city": "Juba",
        "amenity": "school",
        "barrier": "wall",
        "name": "Juba Girls Secondary School Complex",
        "operator": "Central Equatoria State Ministry of Education Science and Technology",
        "operator:type": "government",
        "osm_id": 320306890
      }
    },
    {
      "type": "Feature",
      "geometry": {
        "type": "Point",
        "coordinates": [
          31.5677484,
          4.8708806
        ]
      },
      "properties": {
        "amenity": "school",
        "name": "Libya Basic School",
        "name:ar": "\u0645\u062f\u0631\u0633\u0629 \u0644\u064a\u0628\u064a\u0627 \u0627\u0644\u0623\u0633\u0627\u0633\u064a\u0629",
        "source": "USAID http://www.southsudanmaps.org/",
        "osm_id": 320317509
      }
    },
    {
      "type": "Feature",
      "geometry": {
        "type": "Point",
        "coordinates": [
          31.588788,
          4.8477029
        ]
      },
      "properties": {
        "amenity": "school",
        "name": "JCC Kindergarden and Basic School",
        "osm_id": 320444442
      }
    },
    {
      "type": "Feature",
      "geometry": {
        "type": "Point",
        "coordinates": [
          31.5962081,
          4.8470846
        ]
      },
      "properties": {
        "amenity": "school",
        "name": "Bulluk West Basic School",
        "osm_id": 320445865
      }
    },
    {
      "type": "Feature",
      "geometry": {
        "type": "Point",
        "coordinates": [
          31.5937585,
          4.8469745
        ]
      },
      "properties": {
        "amenity": "school",
        "barrier": "wall",
        "name": "Bulluk West Basic School",
        "osm_id": 320445867
      }
    },
    {
      "type": "Feature",
      "geometry": {
        "type": "Point",
        "coordinates": [
          31.587395,
          4.8383686
        ]
      },
      "properties": {
        "amenity": "school",
        "name": "Atlabara West Basic School",
        "osm_id": 320454772
      }
    },
    {
      "type": "Feature",
      "geometry": {
        "type": "Point",
        "coordinates": [
          31.5967532,
          4.8328788
        ]
      },
      "properties": {
        "amenity": "school",
        "osm_id": 320456986
      }
    },
    {
      "type": "Feature",
      "geometry": {
        "type": "Point",
        "coordinates": [
          31.602084,
          4.826672
        ]
      },
      "properties": {
        "amenity": "school",
        "name": "Saint Teresa Kindergarten",
        "osm_id": 320464131
      }
    },
    {
      "type": "Feature",
      "geometry": {
        "type": "Point",
        "coordinates": [
          31.6027942,
          4.8268182
        ]
      },
      "properties": {
        "amenity": "school",
        "barrier": "wall",
        "boundary": "visible",
        "name": "Soketha Basic School",
        "osm_id": 320464132
      }
    },
    {
      "type": "Feature",
      "geometry": {
        "type": "Point",
        "coordinates": [
          31.6008486,
          4.8260507
        ]
      },
      "properties": {
        "amenity": "school",
        "name": "St. Daniel Comboni Secondary School",
        "osm_id": 320464552
      }
    },
    {
      "type": "Feature",
      "geometry": {
        "type": "Point",
        "coordinates": [
          31.6091775,
          4.846346
        ]
      },
      "properties": {
        "amenity": "school",
        "name": "Juba One Primary School (Boys & Girls)",
        "osm_id": 320467304
      }
    },
    {
      "type": "Feature",
      "geometry": {
        "type": "Point",
        "coordinates": [
          31.6099308,
          4.848621
        ]
      },
      "properties": {
        "amenity": "school",
        "name": "St. Joseph Basic School",
        "osm_id": 320467650
      }
    },
    {
      "type": "Feature",
      "geometry": {
        "type": "Point",
        "coordinates": [
          31.6461996,
          4.7922989
        ]
      },
      "properties": {
        "amenity": "school",
        "surface": "unpaved",
        "osm_id": 321903942
      }
    },
    {
      "type": "Feature",
      "geometry": {
        "type": "Point",
        "coordinates": [
          31.5989083,
          4.8469822
        ]
      },
      "properties": {
        "amenity": "school",
        "barrier": "wall",
        "osm_id": 322389191
      }
    },
    {
      "type": "Feature",
      "geometry": {
        "type": "Point",
        "coordinates": [
          33.1873363,
          8.4568614
        ]
      },
      "properties": {
        "amenity": "school",
        "building": "yes",
        "name": "Jikmir Stephen Duol Primary School",
        "osm_id": 336230780
      }
    },
    {
      "type": "Feature",
      "geometry": {
        "type": "Point",
        "coordinates": [
          30.1319161,
          8.2988437
        ]
      },
      "properties": {
        "abandoned:building": "yes",
        "amenity": "school",
        "building": "yes",
        "name": "Emma Secondary School",
        "osm_id": 345279494
      }
    },
    {
      "type": "Feature",
      "geometry": {
        "type": "Point",
        "coordinates": [
          28.8770929,
          9.0153524
        ]
      },
      "properties": {
        "amenity": "school",
        "osm_id": 354694666
      }
    },
    {
      "type": "Feature",
      "geometry": {
        "type": "Point",
        "coordinates": [
          27.3715588,
          8.9050787
        ]
      },
      "properties": {
        "amenity": "school",
        "osm_id": 459633909
      }
    },
    {
      "type": "Feature",
      "geometry": {
        "type": "Point",
        "coordinates": [
          27.3604933,
          8.9170387
        ]
      },
      "properties": {
        "amenity": "school",
        "building": "yes",
        "osm_id": 463295322
      }
    },
    {
      "type": "Feature",
      "geometry": {
        "type": "Point",
        "coordinates": [
          26.984638,
          9.1513212
        ]
      },
      "properties": {
        "amenity": "school",
        "name": "St. Daniel Comboni School",
        "osm_id": 464444280
      }
    },
    {
      "type": "Feature",
      "geometry": {
        "type": "Point",
        "coordinates": [
          27.5893386,
          8.5951872
        ]
      },
      "properties": {
        "amenity": "school",
        "name": "Dokul Primary School",
        "osm_id": 469144876
      }
    },
    {
      "type": "Feature",
      "geometry": {
        "type": "Point",
        "coordinates": [
          27.3236129,
          9.0036775
        ]
      },
      "properties": {
        "amenity": "school",
        "osm_id": 483730697
      }
    },
    {
      "type": "Feature",
      "geometry": {
        "type": "Point",
        "coordinates": [
          27.0654393,
          9.2448609
        ]
      },
      "properties": {
        "amenity": "school",
        "osm_id": 485899496
      }
    },
    {
      "type": "Feature",
      "geometry": {
        "type": "Point",
        "coordinates": [
          26.9589905,
          9.1993886
        ]
      },
      "properties": {
        "amenity": "school",
        "osm_id": 486402873
      }
    },
    {
      "type": "Feature",
      "geometry": {
        "type": "Point",
        "coordinates": [
          26.9051836,
          9.1619761
        ]
      },
      "properties": {
        "amenity": "school",
        "osm_id": 488941512
      }
    },
    {
      "type": "Feature",
      "geometry": {
        "type": "Point",
        "coordinates": [
          31.7192071,
          3.8006906
        ]
      },
      "properties": {
        "amenity": "school",
        "name": "Limi Primary School",
        "osm_id": 547490512
      }
    },
    {
      "type": "Feature",
      "geometry": {
        "type": "Point",
        "coordinates": [
          30.6749831,
          4.0994816
        ]
      },
      "properties": {
        "addr:city": "yei",
        "addr:street": "Hyjamia Street",
        "amenity": "school",
        "name": "Shalon Nursery and Primary School",
        "operator": "church school",
        "operator:type": "religious",
        "osm_id": 554307383
      }
    },
    {
      "type": "Feature",
      "geometry": {
        "type": "Point",
        "coordinates": [
          28.4362091,
          9.6014007
        ]
      },
      "properties": {
        "amenity": "school",
        "barrier": "wall",
        "osm_id": 604485338
      }
    },
    {
      "type": "Feature",
      "geometry": {
        "type": "Point",
        "coordinates": [
          30.5992399,
          4.1299169
        ]
      },
      "properties": {
        "amenity": "school",
        "building": "yes",
        "name": "Logo 2 Primary School",
        "osm_id": 680354954
      }
    },
    {
      "type": "Feature",
      "geometry": {
        "type": "Point",
        "coordinates": [
          35.1313125,
          5.515941
        ]
      },
      "properties": {
        "amenity": "school",
        "name": "School Lotimor",
        "osm_id": 686878998
      }
    },
    {
      "type": "Feature",
      "geometry": {
        "type": "Point",
        "coordinates": [
          31.6703331,
          6.0086083
        ]
      },
      "properties": {
        "amenity": "school",
        "name": "ABC",
        "opening_hours": "sdff",
        "operator": "adf",
        "osm_id": 713090252
      }
    },
    {
      "type": "Feature",
      "geometry": {
        "type": "Point",
        "coordinates": [
          33.0794142,
          4.2376014
        ]
      },
      "properties": {
        "amenity": "school",
        "name": "St Augustine Secondary School",
        "osm_id": 769772400
      }
    },
    {
      "type": "Feature",
      "geometry": {
        "type": "Point",
        "coordinates": [
          33.0798822,
          4.2366167
        ]
      },
      "properties": {
        "amenity": "school",
        "name": "St Augustine Secondary School",
        "osm_id": 769772401
      }
    },
    {
      "type": "Feature",
      "geometry": {
        "type": "Point",
        "coordinates": [
          33.0796983,
          4.2366189
        ]
      },
      "properties": {
        "amenity": "school",
        "name": "St Augustine Secondary School",
        "osm_id": 769772402
      }
    },
    {
      "type": "Feature",
      "geometry": {
        "type": "Point",
        "coordinates": [
          33.0802841,
          4.2373418
        ]
      },
      "properties": {
        "amenity": "school",
        "name": "St Augustine Secondary School",
        "osm_id": 769772403
      }
    },
    {
      "type": "Feature",
      "geometry": {
        "type": "Point",
        "coordinates": [
          33.0797395,
          4.2376814
        ]
      },
      "properties": {
        "amenity": "school",
        "name": "St Augustine Secondary School",
        "osm_id": 769772404
      }
    },
    {
      "type": "Feature",
      "geometry": {
        "type": "Point",
        "coordinates": [
          33.0800553,
          4.2376716
        ]
      },
      "properties": {
        "amenity": "school",
        "name": "St Augustine Secondary School",
        "osm_id": 769772405
      }
    },
    {
      "type": "Feature",
      "geometry": {
        "type": "Point",
        "coordinates": [
          33.0755277,
          4.2381989
        ]
      },
      "properties": {
        "amenity": "school",
        "name": "St Kizito Primary School",
        "osm_id": 769772418
      }
    },
    {
      "type": "Feature",
      "geometry": {
        "type": "Point",
        "coordinates": [
          33.0751731,
          4.2380661
        ]
      },
      "properties": {
        "amenity": "school",
        "name": "St Kizito Primary School",
        "osm_id": 769772421
      }
    },
    {
      "type": "Feature",
      "geometry": {
        "type": "Point",
        "coordinates": [
          33.0751615,
          4.2379311
        ]
      },
      "properties": {
        "amenity": "school",
        "name": "St Kizito Primary School",
        "osm_id": 769772422
      }
    },
    {
      "type": "Feature",
      "geometry": {
        "type": "Point",
        "coordinates": [
          33.075147,
          4.2377779
        ]
      },
      "properties": {
        "amenity": "school",
        "name": "St Kizito Primary School",
        "osm_id": 769772423
      }
    },
    {
      "type": "Feature",
      "geometry": {
        "type": "Point",
        "coordinates": [
          33.0751356,
          4.2376396
        ]
      },
      "properties": {
        "amenity": "school",
        "name": "St Kizito Primary School",
        "osm_id": 769772424
      }
    },
    {
      "type": "Feature",
      "geometry": {
        "type": "Point",
        "coordinates": [
          33.0751281,
          4.2375023
        ]
      },
      "properties": {
        "amenity": "school",
        "name": "St Kizito Primary School",
        "osm_id": 769772425
      }
    },
    {
      "type": "Feature",
      "geometry": {
        "type": "Point",
        "coordinates": [
          33.0751337,
          4.2373663
        ]
      },
      "properties": {
        "amenity": "school",
        "name": "St Kizito Primary School",
        "osm_id": 769772426
      }
    },
    {
      "type": "Feature",
      "geometry": {
        "type": "Point",
        "coordinates": [
          33.0753274,
          4.2370751
        ]
      },
      "properties": {
        "amenity": "school",
        "name": "St Kizito Primary School",
        "osm_id": 769772427
      }
    },
    {
      "type": "Feature",
      "geometry": {
        "type": "Point",
        "coordinates": [
          33.0753782,
          4.2373539
        ]
      },
      "properties": {
        "amenity": "school",
        "name": "St Kizito Primary School",
        "osm_id": 769772428
      }
    },
    {
      "type": "Feature",
      "geometry": {
        "type": "Point",
        "coordinates": [
          33.0793343,
          4.2373407
        ]
      },
      "properties": {
        "amenity": "school",
        "name": "St Augustine Secondary School",
        "osm_id": 769772437
      }
    },
    {
      "type": "Feature",
      "geometry": {
        "type": "Point",
        "coordinates": [
          33.079521,
          4.2365976
        ]
      },
      "properties": {
        "amenity": "school",
        "name": "St Augustine Secondary School",
        "osm_id": 769772439
      }
    },
    {
      "type": "Feature",
      "geometry": {
        "type": "Point",
        "coordinates": [
          33.0793295,
          4.2365984
        ]
      },
      "properties": {
        "amenity": "school",
        "name": "St Augustine Secondary School",
        "osm_id": 769772440
      }
    },
    {
      "type": "Feature",
      "geometry": {
        "type": "Point",
        "coordinates": [
          33.7396165,
          4.1179228
        ]
      },
      "properties": {
        "amenity": "school",
        "name": "Lorege Primary School",
        "osm_id": 819253456
      }
    },
    {
      "type": "Feature",
      "geometry": {
        "type": "Point",
        "coordinates": [
          31.5708928,
          4.8867663
        ]
      },
      "properties": {
        "amenity": "school",
        "osm_id": 822139295
      }
    },
    {
      "type": "Feature",
      "geometry": {
        "type": "Point",
        "coordinates": [
          30.6865336,
          4.0904419
        ]
      },
      "properties": {
        "amenity": "school",
        "name": "Christ the King School",
        "operator": "church",
        "operator:type": "religious",
        "osm_id": 823940906
      }
    },
    {
      "type": "Feature",
      "geometry": {
        "type": "Point",
        "coordinates": [
          33.7621697,
          4.0848777
        ]
      },
      "properties": {
        "amenity": "school",
        "osm_id": 899293946
      }
    },
    {
      "type": "Feature",
      "geometry": {
        "type": "Point",
        "coordinates": [
          33.5681615,
          4.2702267
        ]
      },
      "properties": {
        "amenity": "school",
        "osm_id": 900178629
      }
    },
    {
      "type": "Feature",
      "geometry": {
        "type": "Point",
        "coordinates": [
          28.4211158,
          4.5692221
        ]
      },
      "properties": {
        "amenity": "school",
        "name": "Yambio Secondary School",
        "osm_id": 937106258
      }
    },
    {
      "type": "Feature",
      "geometry": {
        "type": "Point",
        "coordinates": [
          27.4415302,
          5.1769009
        ]
      },
      "properties": {
        "amenity": "school",
        "building": "yes",
        "osm_id": 954308617
      }
    },
    {
      "type": "Feature",
      "geometry": {
        "type": "Point",
        "coordinates": [
          30.6657389,
          4.0885679
        ]
      },
      "properties": {
        "amenity": "school",
        "name": "kinji pramiry school",
        "osm_id": 968708875
      }
    },
    {
      "type": "Feature",
      "geometry": {
        "type": "Point",
        "coordinates": [
          30.6749716,
          4.0971479
        ]
      },
      "properties": {
        "addr:city": "Yei",
        "addr:street": "Hyjamia Street",
        "amenity": "school",
        "name": "Yei Demonstration Primary School",
        "operator": "community",
        "operator:type": "community",
        "osm_id": 968785805
      }
    },
    {
      "type": "Feature",
      "geometry": {
        "type": "Point",
        "coordinates": [
          30.6757785,
          4.0970846
        ]
      },
      "properties": {
        "addr:city": "Yei",
        "addr:street": "jamia Street",
        "amenity": "school",
        "name": "Kanjoro Primary School",
        "operator": "government",
        "operator:type": "government",
        "osm_id": 968799531
      }
    },
    {
      "type": "Feature",
      "geometry": {
        "type": "Point",
        "coordinates": [
          30.6791685,
          4.090687
        ]
      },
      "properties": {
        "addr:city": "Yei",
        "addr:street": "Juba Road",
        "amenity": "school",
        "name": "Jigomoni Primary School",
        "operator": "government",
        "operator:type": "government",
        "osm_id": 968801446
      }
    },
    {
      "type": "Feature",
      "geometry": {
        "type": "Point",
        "coordinates": [
          30.6662521,
          4.0934552
        ]
      },
      "properties": {
        "amenity": "school",
        "name": "Immanuel Secondary School and Voicational School",
        "operator": "community",
        "osm_id": 968804482
      }
    },
    {
      "type": "Feature",
      "geometry": {
        "type": "Point",
        "coordinates": [
          30.6862354,
          4.0983845
        ]
      },
      "properties": {
        "amenity": "school",
        "name": "Lizira Primary School",
        "osm_id": 968823600
      }
    },
    {
      "type": "Feature",
      "geometry": {
        "type": "Point",
        "coordinates": [
          30.6836892,
          4.0859395
        ]
      },
      "properties": {
        "amenity": "school",
        "name": "seventh day adventist primary school",
        "operator": "church",
        "operator:type": "religious",
        "osm_id": 968849104
      }
    },
    {
      "type": "Feature",
      "geometry": {
        "type": "Point",
        "coordinates": [
          30.6669056,
          4.0892851
        ]
      },
      "properties": {
        "amenity": "school",
        "denomination": "evangelical",
        "name": "New Generation Primary School",
        "osm_id": 969459752
      }
    },
    {
      "type": "Feature",
      "geometry": {
        "type": "Point",
        "coordinates": [
          31.6587816,
          9.5258763
        ]
      },
      "properties": {
        "amenity": "school",
        "name": "EC Sudan Secondary School",
        "osm_id": 970975639
      }
    },
    {
      "type": "Feature",
      "geometry": {
        "type": "Point",
        "coordinates": [
          27.9817429,
          7.6786777
        ]
      },
      "properties": {
        "amenity": "school",
        "name": "Hai Kosti Basic Boys School",
        "osm_id": 971214430
      }
    },
    {
      "type": "Feature",
      "geometry": {
        "type": "Point",
        "coordinates": [
          28.0040773,
          7.6791551
        ]
      },
      "properties": {
        "amenity": "school",
        "name": "Holy Family Primary School",
        "osm_id": 971234384
      }
    },
    {
      "type": "Feature",
      "geometry": {
        "type": "Point",
        "coordinates": [
          27.9862742,
          7.6739445
        ]
      },
      "properties": {
        "addr:city": "Wau",
        "amenity": "school",
        "name": "Kosti Girls Primary School",
        "osm_id": 971237279
      }
    },
    {
      "type": "Feature",
      "geometry": {
        "type": "Point",
        "coordinates": [
          32.5802358,
          4.4052422
        ]
      },
      "properties": {
        "addr:city": "Torit",
        "amenity": "school",
        "name": "Torit East Secondary School",
        "osm_id": 972307274
      }
    },
    {
      "type": "Feature",
      "geometry": {
        "type": "Point",
        "coordinates": [
          32.5841293,
          4.3963335
        ]
      },
      "properties": {
        "amenity": "school",
        "name": "St Theresa Nursery and Primary School",
        "osm_id": 972307276
      }
    },
    {
      "type": "Feature",
      "geometry": {
        "type": "Point",
        "coordinates": [
          28.4015246,
          4.5687151
        ]
      },
      "properties": {
        "addr:city": "Yambio",
        "amenity": "school",
        "name": "Nabima Primary School",
        "osm_id": 972385449
      }
    },
    {
      "type": "Feature",
      "geometry": {
        "type": "Point",
        "coordinates": [
          30.6716276,
          4.1029292
        ]
      },
      "properties": {
        "amenity": "school",
        "building": "yes",
        "name": "peace primary school",
        "osm_id": 972475506
      }
    },
    {
      "type": "Feature",
      "geometry": {
        "type": "Point",
        "coordinates": [
          30.6714579,
          4.1028565
        ]
      },
      "properties": {
        "amenity": "school",
        "name": "peace primary school",
        "osm_id": 972475507
      }
    },
    {
      "type": "Feature",
      "geometry": {
        "type": "Point",
        "coordinates": [
          30.6715793,
          4.1028803
        ]
      },
      "properties": {
        "amenity": "school",
        "osm_id": 972475508
      }
    },
    {
      "type": "Feature",
      "geometry": {
        "type": "Point",
        "coordinates": [
          28.3914666,
          4.5736697
        ]
      },
      "properties": {
        "addr:city": "Yambio",
        "addr:street": "Wellington Street",
        "amenity": "school",
        "name": "St. Mary Primary School",
        "osm_id": 972625882
      }
    },
    {
      "type": "Feature",
      "geometry": {
        "type": "Point",
        "coordinates": [
          28.393822,
          4.5721634
        ]
      },
      "properties": {
        "addr:city": "Yambio",
        "addr:street": "Wellington Street",
        "amenity": "school",
        "name": "Yabongo Girls School",
        "osm_id": 972625884
      }
    },
    {
      "type": "Feature",
      "geometry": {
        "type": "Point",
        "coordinates": [
          28.3835314,
          4.5700049
        ]
      },
      "properties": {
        "addr:city": "Yambio",
        "amenity": "school",
        "name": "Joseph Gasi Secondary School",
        "osm_id": 972636936
      }
    },
    {
      "type": "Feature",
      "geometry": {
        "type": "Point",
        "coordinates": [
          28.3852459,
          4.5775486
        ]
      },
      "properties": {
        "addr:city": "Yambio",
        "amenity": "school",
        "name": "Masiya Nursery & Primary School",
        "osm_id": 972636940
      }
    },
    {
      "type": "Feature",
      "geometry": {
        "type": "Point",
        "coordinates": [
          28.3952219,
          4.5647009
        ]
      },
      "properties": {
        "addr:city": "Yambio",
        "amenity": "school",
        "name": "Nakpangau Primary School",
        "osm_id": 972642788
      }
    },
    {
      "type": "Feature",
      "geometry": {
        "type": "Point",
        "coordinates": [
          31.5895527,
          6.1744834
        ]
      },
      "properties": {
        "amenity": "school",
        "osm_id": 972903362
      }
    },
    {
      "type": "Feature",
      "geometry": {
        "type": "Point",
        "coordinates": [
          31.5574989,
          6.2053986
        ]
      },
      "properties": {
        "addr:city": "Bor",
        "amenity": "school",
        "name": "Malek Senior Secondary School",
        "osm_id": 972945964
      }
    },
    {
      "type": "Feature",
      "geometry": {
        "type": "Point",
        "coordinates": [
          31.5540061,
          6.2082551
        ]
      },
      "properties": {
        "addr:city": "Bor",
        "amenity": "school",
        "name": "Bor A Primary School",
        "osm_id": 972946307
      }
    },
    {
      "type": "Feature",
      "geometry": {
        "type": "Point",
        "coordinates": [
          31.5528745,
          6.2090532
        ]
      },
      "properties": {
        "addr:city": "Bor",
        "amenity": "school",
        "name": "Bor B Primary School",
        "osm_id": 972946308
      }
    },
    {
      "type": "Feature",
      "geometry": {
        "type": "Point",
        "coordinates": [
          31.5571008,
          6.2165226
        ]
      },
      "properties": {
        "addr:city": "Bor",
        "amenity": "school",
        "name": "Royal Junior Primary School",
        "osm_id": 973290926
      }
    },
    {
      "type": "Feature",
      "geometry": {
        "type": "Point",
        "coordinates": [
          29.980826,
          9.9169167
        ]
      },
      "properties": {
        "addr:city": "Pariang",
        "amenity": "school",
        "name": "Panrieng Primary School A",
        "osm_id": 973555128
      }
    },
    {
      "type": "Feature",
      "geometry": {
        "type": "Point",
        "coordinates": [
          29.9806807,
          9.9127602
        ]
      },
      "properties": {
        "addr:city": "Pariang",
        "addr:street": "Beniu-Pariang Road",
        "amenity": "school",
        "name": "Panrieng Secondary School",
        "osm_id": 973555129
      }
    },
    {
      "type": "Feature",
      "geometry": {
        "type": "Point",
        "coordinates": [
          29.9774769,
          9.9234534
        ]
      },
      "properties": {
        "addr:city": "Pariang",
        "addr:street": "Pariang-Yida Road",
        "amenity": "school",
        "name": "Dr. John Garang Primary School",
        "osm_id": 973555130
      }
    },
    {
      "type": "Feature",
      "geometry": {
        "type": "Point",
        "coordinates": [
          29.976598,
          9.9302968
        ]
      },
      "properties": {
        "addr:city": "Pariang",
        "addr:street": "Pariang-Yida Road",
        "amenity": "school",
        "name": "Gumriak Primary School",
        "osm_id": 973555131
      }
    },
    {
      "type": "Feature",
      "geometry": {
        "type": "Point",
        "coordinates": [
          29.6770232,
          6.8239382
        ]
      },
      "properties": {
        "addr:city": "Rumbek",
        "amenity": "school",
        "name": "Deng-nhial Primary School",
        "osm_id": 973584196
      }
    },
    {
      "type": "Feature",
      "geometry": {
        "type": "Point",
        "coordinates": [
          29.6944881,
          6.816179
        ]
      },
      "properties": {
        "addr:city": "Rumbek",
        "amenity": "school",
        "name": "E.C.S Primary School",
        "osm_id": 973584197
      }
    },
    {
      "type": "Feature",
      "geometry": {
        "type": "Point",
        "coordinates": [
          30.6683221,
          4.0962328
        ]
      },
      "properties": {
        "amenity": "school",
        "name": "Immanuel Primary School",
        "osm_id": 973624246
      }
    },
    {
      "type": "Feature",
      "geometry": {
        "type": "Point",
        "coordinates": [
          30.511971,
          6.5689595
        ]
      },
      "properties": {
        "addr:city": "Yirol",
        "addr:street": "Yirol-Shambe Road",
        "amenity": "school",
        "name": "Panekar Secondary School",
        "osm_id": 973778527
      }
    },
    {
      "type": "Feature",
      "geometry": {
        "type": "Point",
        "coordinates": [
          30.5105528,
          6.5521452
        ]
      },
      "properties": {
        "addr:city": "Yirol",
        "addr:street": "Minkamman-Yirol Road",
        "amenity": "school",
        "name": "St. Daniel Comboni Primary School",
        "osm_id": 973778528
      }
    },
    {
      "type": "Feature",
      "geometry": {
        "type": "Point",
        "coordinates": [
          30.4965994,
          6.5479228
        ]
      },
      "properties": {
        "addr:city": "Yirol",
        "addr:street": "Akot-Yirol Road",
        "amenity": "school",
        "name": "Holy Cross Primary School",
        "osm_id": 973778529
      }
    },
    {
      "type": "Feature",
      "geometry": {
        "type": "Point",
        "coordinates": [
          28.6769759,
          7.278867
        ]
      },
      "properties": {
        "addr:city": "Tonj",
        "amenity": "school",
        "name": "Don Bosco High Secondary School",
        "osm_id": 973864963
      }
    },
    {
      "type": "Feature",
      "geometry": {
        "type": "Point",
        "coordinates": [
          28.6710237,
          7.272456
        ]
      },
      "properties": {
        "addr:city": "Tonj",
        "amenity": "school",
        "name": "Royal Progressive Academy",
        "osm_id": 973864964
      }
    },
    {
      "type": "Feature",
      "geometry": {
        "type": "Point",
        "coordinates": [
          28.655861,
          7.2646366
        ]
      },
      "properties": {
        "addr:city": "Tonj",
        "amenity": "school",
        "name": "St. Bakhita Primary School",
        "osm_id": 973864965
      }
    },
    {
      "type": "Feature",
      "geometry": {
        "type": "Point",
        "coordinates": [
          28.6779123,
          7.2759715
        ]
      },
      "properties": {
        "addr:city": "Tonj",
        "amenity": "school",
        "name": "Don Bosco Mission Tonj",
        "osm_id": 973864967
      }
    },
    {
      "type": "Feature",
      "geometry": {
        "type": "Point",
        "coordinates": [
          28.671428,
          7.2712445
        ]
      },
      "properties": {
        "amenity": "school",
        "osm_id": 973866030
      }
    },
    {
      "type": "Feature",
      "geometry": {
        "type": "Point",
        "coordinates": [
          28.6753737,
          7.278779
        ]
      },
      "properties": {
        "addr:city": "Tonj",
        "amenity": "school",
        "name": "Don Bosco Primary School",
        "osm_id": 973866983
      }
    },
    {
      "type": "Feature",
      "geometry": {
        "type": "Point",
        "coordinates": [
          32.06332,
          3.5968576
        ]
      },
      "properties": {
        "addr:city": "Nimule",
        "amenity": "school",
        "name": "Star of Hope Nursery and Primary School",
        "osm_id": 974072063
      }
    },
    {
      "type": "Feature",
      "geometry": {
        "type": "Point",
        "coordinates": [
          32.0654454,
          3.5909451
        ]
      },
      "properties": {
        "addr:city": "Nimule",
        "addr:street": "Nimule-Gulu Road",
        "amenity": "school",
        "name": "Nimule Modern Secondary School",
        "osm_id": 974072064
      }
    },
    {
      "type": "Feature",
      "geometry": {
        "type": "Point",
        "coordinates": [
          32.068394,
          3.5880001
        ]
      },
      "properties": {
        "addr:city": "Nimula",
        "amenity": "school",
        "name": "Fulla Secondary School",
        "osm_id": 974072066
      }
    },
    {
      "type": "Feature",
      "geometry": {
        "type": "Point",
        "coordinates": [
          32.0688166,
          3.5871355
        ]
      },
      "properties": {
        "addr:city": "Nimula",
        "amenity": "school",
        "name": "Motoyo Primary School",
        "osm_id": 974072067
      }
    },
    {
      "type": "Feature",
      "geometry": {
        "type": "Point",
        "coordinates": [
          32.0698071,
          3.5880275
        ]
      },
      "properties": {
        "addr:city": "Nimula",
        "amenity": "school",
        "name": "St. Bakhita Primary School",
        "osm_id": 974072068
      }
    },
    {
      "type": "Feature",
      "geometry": {
        "type": "Point",
        "coordinates": [
          32.0734116,
          3.5788275
        ]
      },
      "properties": {
        "addr:city": "Nimule",
        "amenity": "school",
        "name": "Hai Kanisa Primary School",
        "osm_id": 974072071
      }
    },
    {
      "type": "Feature",
      "geometry": {
        "type": "Point",
        "coordinates": [
          32.0752243,
          3.5702255
        ]
      },
      "properties": {
        "addr:city": "Nimule",
        "amenity": "school",
        "name": "Festo Memorial Kindergarten and Primary School",
        "osm_id": 974073698
      }
    },
    {
      "type": "Feature",
      "geometry": {
        "type": "Point",
        "coordinates": [
          32.0798327,
          3.5692343
        ]
      },
      "properties": {
        "addr:city": "Nimule",
        "amenity": "school",
        "name": "Shekinah Children's Village",
        "osm_id": 974073699
      }
    },
    {
      "type": "Feature",
      "geometry": {
        "type": "Point",
        "coordinates": [
          32.0787737,
          3.5691437
        ]
      },
      "properties": {
        "addr:city": "Nimule",
        "amenity": "school",
        "name": "Bright Stone Nursery and Primary School",
        "osm_id": 974073700
      }
    },
    {
      "type": "Feature",
      "geometry": {
        "type": "Point",
        "coordinates": [
          32.0869655,
          3.5699562
        ]
      },
      "properties": {
        "addr:city": "Nimule",
        "amenity": "school",
        "name": "Olikwi Primary School",
        "osm_id": 974073701
      }
    },
    {
      "type": "Feature",
      "geometry": {
        "type": "Point",
        "coordinates": [
          27.4698865,
          5.5974652
        ]
      },
      "properties": {
        "amenity": "school",
        "name": "Ranzi Primary School",
        "name:fr": "\u00c9cole primaire Ranzi",
        "surface": "unpaved",
        "osm_id": 974163318
      }
    },
    {
      "type": "Feature",
      "geometry": {
        "type": "Point",
        "coordinates": [
          29.4479337,
          4.9033555
        ]
      },
      "properties": {
        "addr:city": "Maridi",
        "addr:street": "Airport Road",
        "amenity": "school",
        "name": "AMREF Nurse & Midwifery Training",
        "osm_id": 974164630
      }
    },
    {
      "type": "Feature",
      "geometry": {
        "type": "Point",
        "coordinates": [
          29.4503057,
          4.9037274
        ]
      },
      "properties": {
        "addr:city": "Maridi",
        "amenity": "school",
        "name": "Maridi Teacher Training Institute",
        "osm_id": 974164631
      }
    },
    {
      "type": "Feature",
      "geometry": {
        "type": "Point",
        "coordinates": [
          29.4534046,
          4.9117582
        ]
      },
      "properties": {
        "addr:city": "Maridi",
        "amenity": "school",
        "name": "Africano Mande Academy",
        "osm_id": 974164633
      }
    },
    {
      "type": "Feature",
      "geometry": {
        "type": "Point",
        "coordinates": [
          28.6347578,
          8.0902141
        ]
      },
      "properties": {
        "addr:city": "Warrap",
        "amenity": "school",
        "name": "Rumthony Primary school",
        "osm_id": 974371856
      }
    },
    {
      "type": "Feature",
      "geometry": {
        "type": "Point",
        "coordinates": [
          33.0061398,
          7.792586
        ]
      },
      "properties": {
        "addr:city": "Akobo",
        "amenity": "school",
        "name": "K\u00f6b\u025b Primary School",
        "osm_id": 974436206
      }
    },
    {
      "type": "Feature",
      "geometry": {
        "type": "Point",
        "coordinates": [
          32.1157051,
          9.8900227
        ]
      },
      "properties": {
        "addr:city": "Kodok",
        "amenity": "school",
        "name": "Kodok Secondary School",
        "osm_id": 974466849
      }
    },
    {
      "type": "Feature",
      "geometry": {
        "type": "Point",
        "coordinates": [
          32.1138141,
          9.8897396
        ]
      },
      "properties": {
        "addr:city": "Kodok",
        "addr:street": "Kodok-Malakal Road",
        "amenity": "school",
        "name": "Girl Primrose School",
        "osm_id": 974466850
      }
    },
    {
      "type": "Feature",
      "geometry": {
        "type": "Point",
        "coordinates": [
          32.1132575,
          9.8892746
        ]
      },
      "properties": {
        "addr:city": "Kodok",
        "addr:street": "Kodok-Malakal Road",
        "amenity": "school",
        "name": "Primrose School",
        "osm_id": 974466851
      }
    },
    {
      "type": "Feature",
      "geometry": {
        "type": "Point",
        "coordinates": [
          28.2520938,
          4.6404062
        ]
      },
      "properties": {
        "amenity": "school",
        "name": "Comboni Primary School",
        "osm_id": 978473724
      }
    },
    {
      "type": "Feature",
      "geometry": {
        "type": "Point",
        "coordinates": [
          29.8020814,
          9.2575446
        ]
      },
      "properties": {
        "addr:city": "Bentiu",
        "amenity": "school",
        "name": "Technical College",
        "osm_id": 979355795
      }
    },
    {
      "type": "Feature",
      "geometry": {
        "type": "Point",
        "coordinates": [
          29.796531,
          9.2586004
        ]
      },
      "properties": {
        "amenity": "school",
        "osm_id": 979368379
      }
    },
    {
      "type": "Feature",
      "geometry": {
        "type": "Point",
        "coordinates": [
          31.7534595,
          5.4536058
        ]
      },
      "properties": {
        "addr:city": "Terekeka",
        "amenity": "school",
        "name": "Terekeka Basic Primary/Secondary School",
        "osm_id": 979671008
      }
    },
    {
      "type": "Feature",
      "geometry": {
        "type": "Point",
        "coordinates": [
          31.7512491,
          5.445546
        ]
      },
      "properties": {
        "addr:city": "Terekeka",
        "amenity": "school",
        "name": "St. Stephen Primary/Secondary School",
        "osm_id": 979671009
      }
    },
    {
      "type": "Feature",
      "geometry": {
        "type": "Point",
        "coordinates": [
          31.7470078,
          5.4412377
        ]
      },
      "properties": {
        "addr:city": "Terekeka",
        "addr:street": "Juba-Terekeka Road",
        "amenity": "school",
        "name": "St. Mary Primary/Secondary School",
        "osm_id": 979671010
      }
    },
    {
      "type": "Feature",
      "geometry": {
        "type": "Point",
        "coordinates": [
          30.6790681,
          4.0995082
        ]
      },
      "properties": {
        "addr:city": "Yei",
        "amenity": "school",
        "name": "Lomoku Primary School",
        "osm_id": 979698692
      }
    },
    {
      "type": "Feature",
      "geometry": {
        "type": "Point",
        "coordinates": [
          30.6855348,
          4.0892909
        ]
      },
      "properties": {
        "amenity": "school",
        "name": "Nile High Secondary School",
        "osm_id": 979698697
      }
    },
    {
      "type": "Feature",
      "geometry": {
        "type": "Point",
        "coordinates": [
          33.4950666,
          4.2338029
        ]
      },
      "properties": {
        "amenity": "school",
        "name": "Helecit Primary School",
        "osm_id": 981304714
      }
    },
    {
      "type": "Feature",
      "geometry": {
        "type": "Point",
        "coordinates": [
          33.4978536,
          4.2384255
        ]
      },
      "properties": {
        "amenity": "school",
        "name": "Chukudum Secondary School",
        "osm_id": 981304715
      }
    },
    {
      "type": "Feature",
      "geometry": {
        "type": "Point",
        "coordinates": [
          33.5028441,
          4.2243875
        ]
      },
      "properties": {
        "amenity": "school",
        "name": "Nakuwa Memoria Primary School",
        "osm_id": 981304718
      }
    },
    {
      "type": "Feature",
      "geometry": {
        "type": "Point",
        "coordinates": [
          34.1692472,
          4.5076222
        ]
      },
      "properties": {
        "amenity": "school",
        "name": "St. Daniel Comboni Boys' Primary School",
        "osm_id": 981322241
      }
    },
    {
      "type": "Feature",
      "geometry": {
        "type": "Point",
        "coordinates": [
          31.6054451,
          4.8478567
        ]
      },
      "properties": {
        "amenity": "school",
        "barrier": "wall",
        "leisure": "sports_centre",
        "name": "Dr. Biar Sports Complex",
        "sport": "soccer;basketball;fitness",
        "osm_id": 1000468140
      }
    },
    {
      "type": "Feature",
      "geometry": {
        "type": "Point",
        "coordinates": [
          31.6049853,
          4.8487561
        ]
      },
      "properties": {
        "addr:city": "Juba",
        "addr:street": "Addis Ababa Road",
        "amenity": "school",
        "barrier": "hedge",
        "grades": "1-4",
        "name": "Supiri Secondary School",
        "operator": "Central Equatoria State Ministry of Education Science and Technology",
        "operator:type": "government",
        "religion": "none",
        "osm_id": 1004291506
      }
    },
    {
      "type": "Feature",
      "geometry": {
        "type": "Point",
        "coordinates": [
          31.6058838,
          4.8494938
        ]
      },
      "properties": {
        "addr:city": "Juba",
        "amenity": "school",
        "name": "Juba Teachers Training Institute",
        "operator": "Central Equatoria State Ministry of Education Science and Technology",
        "operator:type": "government",
        "source": "JUBA Infrastructure Digitization, 2026",
        "osm_id": 1004292755
      }
    },
    {
      "type": "Feature",
      "geometry": {
        "type": "Point",
        "coordinates": [
          31.6016733,
          4.8446197
        ]
      },
      "properties": {
        "amenity": "school",
        "barrier": "wall",
        "boundary": "visible",
        "name": "Juba Day Senior Secondary School",
        "osm_id": 1012209578
      }
    },
    {
      "type": "Feature",
      "geometry": {
        "type": "Point",
        "coordinates": [
          31.6157736,
          4.8561447
        ]
      },
      "properties": {
        "amenity": "school",
        "barrier": "wall",
        "name": "Hai Malakal Primary School",
        "osm_id": 1012233092
      }
    },
    {
      "type": "Feature",
      "geometry": {
        "type": "Point",
        "coordinates": [
          31.614666,
          4.8430023
        ]
      },
      "properties": {
        "amenity": "school",
        "name": "Juba Diocesan Model Secondary School",
        "osm_id": 1012244338
      }
    },
    {
      "type": "Feature",
      "geometry": {
        "type": "Point",
        "coordinates": [
          31.5880906,
          4.8615509
        ]
      },
      "properties": {
        "amenity": "school",
        "name": "Bilal Binrabah Primary School",
        "osm_id": 1012244340
      }
    },
    {
      "type": "Feature",
      "geometry": {
        "type": "Point",
        "coordinates": [
          31.5857162,
          4.860322
        ]
      },
      "properties": {
        "amenity": "school",
        "name": "Yenet Pre & Basic School",
        "source": "JUBA Infrastructure Digitization, 2026",
        "osm_id": 1012244341
      }
    },
    {
      "type": "Feature",
      "geometry": {
        "type": "Point",
        "coordinates": [
          31.5798552,
          4.856563
        ]
      },
      "properties": {
        "amenity": "school",
        "name": "Seventh Day Advantist Primary",
        "source": "JUBA Infrastructure Digitization, 2026",
        "osm_id": 1012244342
      }
    },
    {
      "type": "Feature",
      "geometry": {
        "type": "Point",
        "coordinates": [
          31.5808204,
          4.8563635
        ]
      },
      "properties": {
        "amenity": "school",
        "barrier": "wall",
        "osm_id": 1012244343
      }
    },
    {
      "type": "Feature",
      "geometry": {
        "type": "Point",
        "coordinates": [
          31.5834681,
          4.8552052
        ]
      },
      "properties": {
        "amenity": "school",
        "name": "Ephatha Primary School",
        "osm_id": 1012245091
      }
    },
    {
      "type": "Feature",
      "geometry": {
        "type": "Point",
        "coordinates": [
          31.5932485,
          4.8423451
        ]
      },
      "properties": {
        "amenity": "school",
        "barrier": "wall",
        "name": "Sadaka Primary School",
        "osm_id": 1012245431
      }
    },
    {
      "type": "Feature",
      "geometry": {
        "type": "Point",
        "coordinates": [
          31.5809679,
          4.840542
        ]
      },
      "properties": {
        "amenity": "school",
        "name": "AIC NEW FOUNDATION Primary School",
        "osm_id": 1012246080
      }
    },
    {
      "type": "Feature",
      "geometry": {
        "type": "Point",
        "coordinates": [
          31.5721371,
          4.8596555
        ]
      },
      "properties": {
        "amenity": "school",
        "name": "Libya Basic School",
        "osm_id": 1012247792
      }
    },
    {
      "type": "Feature",
      "geometry": {
        "type": "Point",
        "coordinates": [
          31.5794353,
          4.8614718
        ]
      },
      "properties": {
        "amenity": "school",
        "name": "Munuki East Basic School",
        "osm_id": 1012247794
      }
    },
    {
      "type": "Feature",
      "geometry": {
        "type": "Point",
        "coordinates": [
          31.6112441,
          4.8316628
        ]
      },
      "properties": {
        "amenity": "school",
        "name": "Mahad Basic School",
        "osm_id": 1012247889
      }
    },
    {
      "type": "Feature",
      "geometry": {
        "type": "Point",
        "coordinates": [
          31.6609831,
          9.5384898
        ]
      },
      "properties": {
        "amenity": "school",
        "name": "Scientific Institute Primary",
        "osm_id": 1012249148
      }
    },
    {
      "type": "Feature",
      "geometry": {
        "type": "Point",
        "coordinates": [
          31.6564492,
          9.5354875
        ]
      },
      "properties": {
        "amenity": "school",
        "name": "Shaab Boys Primary School",
        "osm_id": 1012249149
      }
    },
    {
      "type": "Feature",
      "geometry": {
        "type": "Point",
        "coordinates": [
          31.6555208,
          9.5288355
        ]
      },
      "properties": {
        "amenity": "school",
        "name": "Thora Bander Boys Primary School",
        "osm_id": 1012249150
      }
    },
    {
      "type": "Feature",
      "geometry": {
        "type": "Point",
        "coordinates": [
          31.6540625,
          9.5273213
        ]
      },
      "properties": {
        "amenity": "school",
        "name": "Bander Girls Basic School",
        "osm_id": 1012249151
      }
    },
    {
      "type": "Feature",
      "geometry": {
        "type": "Point",
        "coordinates": [
          31.6597213,
          9.5200325
        ]
      },
      "properties": {
        "amenity": "school",
        "name": "Sudan Interior Church Primary School",
        "osm_id": 1012249831
      }
    },
    {
      "type": "Feature",
      "geometry": {
        "type": "Point",
        "coordinates": [
          31.6593586,
          9.5141908
        ]
      },
      "properties": {
        "amenity": "school",
        "name": "Malakal Boys Secondary School",
        "osm_id": 1012249832
      }
    },
    {
      "type": "Feature",
      "geometry": {
        "type": "Point",
        "coordinates": [
          31.6587626,
          9.5159179
        ]
      },
      "properties": {
        "amenity": "school",
        "name": "Assosa Girls Secondary School",
        "osm_id": 1012249833
      }
    },
    {
      "type": "Feature",
      "geometry": {
        "type": "Point",
        "coordinates": [
          31.6581745,
          9.515671
        ]
      },
      "properties": {
        "amenity": "school",
        "name": "E.C.S Epicapal Basic School",
        "osm_id": 1012249834
      }
    },
    {
      "type": "Feature",
      "geometry": {
        "type": "Point",
        "coordinates": [
          31.6585674,
          9.5033206
        ]
      },
      "properties": {
        "amenity": "school",
        "name": "Dar Salam Boys Primary School",
        "osm_id": 1012249888
      }
    },
    {
      "type": "Feature",
      "geometry": {
        "type": "Point",
        "coordinates": [
          27.3958587,
          8.7695897
        ]
      },
      "properties": {
        "amenity": "school",
        "name": "Nyamlel Senior Secondary School",
        "osm_id": 1012250084
      }
    },
    {
      "type": "Feature",
      "geometry": {
        "type": "Point",
        "coordinates": [
          27.3965707,
          8.767311
        ]
      },
      "properties": {
        "amenity": "school",
        "name": "Salam Girls Primary School",
        "osm_id": 1012250085
      }
    },
    {
      "type": "Feature",
      "geometry": {
        "type": "Point",
        "coordinates": [
          27.3993678,
          8.765899
        ]
      },
      "properties": {
        "amenity": "school",
        "name": "St. Maria Gorrety Basic School",
        "osm_id": 1012250548
      }
    },
    {
      "type": "Feature",
      "geometry": {
        "type": "Point",
        "coordinates": [
          31.5070217,
          4.8632992
        ]
      },
      "properties": {
        "amenity": "school",
        "osm_id": 1012816070
      }
    },
    {
      "type": "Feature",
      "geometry": {
        "type": "Point",
        "coordinates": [
          31.5250483,
          4.8528077
        ]
      },
      "properties": {
        "amenity": "school",
        "name": "Orphanage Straight Link Center OSLC",
        "osm_id": 1012825294
      }
    },
    {
      "type": "Feature",
      "geometry": {
        "type": "Point",
        "coordinates": [
          31.5284079,
          4.8637582
        ]
      },
      "properties": {
        "amenity": "school",
        "name": "Gudele West Primary School",
        "osm_id": 1012825295
      }
    },
    {
      "type": "Feature",
      "geometry": {
        "type": "Point",
        "coordinates": [
          31.5399448,
          4.8510576
        ]
      },
      "properties": {
        "amenity": "school",
        "name": "Green Hill Private Pre & Primary School",
        "osm_id": 1012825298
      }
    },
    {
      "type": "Feature",
      "geometry": {
        "type": "Point",
        "coordinates": [
          31.5406998,
          4.8533368
        ]
      },
      "properties": {
        "amenity": "school",
        "osm_id": 1012825325
      }
    },
    {
      "type": "Feature",
      "geometry": {
        "type": "Point",
        "coordinates": [
          31.5343227,
          4.8571437
        ]
      },
      "properties": {
        "amenity": "school",
        "osm_id": 1012833068
      }
    },
    {
      "type": "Feature",
      "geometry": {
        "type": "Point",
        "coordinates": [
          31.5570574,
          4.8665752
        ]
      },
      "properties": {
        "amenity": "school",
        "osm_id": 1013135553
      }
    },
    {
      "type": "Feature",
      "geometry": {
        "type": "Point",
        "coordinates": [
          31.5091315,
          4.876826
        ]
      },
      "properties": {
        "amenity": "school",
        "osm_id": 1014397877
      }
    },
    {
      "type": "Feature",
      "geometry": {
        "type": "Point",
        "coordinates": [
          31.5713788,
          4.8537651
        ]
      },
      "properties": {
        "amenity": "school",
        "name": "Merkolong Primary School",
        "osm_id": 1016409741
      }
    },
    {
      "type": "Feature",
      "geometry": {
        "type": "Point",
        "coordinates": [
          31.5724691,
          4.8525993
        ]
      },
      "properties": {
        "amenity": "school",
        "name": "Darling Wisdom Academy",
        "osm_id": 1016410071
      }
    },
    {
      "type": "Feature",
      "geometry": {
        "type": "Point",
        "coordinates": [
          26.8648451,
          9.2142466
        ]
      },
      "properties": {
        "amenity": "school",
        "name": "Gok Machar Primary School",
        "osm_id": 1018576980
      }
    },
    {
      "type": "Feature",
      "geometry": {
        "type": "Point",
        "coordinates": [
          26.9832095,
          9.1348333
        ]
      },
      "properties": {
        "amenity": "school",
        "name": "Nyamlell Primary School",
        "osm_id": 1018633666
      }
    },
    {
      "type": "Feature",
      "geometry": {
        "type": "Point",
        "coordinates": [
          32.8138869,
          11.7606433
        ]
      },
      "properties": {
        "addr:city": "Renk",
        "amenity": "school",
        "name": "Elhegera Basic School",
        "osm_id": 1018805154
      }
    },
    {
      "type": "Feature",
      "geometry": {
        "type": "Point",
        "coordinates": [
          32.8156115,
          11.7505829
        ]
      },
      "properties": {
        "amenity": "school",
        "name": "Ibrahim Sham Eldeen School",
        "osm_id": 1018805156
      }
    },
    {
      "type": "Feature",
      "geometry": {
        "type": "Point",
        "coordinates": [
          32.8070526,
          11.7441043
        ]
      },
      "properties": {
        "amenity": "school",
        "name": "Sunday Basic School",
        "osm_id": 1018805160
      }
    },
    {
      "type": "Feature",
      "geometry": {
        "type": "Point",
        "coordinates": [
          32.8050607,
          11.7441682
        ]
      },
      "properties": {
        "amenity": "school",
        "name": "Renk Girls Basic School",
        "osm_id": 1018805161
      }
    },
    {
      "type": "Feature",
      "geometry": {
        "type": "Point",
        "coordinates": [
          32.8004526,
          11.7463518
        ]
      },
      "properties": {
        "addr:city": "Renk",
        "amenity": "school",
        "name": "Renk 1 Boys Basic School",
        "osm_id": 1018805164
      }
    },
    {
      "type": "Feature",
      "geometry": {
        "type": "Point",
        "coordinates": [
          32.8136224,
          11.7438163
        ]
      },
      "properties": {
        "amenity": "school",
        "name": "Comboni Basic School",
        "osm_id": 1018805177
      }
    },
    {
      "type": "Feature",
      "geometry": {
        "type": "Point",
        "coordinates": [
          32.7588116,
          11.9892424
        ]
      },
      "properties": {
        "amenity": "school",
        "name": "Gieger Secondary School",
        "osm_id": 1018862970
      }
    },
    {
      "type": "Feature",
      "geometry": {
        "type": "Point",
        "coordinates": [
          32.7591053,
          11.9911185
        ]
      },
      "properties": {
        "amenity": "school",
        "name": "Geiger Girls Primary School",
        "osm_id": 1018862973
      }
    },
    {
      "type": "Feature",
      "geometry": {
        "type": "Point",
        "coordinates": [
          32.7591054,
          11.9921968
        ]
      },
      "properties": {
        "amenity": "school",
        "name": "Geiger Boys Primary",
        "osm_id": 1018862974
      }
    },
    {
      "type": "Feature",
      "geometry": {
        "type": "Point",
        "coordinates": [
          32.7638733,
          11.993565
        ]
      },
      "properties": {
        "amenity": "school",
        "name": "Hamdok Primary School",
        "osm_id": 1018862975
      }
    },
    {
      "type": "Feature",
      "geometry": {
        "type": "Point",
        "coordinates": [
          25.6759456,
          8.4628021
        ]
      },
      "properties": {
        "amenity": "school",
        "name": "Comboni Primary School",
        "osm_id": 1018876673
      }
    },
    {
      "type": "Feature",
      "geometry": {
        "type": "Point",
        "coordinates": [
          25.675875,
          8.4669343
        ]
      },
      "properties": {
        "addr:city": "Raja",
        "amenity": "school",
        "name": "Raja South Schoiol",
        "osm_id": 1018876674
      }
    },
    {
      "type": "Feature",
      "geometry": {
        "type": "Point",
        "coordinates": [
          25.6736761,
          8.4696206
        ]
      },
      "properties": {
        "addr:city": "Raja",
        "amenity": "school",
        "name": "Raja West School",
        "osm_id": 1018876675
      }
    },
    {
      "type": "Feature",
      "geometry": {
        "type": "Point",
        "coordinates": [
          25.6729799,
          8.4716184
        ]
      },
      "properties": {
        "amenity": "school",
        "name": "IBN El Walid Boys",
        "osm_id": 1018876676
      }
    },
    {
      "type": "Feature",
      "geometry": {
        "type": "Point",
        "coordinates": [
          25.6783584,
          8.4721058
        ]
      },
      "properties": {
        "addr:city": "Raja",
        "amenity": "school",
        "name": "Raja East School",
        "osm_id": 1018876678
      }
    },
    {
      "type": "Feature",
      "geometry": {
        "type": "Point",
        "coordinates": [
          25.6843207,
          8.4704094
        ]
      },
      "properties": {
        "addr:city": "Raja",
        "amenity": "school",
        "name": "IBN El Walid Girls",
        "osm_id": 1018876681
      }
    },
    {
      "type": "Feature",
      "geometry": {
        "type": "Point",
        "coordinates": [
          25.6722183,
          8.4902621
        ]
      },
      "properties": {
        "amenity": "school",
        "name": "Mayonga Primary School",
        "osm_id": 1018876683
      }
    },
    {
      "type": "Feature",
      "geometry": {
        "type": "Point",
        "coordinates": [
          25.667563,
          8.4967333
        ]
      },
      "properties": {
        "amenity": "school",
        "name": "Khorshamam Primary School",
        "osm_id": 1018876689
      }
    },
    {
      "type": "Feature",
      "geometry": {
        "type": "Point",
        "coordinates": [
          32.0578059,
          9.2944712
        ]
      },
      "properties": {
        "addr:city": "Baliet",
        "amenity": "school",
        "grades": "0-12",
        "name": "Baliet Primary and Secondary School",
        "osm_id": 1018883821
      }
    },
    {
      "type": "Feature",
      "geometry": {
        "type": "Point",
        "coordinates": [
          33.4973166,
          9.0271947
        ]
      },
      "properties": {
        "amenity": "school",
        "name": "New Building Junior School",
        "osm_id": 1018892225
      }
    },
    {
      "type": "Feature",
      "geometry": {
        "type": "Point",
        "coordinates": [
          33.5003084,
          9.0225309
        ]
      },
      "properties": {
        "amenity": "school",
        "name": "Mathiang Basic school",
        "osm_id": 1018892226
      }
    },
    {
      "type": "Feature",
      "geometry": {
        "type": "Point",
        "coordinates": [
          33.7189222,
          9.9588148
        ]
      },
      "properties": {
        "amenity": "school",
        "name": "Bunj Primary School",
        "osm_id": 1018899998
      }
    },
    {
      "type": "Feature",
      "geometry": {
        "type": "Point",
        "coordinates": [
          33.7161002,
          9.9584442
        ]
      },
      "properties": {
        "amenity": "school",
        "name": "Bankuman Primatry School",
        "osm_id": 1018899999
      }
    },
    {
      "type": "Feature",
      "geometry": {
        "type": "Point",
        "coordinates": [
          33.7306334,
          9.9657552
        ]
      },
      "properties": {
        "amenity": "school",
        "osm_id": 1018900000
      }
    },
    {
      "type": "Feature",
      "geometry": {
        "type": "Point",
        "coordinates": [
          31.6571931,
          9.5162605
        ]
      },
      "properties": {
        "amenity": "school",
        "name": "E.C.S Epicapal Basic School",
        "osm_id": 1018903199
      }
    },
    {
      "type": "Feature",
      "geometry": {
        "type": "Point",
        "coordinates": [
          32.7296889,
          11.6091867
        ]
      },
      "properties": {
        "addr:city": "Wadakona",
        "amenity": "school",
        "name": "Wadakona Girls Primary School",
        "osm_id": 1019083006
      }
    },
    {
      "type": "Feature",
      "geometry": {
        "type": "Point",
        "coordinates": [
          32.7240149,
          11.5988228
        ]
      },
      "properties": {
        "amenity": "school",
        "name": "Salaam Basic School",
        "osm_id": 1019083217
      }
    },
    {
      "type": "Feature",
      "geometry": {
        "type": "Point",
        "coordinates": [
          32.7279554,
          11.6294434
        ]
      },
      "properties": {
        "amenity": "school",
        "name": "Pio Yukwan P. School",
        "osm_id": 1019084140
      }
    },
    {
      "type": "Feature",
      "geometry": {
        "type": "Point",
        "coordinates": [
          32.7289528,
          11.6173396
        ]
      },
      "properties": {
        "addr:city": "Wadakona",
        "amenity": "school",
        "name": "Wadakona Boys Primary School",
        "osm_id": 1019084142
      }
    },
    {
      "type": "Feature",
      "geometry": {
        "type": "Point",
        "coordinates": [
          33.9212833,
          8.6037665
        ]
      },
      "properties": {
        "amenity": "school",
        "name": "Maiwut Complex Secondary School",
        "osm_id": 1019086864
      }
    },
    {
      "type": "Feature",
      "geometry": {
        "type": "Point",
        "coordinates": [
          32.193626,
          10.4372217
        ]
      },
      "properties": {
        "amenity": "school",
        "name": "Good Shepherd Basic School (PCOS)",
        "osm_id": 1019201457
      }
    },
    {
      "type": "Feature",
      "geometry": {
        "type": "Point",
        "coordinates": [
          32.2103173,
          10.4400841
        ]
      },
      "properties": {
        "addr:city": "Melut",
        "amenity": "school",
        "name": "Pariak Basic School",
        "osm_id": 1019201458
      }
    },
    {
      "type": "Feature",
      "geometry": {
        "type": "Point",
        "coordinates": [
          32.2001061,
          10.4413666
        ]
      },
      "properties": {
        "addr:city": "Melut",
        "amenity": "school",
        "name": "E.C.S.Sunday Basic School (ECS)",
        "osm_id": 1019201459
      }
    },
    {
      "type": "Feature",
      "geometry": {
        "type": "Point",
        "coordinates": [
          32.1999709,
          10.4438441
        ]
      },
      "properties": {
        "addr:city": "Melut",
        "amenity": "school",
        "name": "Melut Mix Secondary School",
        "osm_id": 1019201460
      }
    },
    {
      "type": "Feature",
      "geometry": {
        "type": "Point",
        "coordinates": [
          32.2095853,
          10.4381416
        ]
      },
      "properties": {
        "addr:city": "Melut",
        "amenity": "school",
        "name": "Gideon Theological College",
        "osm_id": 1019201462
      }
    },
    {
      "type": "Feature",
      "geometry": {
        "type": "Point",
        "coordinates": [
          32.2048999,
          10.4387485
        ]
      },
      "properties": {
        "amenity": "school",
        "osm_id": 1019201464
      }
    },
    {
      "type": "Feature",
      "geometry": {
        "type": "Point",
        "coordinates": [
          32.1889244,
          10.4339854
        ]
      },
      "properties": {
        "amenity": "school",
        "osm_id": 1019201500
      }
    },
    {
      "type": "Feature",
      "geometry": {
        "type": "Point",
        "coordinates": [
          33.0583673,
          8.6121167
        ]
      },
      "properties": {
        "amenity": "school",
        "name": "Nasir West Primary School",
        "osm_id": 1019224472
      }
    },
    {
      "type": "Feature",
      "geometry": {
        "type": "Point",
        "coordinates": [
          33.063672,
          8.6177784
        ]
      },
      "properties": {
        "amenity": "school",
        "name": "Salaam School (SIDO)",
        "osm_id": 1019224473
      }
    },
    {
      "type": "Feature",
      "geometry": {
        "type": "Point",
        "coordinates": [
          32.7187003,
          8.6614761
        ]
      },
      "properties": {
        "addr:city": "Ulang",
        "amenity": "school",
        "name": "Ulang Primary School",
        "osm_id": 1019487153
      }
    },
    {
      "type": "Feature",
      "geometry": {
        "type": "Point",
        "coordinates": [
          30.000369,
          8.5886347
        ]
      },
      "properties": {
        "addr:city": "Koch",
        "amenity": "school",
        "name": "Koch Primary School",
        "osm_id": 1019512716
      }
    },
    {
      "type": "Feature",
      "geometry": {
        "type": "Point",
        "coordinates": [
          29.1649953,
          9.2237116
        ]
      },
      "properties": {
        "amenity": "school",
        "name": "Mayom Basic Primary School",
        "osm_id": 1019520845
      }
    },
    {
      "type": "Feature",
      "geometry": {
        "type": "Point",
        "coordinates": [
          30.2827766,
          7.4562127
        ]
      },
      "properties": {
        "amenity": "school",
        "name": "Panyijiar Secondary School",
        "osm_id": 1019993689
      }
    },
    {
      "type": "Feature",
      "geometry": {
        "type": "Point",
        "coordinates": [
          30.2810761,
          7.4473355
        ]
      },
      "properties": {
        "amenity": "school",
        "name": "Dhuordong Primary School",
        "osm_id": 1019993690
      }
    },
    {
      "type": "Feature",
      "geometry": {
        "type": "Point",
        "coordinates": [
          29.7961257,
          9.2933605
        ]
      },
      "properties": {
        "amenity": "school",
        "name": "Pakur Primary School",
        "osm_id": 1020011565
      }
    },
    {
      "type": "Feature",
      "geometry": {
        "type": "Point",
        "coordinates": [
          29.7896406,
          9.291241
        ]
      },
      "properties": {
        "amenity": "school",
        "name": "Salaameza School",
        "osm_id": 1020011568
      }
    },
    {
      "type": "Feature",
      "geometry": {
        "type": "Point",
        "coordinates": [
          29.7931252,
          9.2541359
        ]
      },
      "properties": {
        "amenity": "school",
        "name": "Hameed Ibn Rashed Primary",
        "osm_id": 1020017129
      }
    },
    {
      "type": "Feature",
      "geometry": {
        "type": "Point",
        "coordinates": [
          28.0271255,
          7.9214317
        ]
      },
      "properties": {
        "amenity": "school",
        "name": "Nyin Akook Primary School",
        "osm_id": 1020028080
      }
    },
    {
      "type": "Feature",
      "geometry": {
        "type": "Point",
        "coordinates": [
          27.8904648,
          7.5751583
        ]
      },
      "properties": {
        "amenity": "school",
        "name": "Bangari Primary School",
        "osm_id": 1020045657
      }
    },
    {
      "type": "Feature",
      "geometry": {
        "type": "Point",
        "coordinates": [
          27.9829368,
          7.6828986
        ]
      },
      "properties": {
        "addr:city": "Wau",
        "amenity": "school",
        "name": "Jebel Kheir Basic School",
        "osm_id": 1020045660
      }
    },
    {
      "type": "Feature",
      "geometry": {
        "type": "Point",
        "coordinates": [
          27.9830639,
          7.6879539
        ]
      },
      "properties": {
        "amenity": "school",
        "osm_id": 1020045669
      }
    },
    {
      "type": "Feature",
      "geometry": {
        "type": "Point",
        "coordinates": [
          27.9746602,
          7.6945271
        ]
      },
      "properties": {
        "addr:city": "Wau",
        "amenity": "school",
        "name": "St Michael Primary School",
        "osm_id": 1020045670
      }
    },
    {
      "type": "Feature",
      "geometry": {
        "type": "Point",
        "coordinates": [
          27.9797763,
          7.703304
        ]
      },
      "properties": {
        "amenity": "school",
        "name": "Hai Matar Primary School",
        "osm_id": 1020045671
      }
    },
    {
      "type": "Feature",
      "geometry": {
        "type": "Point",
        "coordinates": [
          27.9725777,
          7.6990848
        ]
      },
      "properties": {
        "amenity": "school",
        "name": "Lokoloko Basic School",
        "osm_id": 1020045672
      }
    },
    {
      "type": "Feature",
      "geometry": {
        "type": "Point",
        "coordinates": [
          27.9886657,
          7.7275534
        ]
      },
      "properties": {
        "amenity": "school",
        "name": "El Muktar Girls Secondary School",
        "osm_id": 1020045674
      }
    },
    {
      "type": "Feature",
      "geometry": {
        "type": "Point",
        "coordinates": [
          27.9910323,
          7.7288624
        ]
      },
      "properties": {
        "amenity": "school",
        "barrier": "fence",
        "name": "Grinti Boys Primary School",
        "osm_id": 1020045678
      }
    },
    {
      "type": "Feature",
      "geometry": {
        "type": "Point",
        "coordinates": [
          27.9916861,
          7.7334939
        ]
      },
      "properties": {
        "amenity": "school",
        "name": "Grinti Secondary School",
        "osm_id": 1020045679
      }
    },
    {
      "type": "Feature",
      "geometry": {
        "type": "Point",
        "coordinates": [
          27.9919265,
          7.7273216
        ]
      },
      "properties": {
        "amenity": "school",
        "name": "St. Raphael Basic School",
        "osm_id": 1020045680
      }
    },
    {
      "type": "Feature",
      "geometry": {
        "type": "Point",
        "coordinates": [
          28.0006226,
          7.7167455
        ]
      },
      "properties": {
        "amenity": "school",
        "name": "Dier Akok Basic School",
        "osm_id": 1020045681
      }
    },
    {
      "type": "Feature",
      "geometry": {
        "type": "Point",
        "coordinates": [
          27.9979438,
          7.7084944
        ]
      },
      "properties": {
        "amenity": "school",
        "name": "Wau Technical Sec. School",
        "osm_id": 1020045682
      }
    },
    {
      "type": "Feature",
      "geometry": {
        "type": "Point",
        "coordinates": [
          27.9844423,
          7.7288546
        ]
      },
      "properties": {
        "amenity": "school",
        "name": "Nyimuora Academy Primary School",
        "osm_id": 1020051737
      }
    },
    {
      "type": "Feature",
      "geometry": {
        "type": "Point",
        "coordinates": [
          27.9849078,
          7.7288503
        ]
      },
      "properties": {
        "amenity": "school",
        "name": "Nyimuora Academy Secondary School",
        "osm_id": 1020051738
      }
    },
    {
      "type": "Feature",
      "geometry": {
        "type": "Point",
        "coordinates": [
          27.9585494,
          7.6936861
        ]
      },
      "properties": {
        "amenity": "school",
        "name": "Calco Primary School",
        "osm_id": 1020056019
      }
    },
    {
      "type": "Feature",
      "geometry": {
        "type": "Point",
        "coordinates": [
          28.0001027,
          7.7018002
        ]
      },
      "properties": {
        "addr:city": "Wau",
        "amenity": "school",
        "name": "John Paul II High School",
        "osm_id": 1020063925
      }
    },
    {
      "type": "Feature",
      "geometry": {
        "type": "Point",
        "coordinates": [
          27.4968327,
          5.0539257
        ]
      },
      "properties": {
        "amenity": "school",
        "name": "Mangbangau Primary School",
        "name:fr": "\u00c9cole primaire Mangbangau",
        "osm_id": 1114895039
      }
    },
    {
      "type": "Feature",
      "geometry": {
        "type": "Point",
        "coordinates": [
          28.5397132,
          4.647072
        ]
      },
      "properties": {
        "amenity": "school",
        "name": "Bazuburu Primary School",
        "osm_id": 1114896565
      }
    },
    {
      "type": "Feature",
      "geometry": {
        "type": "Point",
        "coordinates": [
          28.8278199,
          9.3925799
        ]
      },
      "properties": {
        "amenity": "school",
        "osm_id": 1232474311
      }
    },
    {
      "type": "Feature",
      "geometry": {
        "type": "Point",
        "coordinates": [
          28.821791,
          9.4070265
        ]
      },
      "properties": {
        "amenity": "school",
        "osm_id": 1232474313
      }
    },
    {
      "type": "Feature",
      "geometry": {
        "type": "Point",
        "coordinates": [
          28.8262454,
          9.4002682
        ]
      },
      "properties": {
        "amenity": "school",
        "osm_id": 1232474336
      }
    },
    {
      "type": "Feature",
      "geometry": {
        "type": "Point",
        "coordinates": [
          28.829454,
          9.4147069
        ]
      },
      "properties": {
        "amenity": "school",
        "osm_id": 1232666236
      }
    },
    {
      "type": "Feature",
      "geometry": {
        "type": "Point",
        "coordinates": [
          28.437142,
          9.5567323
        ]
      },
      "properties": {
        "amenity": "school",
        "osm_id": 1239818283
      }
    },
    {
      "type": "Feature",
      "geometry": {
        "type": "Point",
        "coordinates": [
          28.436328,
          9.5936927
        ]
      },
      "properties": {
        "amenity": "school",
        "osm_id": 1239818285
      }
    },
    {
      "type": "Feature",
      "geometry": {
        "type": "Point",
        "coordinates": [
          28.4905965,
          9.5250413
        ]
      },
      "properties": {
        "amenity": "school",
        "osm_id": 1241995841
      }
    },
    {
      "type": "Feature",
      "geometry": {
        "type": "Point",
        "coordinates": [
          28.4448467,
          9.5941251
        ]
      },
      "properties": {
        "amenity": "school",
        "osm_id": 1241995862
      }
    },
    {
      "type": "Feature",
      "geometry": {
        "type": "Point",
        "coordinates": [
          28.694032,
          9.4053753
        ]
      },
      "properties": {
        "amenity": "school",
        "osm_id": 1242472469
      }
    },
    {
      "type": "Feature",
      "geometry": {
        "type": "Point",
        "coordinates": [
          30.1326731,
          8.3092785
        ]
      },
      "properties": {
        "abandoned:building": "yes",
        "addr:city": "Leer",
        "amenity": "school",
        "building": "yes",
        "name": "Mary John Primary School",
        "operator": "Ministry of Education",
        "osm_id": 1313915026
      }
    },
    {
      "type": "Feature",
      "geometry": {
        "type": "Point",
        "coordinates": [
          28.4517954,
          9.5919156
        ]
      },
      "properties": {
        "amenity": "school",
        "osm_id": 1319861630
      }
    },
    {
      "type": "Feature",
      "geometry": {
        "type": "Point",
        "coordinates": [
          31.6632189,
          3.8691652
        ]
      },
      "properties": {
        "amenity": "school",
        "name": "Kajo Keji City Secondary School (Mere Boma)",
        "osm_id": 1330433776
      }
    },
    {
      "type": "Feature",
      "geometry": {
        "type": "Point",
        "coordinates": [
          31.5540061,
          3.985281
        ]
      },
      "properties": {
        "amenity": "school",
        "name": "kansuk Primary School",
        "osm_id": 1349128990
      }
    },
    {
      "type": "Feature",
      "geometry": {
        "type": "Point",
        "coordinates": [
          31.5060496,
          4.0068389
        ]
      },
      "properties": {
        "amenity": "school",
        "name": "Lori Boma Primary School",
        "osm_id": 1349131349
      }
    },
    {
      "type": "Feature",
      "geometry": {
        "type": "Point",
        "coordinates": [
          31.5935542,
          3.9508445
        ]
      },
      "properties": {
        "amenity": "school",
        "name": "Mogiri primary School",
        "osm_id": 1349131836
      }
    },
    {
      "type": "Feature",
      "geometry": {
        "type": "Point",
        "coordinates": [
          31.6372493,
          3.8469415
        ]
      },
      "properties": {
        "amenity": "school",
        "name": "Local Playground",
        "osm_id": 1349253371
      }
    },
    {
      "type": "Feature",
      "geometry": {
        "type": "Point",
        "coordinates": [
          31.6518718,
          3.8778136
        ]
      },
      "properties": {
        "amenity": "school",
        "osm_id": 1349267588
      }
    },
    {
      "type": "Feature",
      "geometry": {
        "type": "Point",
        "coordinates": [
          31.6929171,
          3.8114696
        ]
      },
      "properties": {
        "amenity": "school",
        "osm_id": 1349483145
      }
    },
    {
      "type": "Feature",
      "geometry": {
        "type": "Point",
        "coordinates": [
          31.6584956,
          3.7755273
        ]
      },
      "properties": {
        "amenity": "school",
        "osm_id": 1349484362
      }
    },
    {
      "type": "Feature",
      "geometry": {
        "type": "Point",
        "coordinates": [
          31.6594606,
          3.7747186
        ]
      },
      "properties": {
        "amenity": "school",
        "osm_id": 1349484363
      }
    },
    {
      "type": "Feature",
      "geometry": {
        "type": "Point",
        "coordinates": [
          31.4285391,
          3.7932013
        ]
      },
      "properties": {
        "amenity": "school",
        "name": "kendiri Boma Primary School",
        "osm_id": 1349487507
      }
    },
    {
      "type": "Feature",
      "geometry": {
        "type": "Point",
        "coordinates": [
          31.5771626,
          3.8309234
        ]
      },
      "properties": {
        "amenity": "school",
        "osm_id": 1349583368
      }
    },
    {
      "type": "Feature",
      "geometry": {
        "type": "Point",
        "coordinates": [
          31.644925,
          3.9097528
        ]
      },
      "properties": {
        "amenity": "school",
        "name": "Romogi. Diocese Of Kajo-Keji",
        "osm_id": 1349586054
      }
    },
    {
      "type": "Feature",
      "geometry": {
        "type": "Point",
        "coordinates": [
          33.6009011,
          4.1345973
        ]
      },
      "properties": {
        "amenity": "school",
        "osm_id": 1351905563
      }
    },
    {
      "type": "Feature",
      "geometry": {
        "type": "Point",
        "coordinates": [
          31.5945515,
          3.750214
        ]
      },
      "properties": {
        "amenity": "school",
        "name": "Primary School",
        "osm_id": 1352461750
      }
    },
    {
      "type": "Feature",
      "geometry": {
        "type": "Point",
        "coordinates": [
          31.6011787,
          3.8758585
        ]
      },
      "properties": {
        "amenity": "school",
        "name": "ECC Primary School",
        "osm_id": 1352466561
      }
    },
    {
      "type": "Feature",
      "geometry": {
        "type": "Point",
        "coordinates": [
          31.5809425,
          3.8799922
        ]
      },
      "properties": {
        "amenity": "school",
        "osm_id": 1352844436
      }
    },
    {
      "type": "Feature",
      "geometry": {
        "type": "Point",
        "coordinates": [
          31.53954,
          3.8345839
        ]
      },
      "properties": {
        "amenity": "school",
        "osm_id": 1352849419
      }
    },
    {
      "type": "Feature",
      "geometry": {
        "type": "Point",
        "coordinates": [
          31.5655873,
          3.8448725
        ]
      },
      "properties": {
        "amenity": "school",
        "name": "Roman Catholic Secondary School",
        "osm_id": 1352849784
      }
    },
    {
      "type": "Feature",
      "geometry": {
        "type": "Point",
        "coordinates": [
          31.5902283,
          3.9058379
        ]
      },
      "properties": {
        "amenity": "school",
        "osm_id": 1352852481
      }
    },
    {
      "type": "Feature",
      "geometry": {
        "type": "Point",
        "coordinates": [
          31.5623546,
          3.9723215
        ]
      },
      "properties": {
        "amenity": "school",
        "osm_id": 1352853214
      }
    },
    {
      "type": "Feature",
      "geometry": {
        "type": "Point",
        "coordinates": [
          31.6587764,
          3.8376559
        ]
      },
      "properties": {
        "amenity": "school",
        "name": "Roman Catholic Primary School",
        "osm_id": 1352855178
      }
    },
    {
      "type": "Feature",
      "geometry": {
        "type": "Point",
        "coordinates": [
          31.5838671,
          3.7229121
        ]
      },
      "properties": {
        "amenity": "school",
        "osm_id": 1352863257
      }
    },
    {
      "type": "Feature",
      "geometry": {
        "type": "Point",
        "coordinates": [
          31.6457627,
          3.9126567
        ]
      },
      "properties": {
        "amenity": "school",
        "osm_id": 1352869601
      }
    },
    {
      "type": "Feature",
      "geometry": {
        "type": "Point",
        "coordinates": [
          31.6446935,
          3.9152503
        ]
      },
      "properties": {
        "amenity": "school",
        "osm_id": 1352869602
      }
    },
    {
      "type": "Feature",
      "geometry": {
        "type": "Point",
        "coordinates": [
          31.6260447,
          3.9157637
        ]
      },
      "properties": {
        "amenity": "school",
        "name": "Roman Catholic Primary School",
        "osm_id": 1352869604
      }
    },
    {
      "type": "Feature",
      "geometry": {
        "type": "Point",
        "coordinates": [
          31.6442471,
          3.9139113
        ]
      },
      "properties": {
        "amenity": "school",
        "osm_id": 1352869606
      }
    },
    {
      "type": "Feature",
      "geometry": {
        "type": "Point",
        "coordinates": [
          31.651692,
          3.8775361
        ]
      },
      "properties": {
        "amenity": "school",
        "osm_id": 1352870015
      }
    },
    {
      "type": "Feature",
      "geometry": {
        "type": "Point",
        "coordinates": [
          31.4979178,
          3.9383063
        ]
      },
      "properties": {
        "amenity": "school",
        "name": "Roman Catholic School",
        "osm_id": 1352874440
      }
    },
    {
      "type": "Feature",
      "geometry": {
        "type": "Point",
        "coordinates": [
          31.5512884,
          3.8013866
        ]
      },
      "properties": {
        "amenity": "school",
        "name": "Roman Catholic Primary School",
        "osm_id": 1353310434
      }
    },
    {
      "type": "Feature",
      "geometry": {
        "type": "Point",
        "coordinates": [
          31.5516187,
          3.8014864
        ]
      },
      "properties": {
        "amenity": "school",
        "name": "School Playground",
        "osm_id": 1353310435
      }
    },
    {
      "type": "Feature",
      "geometry": {
        "type": "Point",
        "coordinates": [
          31.6755986,
          3.8650886
        ]
      },
      "properties": {
        "amenity": "school",
        "name": "Roman Catholic Primary School",
        "osm_id": 1353318066
      }
    },
    {
      "type": "Feature",
      "geometry": {
        "type": "Point",
        "coordinates": [
          31.6794663,
          3.8469946
        ]
      },
      "properties": {
        "amenity": "school",
        "name": "Roman Catholic School",
        "osm_id": 1353318447
      }
    },
    {
      "type": "Feature",
      "geometry": {
        "type": "Point",
        "coordinates": [
          31.5319625,
          3.7611521
        ]
      },
      "properties": {
        "amenity": "school",
        "name": "Roman Catholic School",
        "osm_id": 1353378572
      }
    },
    {
      "type": "Feature",
      "geometry": {
        "type": "Point",
        "coordinates": [
          30.6688216,
          4.098883
        ]
      },
      "properties": {
        "amenity": "school",
        "name": "Yei Day Secondary School",
        "osm_id": 1353560170
      }
    },
    {
      "type": "Feature",
      "geometry": {
        "type": "Point",
        "coordinates": [
          30.6743978,
          4.1111934
        ]
      },
      "properties": {
        "amenity": "school",
        "name": "DAR EL SALAAM PRIMARY SCHOOL",
        "osm_id": 1353560300
      }
    },
    {
      "type": "Feature",
      "geometry": {
        "type": "Point",
        "coordinates": [
          30.6654396,
          4.08819
        ]
      },
      "properties": {
        "amenity": "school",
        "name": "kinji pramiry school",
        "osm_id": 1353560801
      }
    },
    {
      "type": "Feature",
      "geometry": {
        "type": "Point",
        "coordinates": [
          30.6868609,
          4.0990862
        ]
      },
      "properties": {
        "amenity": "school",
        "name": "st paul secondary school",
        "osm_id": 1353560802
      }
    },
    {
      "type": "Feature",
      "geometry": {
        "type": "Point",
        "coordinates": [
          30.6982868,
          4.096496
        ]
      },
      "properties": {
        "amenity": "school",
        "name": "mahat primary school",
        "osm_id": 1353560917
      }
    },
    {
      "type": "Feature",
      "geometry": {
        "type": "Point",
        "coordinates": [
          30.6488574,
          4.0775024
        ]
      },
      "properties": {
        "amenity": "school",
        "name": "st joseph lutaya secondary school",
        "osm_id": 1353562431
      }
    },
    {
      "type": "Feature",
      "geometry": {
        "type": "Point",
        "coordinates": [
          31.6182772,
          3.8393217
        ]
      },
      "properties": {
        "amenity": "school",
        "name": "Roman Cahtolic Primary School",
        "osm_id": 1353571160
      }
    },
    {
      "type": "Feature",
      "geometry": {
        "type": "Point",
        "coordinates": [
          31.6284899,
          3.7598785
        ]
      },
      "properties": {
        "amenity": "school",
        "name": "Roman Catholic Primary School",
        "osm_id": 1353587323
      }
    },
    {
      "type": "Feature",
      "geometry": {
        "type": "Point",
        "coordinates": [
          31.6280576,
          3.7596875
        ]
      },
      "properties": {
        "amenity": "school",
        "osm_id": 1353587324
      }
    },
    {
      "type": "Feature",
      "geometry": {
        "type": "Point",
        "coordinates": [
          31.6359523,
          3.7368718
        ]
      },
      "properties": {
        "amenity": "school",
        "name": "Roman Catholic Primary School",
        "osm_id": 1353587893
      }
    },
    {
      "type": "Feature",
      "geometry": {
        "type": "Point",
        "coordinates": [
          31.4843138,
          3.7690148
        ]
      },
      "properties": {
        "amenity": "school",
        "name": "Roman Catholic Primaery School",
        "osm_id": 1354583822
      }
    },
    {
      "type": "Feature",
      "geometry": {
        "type": "Point",
        "coordinates": [
          31.6544456,
          3.8420224
        ]
      },
      "properties": {
        "amenity": "school",
        "name": "Roman Catholic Primary School",
        "osm_id": 1354596664
      }
    },
    {
      "type": "Feature",
      "geometry": {
        "type": "Point",
        "coordinates": [
          31.5873358,
          4.8488031
        ]
      },
      "properties": {
        "addr:city": "Hai Nyakama",
        "amenity": "school",
        "education": "school",
        "name": "Bishop Mazzoldi Nursery and Primary School",
        "operator": "Catholic Church of Juba",
        "operator:type": "private",
        "source": "JUBA Infrastructure Digitization, 2026",
        "osm_id": 1455945547
      }
    },
    {
      "type": "Feature",
      "geometry": {
        "type": "Point",
        "coordinates": [
          31.5997098,
          4.8254422
        ]
      },
      "properties": {
        "amenity": "school",
        "boundary": "visible",
        "name": "St. Theresa Basic Kindergarten",
        "osm_id": 1468717550
      }
    },
    {
      "type": "Feature",
      "geometry": {
        "type": "Point",
        "coordinates": [
          23.9858874,
          9.6068558
        ]
      },
      "properties": {
        "amenity": "school",
        "education": "school",
        "osm_id": 1472029911
      }
    },
    {
      "type": "Feature",
      "geometry": {
        "type": "Point",
        "coordinates": [
          32.8029388,
          11.7469988
        ]
      },
      "properties": {
        "addr:city": "Renk",
        "amenity": "school",
        "name": "El-Dawa Islamic Organisation Boys",
        "type": "multipolygon",
        "osm_id": 13642165
      }
    },
    {
      "type": "Feature",
      "geometry": {
        "type": "Point",
        "coordinates": [
          31.6274267,
          4.7949502
        ]
      },
      "properties": {
        "amenity": "school",
        "landuse": "education",
        "name": "St Vincent de Paul Primary School",
        "type": "multipolygon",
        "osm_id": 17069590
      }
    }
  ]
}