Name,Type,State,County,Latitude,Longitude
Adut Adhot Basic School,PRI,Northern Bahr el Ghazal,Aweil East,9.107817,27.623699
Ayok Anei Girls Primary School,PRI,Northern Bahr el Ghazal,Aweil South,8.72693,27.858101
Agany Amuol Primary,PRI,Warrap,Twic,9.124935471,28.40741571
Malual Agurping Primary School,PRI,Warrap,Gogrial West,8.58682925,28.12137525
Aciira-Jak Primary School,PRI,Warrap,Tonj North,7.8674835,28.79580825
Adoor Basic School,PRI,Northern Bahr el Ghazal,Aweil East,9.0456,27.77375
Abegi Primary School,PRI,Central Equatoria,Yei River,4.01325,30.56505
Mading Abiel Primary School,PRI,Warrap,Twic,9.124935471,28.40741571
Abiriu Boys Primary School,PRI,Lakes,Cueibet,6.936717,29.423901
Abuba Primary School,PRI,Northern Bahr el Ghazal,Aweil Centre,8.90055,26.643467
Adut bul primary,PRI,Warrap,Gogrial West,8.760345286,28.15426457
Little Lamb Academy,PRI,Eastern Equatoria,Kapoeta East,4.579079444,34.11462444
Amada centre Primary School,PRI,Western Equatoria,Mundri West,5.507333,30.339617
Adol Ciluit Primary School,PRI,Lakes,Rumbek Centre,6.826683,29.609949
Acigor Boys Primary School,PRI,Lakes,Yirol East,6.711417,30.497583
Abiey Cok Primary School,PRI,Lakes,Cueibet,6.967733,29.37355
Nyongwa Primary School,PRI,Eastern Equatoria,Magwi,3.831602833,31.958733
Adany Primary,PRI,Northern Bahr el Ghazal,Aweil South,8.6409066,28.1769034
Adior Primary School,PRI,Lakes,Yirol East,6.803433,30.7024
Araka Displaced Primary School,PRI,Western Equatoria,Maridi,4.948783,29.504932
Atuet Dit Primary,PRI,Northern Bahr el Ghazal,Aweil East,9.040316667,27.6637245
Malaga Adventist Primary School,PRI,Western Equatoria,Maridi,5.020025167,29.789614
Nyony Primary School,PRI,Unity,Leer,8.316434389,30.21096106
Aweil Madina (Boys) Primary School,PRI,Northern Bahr el Ghazal,Aweil Town,8.763017,27.398684
Abiriu ECS primary,PRI,Lakes,Cueibet,6.935483333,29.43480583
Ariec Primary School,PRI,Warrap,Tonj South,8.1069166,28.6594268
Panyim Primary,PRI,Jonglei,Nyirol (Diror),8.1915,32.132999
Afa Displaced Primary School,PRI,Western Equatoria,Maridi,4.975933,29.64065
Ambassador for christ Secondary,SEC,Central Equatoria,Morobo,3.713572167,30.94429167
Africa Inland Church Primary,PRI,Eastern Equatoria,Magwi,3.77148696,32.1434993
Agany Stellite Primary School,PRI,Lakes,Yirol West,6.4488165,30.059104
Anyidi Girls Boarding Primary School,PRI,Jonglei,Bor,6.180317,31.812349
Athiang Girls Centre,PRI,Northern Bahr el Ghazal,Aweil East,8.872467,27.535049
Ager Primary School,PRI,Warrap,Tonj East,7.832033,29.316616
NGO Baggari Primary,PRI,Western Bahr el Ghazal,Wau,7.6449335,27.883883
Ajong Primary School,PRI,Warrap,Twic,9.069933,28.340668
Agok Primary School,PRI,Warrap,Gogrial West,7.755077667,28.191147
Aruop-Nyiel Girls Primary School,PRI,Lakes,Yirol East,6.66059575,30.76042125
Anganguot Primary,PRI,Warrap,Twic,9.135366667,28.50899267
Acigor Girls Primary,PRI,Lakes,Yirol East,6.7105,30.501266
Awany Girls Primary School,PRI,Warrap,Twic,9.125,28.407499
Ager Gum Primary School,PRI,Lakes,Rumbek Centre,6.810633,29.66955
Mathiang Aher Primary School,PRI,Northern Bahr el Ghazal,Aweil West,8.70838,27.28874
Ayak Hong,PRI,Northern Bahr el Ghazal,Aweil West,8.840072333,27.38975533
Ahuyiir Primary,PRI,Northern Bahr el Ghazal,Aweil North,9.189417,27.009333
Wunlir Primary School,PRI,Jonglei,Twic East,7.047972917,31.41733967
Africa Inland Church primary,PRI,Central Equatoria,Juba,4.853290368,31.55675447
Atepi Primary,PRI,Eastern Equatoria,Magwi,3.77148696,32.1434993
Africa Inland Church Primary School,PRI,Central Equatoria,Juba,4.9349,30.587566
AIC Primary School,PRI,Eastern Equatoria,Ikotos,5.191233,33.11055
Maluil Ajak Primary School,PRI,Warrap,Gogrial West,8.2977,28.967051
Majak Biar Primary School,PRI,Northern Bahr el Ghazal,Aweil East,9.1705665,27.3823455
Mayom Adhal Primary School,PRI,Northern Bahr el Ghazal,Aweil North,9.180385,26.94400482
MARIAL AJIITH Primary School,PRI,Western Bahr el Ghazal,Jur River,7.8339932,28.0474766
Ajok Primary School,PRI,Northern Bahr el Ghazal,Aweil West,8.708385,27.288745
Majak Kol military school,PRI,Warrap,Twic,9.2677634,28.6625164
Kuajok National Secondary School,SEC,Warrap,Gogrial West,7.755077667,28.191147
Ajakwol Community School,PRI,Northern Bahr el Ghazal,Aweil North,9.3302,27.105217
Abyei Janai Primary School,PRI,Lakes,Cueibet,7.118477833,29.23402167
Ajogo Primary School,PRI,Warrap,Gogrial East,8.70575,28.423134
Angui Jur Primary,PRI,Western Bahr el Ghazal,Jur River,7.7781025,28.0818325
Akoch Atong Mabil Primary School,PRI,Northern Bahr el Ghazal,Aweil North,9.13580585,27.25816525
Akoch Secondary School,SEC,Warrap,Twic,9.155249923,28.02942154
Makol Akenyjok Primary School,PRI,Northern Bahr el Ghazal,Aweil East,9.083667,27.450951
Aker - abouk primary school,PRI,Warrap,Gogrial East,8.686733167,28.475536
Akobo Girls Primary School,PRI,Jonglei,Akobo,7.809778571,33.01718857
Ajok Wol,PRI,Northern Bahr el Ghazal,Aweil East,9.2908534,27.692356
Akon Primary School,PRI,Warrap,Gogrial West,8.89705,28.967484
Akor Kor Primary,PRI,Lakes,Rumbek East,6.60598775,29.78997125
Anyiel Kuac Primary School,PRI,Warrap,Twic,9.260417,28.5392
Ayok Primary School,PRI,Warrap,Tonj East,8.01845,29.495733
Malualdit Agep Primary School,PRI,Northern Bahr el Ghazal,Aweil North,9.13580585,27.25816525
Okulu Primary School,PRI,Eastern Equatoria,Torit,4.195217,32.3848
Aic Luther Senior Secondary School,SEC,Eastern Equatoria,Ikotos,4.288104125,33.13794413
Adol Primary School,PRI,Lakes,Rumbek East,6.6239,29.922167
Al-Mukhtar Girls Primary School,PRI,Western Bahr el Ghazal,Wau,7.70875,27.984882
Alel Chok Primary,PRI,Western Bahr el Ghazal,Jur River,7.8339932,28.0474766
Kasa Alokado primary,PRI,Western Equatoria,Mundri East,5.2529,30.5091
ALPHA Primary School,PRI,Warrap,Gogrial West,7.755077667,28.191147
Aluel Primary School,PRI,Warrap,Twic,9.155249923,28.02942154
Al-Salam B Basic school,PRI,Central Equatoria,Juba,4.832683,31.930067
Malith Thony Primary School,PRI,Northern Bahr el Ghazal,Aweil North,9.1330766,27.1597499
Aleul Guet Primary School,PRI,Lakes,Cueibet,7.31818725,29.36898325
Rumrit Primary School,PRI,Northern Bahr el Ghazal,Aweil South,8.782755667,27.88064967
Adol Manyiel Primary School,PRI,Lakes,Rumbek Centre,6.69369575,29.689409
Aweil Medina B Primary,PRI,Northern Bahr el Ghazal,Aweil Town,8.76425,27.401983
Alpha Omega Primary,PRI,Western Equatoria,Yambio,4.593796629,28.46359406
Anek Mathiang Girls Primary School,PRI,Lakes,Cueibet,6.963525,29.380016
Ambassadors for christ Primary School,PRI,Central Equatoria,Morobo,3.5613,30.881201
Amadi II primary,PRI,Western Equatoria,Mundri West,5.5167032,30.3707632
Ammy Robins Primary School,PRI,Warrap,Gogrial West,7.755077667,28.191147
Adventist Model primary,PRI,Western Equatoria,Maridi,4.993398333,29.41142376
Ama-Alo Model Primary School,PRI,Western Equatoria,Mundri West,5.386698222,30.26264278
Amol But Primary School,PRI,Lakes,Cueibet,6.935483333,29.43480583
Angol Primary School,PRI,Northern Bahr el Ghazal,Aweil West,8.840117,27.389767
Angernger Academic Primary School,PRI,Warrap,Gogrial East,8.366283,28.425449
Moli Andru Primary,PRI,Eastern Equatoria,Magwi,3.8316,31.9587
Ngap Anet Primary School,PRI,Warrap,Tonj South,7.491375348,28.94489365
AIC NEW FOUNDATION Primary School,PRI,Central Equatoria,Juba,4.840617,31.580851
Little Angel Primary,PRI,Northern Bahr el Ghazal,Aweil Town,8.76425,27.401983
Angol Girls Primary School,PRI,Warrap,Tonj South,7.491375348,28.94489365
Anikumba College School,PRI,Western Equatoria,Tambura,5.520666615,27.46683438
Mentor Nursery and primary school,PRI,Central Equatoria,Juba,4.853290368,31.55675447
Anisononga Nursary And Primary School,PRI,Western Equatoria,Tambura,5.520666615,27.46683438
Anyang Primary School,PRI,Northern Bahr el Ghazal,Aweil East,9.2908534,27.692356
Abaany Primary School.,PRI,Northern Bahr el Ghazal,Aweil East,9.051937625,27.37396888
Anuai Primary School,PRI,Northern Bahr el Ghazal,Aweil West,8.840072333,27.38975533
Wenepaida nursery and primary school,PRI,Western Equatoria,Ezo,5.076714077,27.48552069
Achol Malek Primary School,PRI,Lakes,Cueibet,7.17545,29.211866
Ajio I Primary School,PRI,Central Equatoria,Kajo-Keji,3.839867,31.194616
Ajio II Primary School,PRI,Central Equatoria,Kajo-Keji,3.797831807,31.34565338
Alool Primary School,PRI,Lakes,Wulu,6.797332216,29.99964754
Akop Primary School,PRI,Warrap,Tonj North,8.360133,29.164383
Arilo Primary,PRI,Eastern Equatoria,Lafon,4.815791261,32.62831235
Adodo Primary School,PRI,Central Equatoria,Yei River,3.957417,30.508167
Amoth Primary School,PRI,Warrap,Gogrial West,8.58682925,28.12137525
Abou Primary School,PRI,Western Bahr el Ghazal,Jur River,8.007211111,27.73421689
Ayom Primary,PRI,Western Bahr el Ghazal,Jur River,7.77802,28.081751
Africa Inland Church Primary School,PRI,Eastern Equatoria,Torit,4.4061983,32.575492
Amee Primary,PRI,Eastern Equatoria,Magwi,3.76308,32.166531
Aporlang Primary School,PRI,Warrap,Tonj North,8.11195,28.62774175
Ajugo Primary School,PRI,Western Bahr el Ghazal,Jur River,7.7781025,28.0818325
Ajiith Primary School,PRI,Northern Bahr el Ghazal,Aweil South,8.784472333,27.66910633
Apaping Girls Primary School,PRI,Warrap,Twic,9.135366667,28.50899267
Alok Primary School,PRI,Northern Bahr el Ghazal,Aweil Centre,8.443183,27.529667
Aic Lohutok Primary School,PRI,Eastern Equatoria,Lafon,4.585817,32.908901
Arimbe Primary School,PRI,Central Equatoria,Morobo,3.716867,30.662117
A.I.C Nacipo Primary School,PRI,Eastern Equatoria,Kapoeta East,4.5791,34.114601
Achu Pajok Primary School,PRI,Warrap,Gogrial West,8.914117,27.966967
Abalwa Primary School,PRI,Eastern Equatoria,Torit,4.4062,32.5755
Ayuath Primary School,PRI,Warrap,Tonj South,7.399379,29.9520335
Ayei Primary School,PRI,Lakes,Rumbek Centre,6.868467,29.638149
Malual Agei primary school,PRI,Warrap,Gogrial West,7.755077667,28.191147
Nyangore Primary,PRI,Upper Nile,Ulang,10.27941861,32.65857108
Ariik Mawien Primary School,PRI,Northern Bahr el Ghazal,Aweil East,9.208183,27.4172
Aborom Primary School,PRI,Jonglei,Twic East,6.8316,31.461
Aciir Cok Primary School,PRI,Warrap,Tonj North,8.690844667,28.57242767
Army Garrission Primary School,PRI,Western Equatoria,Maridi,4.993398333,29.41142376
Adhor primary,PRI,Warrap,Tonj North,8.289217,28.40295
Ajira Primary School,PRI,Central Equatoria,Kajo-Keji,3.785493955,31.58015764
Alel Riak Math Primary School,PRI,Lakes,Cueibet,6.9879585,29.327592
Agoor Primary School,PRI,Northern Bahr el Ghazal,Aweil West,8.7788,27.3106005
Aker Primary School,PRI,Eastern Equatoria,Magwi,3.77148696,32.1434993
Apiir Primary School,PRI,Jonglei,Twic East,7.253628,31.393933
Ammy Robin 2 Primary School,PRI,Warrap,Gogrial West,7.755077667,28.191147
Apuk Ruop Primary School,PRI,Lakes,Cueibet,6.849517,29.225967
Akot Salam Primary School,PRI,Lakes,Awerial,6.0526,31.506832
Abinkuac Girls Primary School,PRI,Lakes,Rumbek East,6.495267,29.952417
Apeet Primary School School,PRI,Lakes,Rumbek Centre,6.807861,29.6728335
Ajiep Primary School,PRI,Warrap,Gogrial West,7.755077667,28.191147
Abin-Ajok Primary School,PRI,Lakes,Rumbek Centre,6.741783,29.667732
Assosa community primary,PRI,Upper Nile,Malakal,9.394183,31.584417
Abiei Primary School,PRI,Warrap,Tonj East,7.7017398,28.9292266
Andasire Primary School,PRI,Central Equatoria,Kajo-Keji,3.723067,31.58395
Agola Secondary School,SEC,Eastern Equatoria,Magwi,3.77148696,32.1434993
Akuat Primary School,PRI,Warrap,Gogrial West,7.721817,27.99745
Ayii Kit Primary School,PRI,Eastern Equatoria,Magwi,3.76308,32.166531
Atido Basic School,PRI,Western Bahr el Ghazal,Jur River,8.007211111,27.73421689
Atem Weel primary,PRI,Warrap,Gogrial West,7.755077667,28.191147
Anyiel Thon Primary,PRI,Warrap,Twic,9.155249923,28.02942154
Aloto Primary,PRI,Central Equatoria,Morobo,3.749717,30.619034
Akal Thut Primary,PRI,Northern Bahr el Ghazal,Aweil Centre,8.828733,27.3024575
Athur,PRI,Western Bahr el Ghazal,Jur River,7.7781025,28.0818325
Atido Nyinam Primary,PRI,Western Bahr el Ghazal,Jur River,7.6317,28.062218
Auluic Primary School,PRI,Northern Bahr el Ghazal,Aweil Centre,8.71097,27.645797
Akol Kuol Secondary school,SEC,Northern Bahr el Ghazal,Aweil Town,8.7660532,27.3341302
Ayai Upper School,PRI,Northern Bahr el Ghazal,Aweil South,8.808117,27.678818
Nyiwala Primary,PRI,Western Bahr el Ghazal,Jur River,7.694476,28.12680056
Aru Primary School,PRI,Warrap,Tonj North,7.9582934,28.3911568
Abundant Life Primary,PRI,Lakes,Rumbek East,6.5312085,30.0342085
Adventist Primary School,PRI,Central Equatoria,Yei River,4.085917,30.683666
Airport View Primary School,PRI,Eastern Equatoria,Torit,4.4061983,32.575492
Avumadrici Primary School,PRI,Eastern Equatoria,Magwi,3.575,32.202
Kuawara Primary School,PRI,Western Bahr el Ghazal,Jur River,7.694476,28.12680056
Atlabara West Basic School,PRI,Central Equatoria,Juba,4.838733,31.588051
Aweil Gedid Primary School,PRI,Western Bahr el Ghazal,Wau,7.9504,28.069401
Awoda Upper Primary School,PRI,Northern Bahr el Ghazal,Aweil Centre,8.064,26.844217
Aworo Pruimary school,PRI,Central Equatoria,Morobo,3.661,30.714184
Aweil National Seconday School,SEC,Northern Bahr el Ghazal,Aweil Town,8.760983,27.397667
Awul Primary School,PRI,Warrap,Tonj North,8.187033,28.736017
Ayen Paciec Primary,PRI,Lakes,Wulu,6.797332216,29.99964754
Ayii Central Primary School,PRI,Eastern Equatoria,Magwi,3.76308,32.166531
Ayak tiit Primary School,PRI,Northern Bahr el Ghazal,Aweil West,8.840072333,27.38975533
Thur-Aluar Primary School,PRI,Western Bahr el Ghazal,Jur River,8.007211111,27.73421689
Aya Primary,PRI,Western Bahr el Ghazal,Jur River,7.298895286,28.38646386
Akau Primary,PRI,Western Bahr el Ghazal,Jur River,7.298895286,28.38646386
Bakou Basic School,PRI,Northern Bahr el Ghazal,Aweil East,9.086417,27.898382
Badi Academy Primary,PRI,Western Equatoria,Yambio,4.593796629,28.46359406
Barakol Primary School,PRI,Western Bahr el Ghazal,Jur River,8.0073,27.734301
Obadiait Brothers Keeper Primary,PRI,Eastern Equatoria,Magwi,3.831602833,31.958733
Bamani Primary School,PRI,Western Equatoria,Ibba,4.540367,29.170584
Buagyi primary,PRI,Western Equatoria,Mundri East,5.1493,30.627117
Bahr Gel Primary School,PRI,Lakes,Wulu,6.797332216,29.99964754
Buluk A III Primary School,PRI,Central Equatoria,Juba,4.846667,31.596033
Bur Ajak Primary,PRI,Northern Bahr el Ghazal,Aweil South,8.626983,28.360132
Baakiwiri Primary School,PRI,Western Equatoria,Yambio,4.536917,28.335567
Bor A Mixed Primary,PRI,Jonglei,Bor,6.499701435,31.04911048
Abang Primary School,PRI,Lakes,Yirol West,6.656717,30.63335
Abara Primary School,PRI,Eastern Equatoria,Magwi,3.76308,32.166531
Babari Primary School,PRI,Western Equatoria,Mvolo,6.84119,30.75797
Badi Academy Primary School,PRI,Western Equatoria,Yambio,4.593796629,28.46359406
Bari Primary School,PRI,Central Equatoria,Terekeka,5.820216714,30.91641214
Abayok Primary School,PRI,Warrap,Twic,9.1248,28.407301
Bazungua 2 Primary school,PRI,Western Equatoria,Yambio,4.614583,28.402033
Bori Basic School,PRI,Central Equatoria,Juba,4.9349,30.587566
Babcok Primary School,PRI,Warrap,Tonj South,7.271617,28.582718
Ibba Secondary,SEC,Western Equatoria,Ibba,4.718527667,29.17107767
Obbo Primary,PRI,Eastern Equatoria,Magwi,4.046483,32.421982
Ibba Girls Boarding School,PRI,Western Equatoria,Ibba,4.788767,29.140217
Bibin Primary,PRI,Central Equatoria,Kajo-Keji,3.7856,31.5802
Bimo Primary School,PRI,Western Equatoria,Yambio,4.693072333,28.42156167
Ibba town Primary,PRI,Western Equatoria,Ibba,4.718527667,29.17107767
Nyori Secondary,SEC,Central Equatoria,Yei River,4.051143875,30.47216063
Bangang Basic School,PRI,Upper Nile,Renk,11.420383,33.124802
Bangasi Academy Secondary,SEC,Western Equatoria,Yambio,4.593796629,28.46359406
Baac Primary School,PRI,Northern Bahr el Ghazal,Aweil East,8.825833,27.676832
Bagidi Cetre Primary School,PRI,Western Equatoria,Ezo,5.181417,27.673468
Bavuru Community Girls school,PRI,Western Equatoria,Tambura,5.545033,27.469366
Bor College High School,SEC,Jonglei,Bor,6.4998,31.0492
Pongborong Primary School,PRI,Jonglei,Twic East,7.127817,31.400118
Bor B Complex Primary,PRI,Jonglei,Bor,6.208133,31.554234
Bidibadai Primary School,PRI,Lakes,Wulu,6.797332216,29.99964754
Piantok Primary,PRI,Western Bahr el Ghazal,Jur River,7.694476,28.12680056
Bandala Primary Scchool,PRI,Western Equatoria,Nagero,6.37968,27.7684632
Bodo Primary School,PRI,Western Equatoria,Yambio,4.634267,28.517967
Bondor Primary School,PRI,Warrap,Twic,9.12205,28.108433
Black Eagle Academic Primary,PRI,Jonglei,Bor,6.4996,31.049101
Beer Primary School,PRI,Jonglei,Uror (Wunror),8.031083333,31.96098933
Bahr El Gindi Primary School,PRI,Western Equatoria,Mvolo,6.84119,30.757971
Bulluk Basic Education,PRI,Western Bahr el Ghazal,Wau,7.694683,27.998533
Ebenezer Primary School,PRI,Central Equatoria,Kajo-Keji,3.785493955,31.58015764
Ber-ber Primary,PRI,Western Bahr el Ghazal,Jur River,7.7781025,28.0818325
Beregero Primary School,PRI,Western Equatoria,Ezo,4.991583,27.66465
Biel Kuac Primary,PRI,Unity,Mayom,9.088242429,29.14095971
Evangelical Orphanage Primary School,PRI,Jonglei,Bor,6.499701435,31.04911048
Berezawa Primary School,PRI,Western Equatoria,Yambio,4.704790889,28.70675544
Wunbil Primary,PRI,Jonglei,Nyirol (Diror),8.117767,32.090549
Bright Future Islamic Primary School,PRI,Central Equatoria,Morobo,3.686521259,30.81149592
Bafilo,PRI,Western Equatoria,Tambura,5.567933,27.341766
Bafuka Primary School,PRI,Western Equatoria,Ezo,4.9892,27.790283
Boro Primary,PRI,Western Bahr el Ghazal,Raja,8.467677667,25.173327
Big Ben Secondary School,SEC,Central Equatoria,Juba,4.8877735,31.48765774
Bright Future Primary School,PRI,Warrap,Gogrial West,7.755077667,28.191147
Bright Star Primary School,PRI,Western Equatoria,Yambio,4.593796629,28.46359406
Bringi Primary School,PRI,Western Bahr el Ghazal,Wau,7.62765,27.903833
Bogori Primary School,PRI,Western Equatoria,Mvolo,6.84118,30.757959
Borongole Sec. School,SEC,Eastern Equatoria,Magwi,3.831602833,31.958733
Bright Hope Academy primary,PRI,Central Equatoria,Juba,4.853290368,31.55675447
Bieh Primary School,PRI,Unity,Koch,8.456317,30.123167
Bhil - Pham Basic School,PRI,Western Bahr el Ghazal,Wau,7.950166207,28.06916507
Bira Secondary School,SEC,Eastern Equatoria,Ikotos,3.905972333,33.51602667
Bohollonya Primary School,PRI,Eastern Equatoria,Budi,4.384568525,32.86773956
Bahr-Olo Primary School,PRI,Western Equatoria,Maridi,5.082767,29.830566
Ibahure Primary,PRI,Eastern Equatoria,Lafon,4.5930666,32.8766598
Bongoni Primary School,PRI,Western Equatoria,Nagero,6.37968,27.7684632
Bariarie Primary School,PRI,Central Equatoria,Terekeka,5.309383,31.751699
Boiloch Primary,PRI,Jonglei,Nyirol (Diror),8.43885,31.802567
Bor Girls Primary School,PRI,Jonglei,Bor,6.499701435,31.04911048
Bishop Mazzolari Primary,PRI,Lakes,Rumbek Centre,6.54314575,29.562691
Boma Itti Primary School,PRI,Jonglei,Pibor,6.8029632,33.1299904
Bundiir Primary School,PRI,Warrap,Tonj North,8.274267,29.190968
St. Mary Primary,PRI,Western Equatoria,Ibba,4.799333,29.052767
Benjamin Bol akol Secondary School,SEC,Northern Bahr el Ghazal,Aweil North,9.13580585,27.25816525
Bouji Secondary School,SEC,Upper Nile,Maban,9.9654,33.807117
Malek Boys Primary School,PRI,Lakes,Yirol East,6.694133,30.856805
Bajur Primary School,PRI,Central Equatoria,Kajo-Keji,3.898199273,31.62598939
Buokagook Primary School,PRI,Warrap,Gogrial East,8.488110375,28.52268138
Abek Primary School,PRI,Warrap,Twic,9.0923,28.3193
Beek Primary,PRI,Western Bahr el Ghazal,Jur River,7.694476,28.12680056
Biokbet Primary School,PRI,Northern Bahr el Ghazal,Aweil South,8.6409066,28.1769034
BEKENYE Primary School,PRI,Western Equatoria,Mundri East,5.665597167,30.65709183
Buok Primary School,PRI,Unity,Koch,8.479333,30.128283
Bokana Primary School,PRI,Central Equatoria,Terekeka,5.6513,31.337545
Don Bosco Primary School,PRI,Western Equatoria,Maridi,4.918533,29.430883
Thuop Primary,PRI,Jonglei,Ayod,8.321983,31.369633
Bakpara Primary School,PRI,Western Equatoria,Nzara,4.563917,28.256416
Bereka Primary School,PRI,Central Equatoria,Lainya,4.40125,31.041117
Bakosoro Primary School,PRI,Western Equatoria,Tambura,5.520666615,27.46683438
Beliak Primary School,PRI,Central Equatoria,Kajo-Keji,3.877467,31.651583
Bal Bal Basic School,PRI,Eastern Equatoria,Torit,4.41178,32.627029
Bilingcok Primary School,PRI,Lakes,Rumbek East,6.7245,29.7558
Bilinya Primary School,PRI,Eastern Equatoria,Magwi,3.574972,32.20202267
Bilal Binrabah Primary School,PRI,Central Equatoria,Juba,4.861417,31.588234
Billinguet Primary School,PRI,Lakes,Cueibet,6.9879585,29.327592
Bilali Primary School,PRI,Western Equatoria,Maridi,4.756667,29.602016
Biling-Anger Primary School,PRI,Lakes,Cueibet,6.946083,29.412201
Bul Primary School,PRI,Warrap,Gogrial West,8.58682925,28.12137525
Blessed Primary,PRI,Eastern Equatoria,Magwi,4.115,32.356098
BULICH Primary School.,PRI,Warrap,Gogrial East,8.478017,28.477568
Buluk AII Primary School,PRI,Central Equatoria,Juba,4.838033,31.596018
Buluk B Primary School,PRI,Central Equatoria,Juba,6.1933,31.76985
Buluk Secondary,SEC,Western Bahr el Ghazal,Wau,7.950166207,28.06916507
Bulyom Primary School,PRI,Warrap,Twic,9.110517,28.6091
Bishop Mazoldi Primary School,PRI,Eastern Equatoria,Kapoeta South,4.697,33.610802
Bambu Primary School,PRI,Western Equatoria,Tambura,5.45335,27.346817
Biem Primary School,PRI,Unity,Ruweng,9.63252,30.26672
Bishop Akio Memorial Secondary School,SEC,Eastern Equatoria,Torit,4.4062,32.5755
Boro-Boro,PRI,Central Equatoria,Kajo-Keji,3.797831807,31.34565338
Bamurye Primary School,PRI,Central Equatoria,Kajo-Keji,3.680917,31.545168
Banangba Primary School,PRI,Western Equatoria,Yambio,4.518433,28.41345
Abong Primary School,PRI,Upper Nile,Baliet,9.1573,32.205299
Baan Primary,PRI,Jonglei,Old Fangak,9.0778165,30.919724
Bandame Primary School,PRI,Central Equatoria,Yei River,4.322667,30.287951
Bandara Primary School,PRI,Western Equatoria,Ezo,5.25775,27.765066
Banduguyo Primary School,PRI,Western Equatoria,Ezo,5.17045,27.442183
Bang Primary School,PRI,Unity,Koch,8.526840429,30.54233386
Bang-Abuoc,PRI,Warrap,Twic,9.155249923,28.02942154
Bangangai Primary School,PRI,Western Equatoria,Ezo,4.860167,27.705
Bangari Primary School,PRI,Western Bahr el Ghazal,Wau,7.575017,27.890249
Bangasi Primary,PRI,Western Equatoria,Yambio,4.601417,28.75255
Bangasu Primary School,PRI,Western Equatoria,Yambio,4.790667,28.7785
Bangolo,PRI,Western Equatoria,Mundri West,5.3743241,30.27476595
Banjalle Primary,PRI,Upper Nile,Maban,10.1774,33.882084
Banyejur Primary,PRI,Jonglei,Nyirol (Diror),8.5606,31.962799
Bindu Primary,PRI,Central Equatoria,Morobo,3.713572167,30.94429167
Bulolo Primary School,PRI,Western Equatoria,Mvolo,6.84115,30.757931
Abiok Jak Primary School,PRI,Warrap,Twic,9.2935,28.749166
Bol Bol Primary School,PRI,Warrap,Tonj North,7.7686085,28.515788
Bori Primary School,PRI,Central Equatoria,Kajo-Keji,3.783267,31.507517
Bori Secondary School,SEC,Central Equatoria,Kajo-Keji,3.785493955,31.58015764
Bori Primary School,PRI,Central Equatoria,Lainya,4.087033,30.982082
St. Paul (Gudele) Primary School - Gureyi,PRI,Central Equatoria,Juba,4.9349,30.587566
Bar Makuehdur Primary School,PRI,Lakes,Rumbek East,6.586067,29.88575
Bunkor primary,PRI,Warrap,Twic,9.124935471,28.40741571
Bungu primary l,PRI,Central Equatoria,Juba,4.8877735,31.48765774
Baping Primary School,PRI,Jonglei,Twic East,7.074183,31.444134
Bongo Primary School,PRI,Central Equatoria,Lainya,4.142367,30.820667
Bor Public Primary School,PRI,Jonglei,Bor,6.499701435,31.04911048
Buluk A1 Primary School,PRI,Central Equatoria,Juba,4.98589713,31.67994678
Birigo Primary School,PRI,Central Equatoria,Lainya,4.3364875,31.1230375
BAGIRI Primary School,PRI,Central Equatoria,Yei River,4.3982,30.233999
Aber Primary School,PRI,Lakes,Rumbek Centre,6.870433,29.575583
Abior Primary,PRI,Warrap,Tonj East,8.252917,29.269033
Bar-Aliap Primary School,PRI,Lakes,Rumbek East,6.593733,29.877268
Bar-Mayen Primary School,PRI,Northern Bahr el Ghazal,Aweil Centre,8.449917,27.748484
Bar-Yar Basic School,PRI,Western Bahr el Ghazal,Wau,7.950166207,28.06916507
Abiriko Primary School,PRI,Western Equatoria,Ibba,4.90575,29.3473
Barbol Primary,PRI,Lakes,Wulu,6.797332216,29.99964754
Bargel Primary School,PRI,Lakes,Cueibet,7.019967,29.156733
Bari Primary,PRI,Eastern Equatoria,Torit,4.573017,32.487034
Bari Primary,PRI,Western Equatoria,Mundri East,5.665597167,30.65709183
Bari Primary School,PRI,Western Equatoria,Mundri West,5.229633,30.393967
Bari Primary School,PRI,Western Equatoria,Mvolo,6.8412,30.75798
Barugu Primary School,PRI,Western Equatoria,Ezo,4.982767,27.688351
Bar-Urud Primary School,PRI,Western Bahr el Ghazal,Jur River,7.979633,27.520166
Barwol Primary School,PRI,Western Bahr el Ghazal,Jur River,7.298895286,28.38646386
Bright Star Academy School,SEC,Central Equatoria,Kajo-Keji,3.797831807,31.34565338
Bussere Primary School,PRI,Western Bahr el Ghazal,Wau,7.950166207,28.06916507
Bazumburu SDA Primary School,PRI,Western Equatoria,Yambio,4.652783,28.544718
Beselia Primary,PRI,Western Bahr el Ghazal,Wau,7.765333,27.709499
Bishop Mazzoldi Memorial Basic School,PRI,Central Equatoria,Juba,4.98589713,31.67994678
Bira Primary School,PRI,Eastern Equatoria,Ikotos,3.834517,33.581081
Burgik Primary School,PRI,Warrap,Twic,9.135366667,28.50899267
Bong Primary School.,PRI,Warrap,Gogrial East,8.27125,28.50995714
Olianga Primary School,PRI,Eastern Equatoria,Torit,4.474550111,32.847471
Bongilo Primary School,PRI,Central Equatoria,Kajo-Keji,3.785493955,31.58015764
Bussere National SSS,SEC,Western Bahr el Ghazal,Wau,7.709833,27.993299
Bor Bright Star Primary,PRI,Jonglei,Bor,6.4997,31.049101
Buong Primary School,PRI,Jonglei,Akobo,8.162167,32.382
Betalado Primary School,PRI,Eastern Equatoria,Budi,4.384568525,32.86773956
Buoth Primary School,PRI,Unity,Leer,8.396233667,30.14911667
Bakitha Primary School,PRI,Warrap,Tonj South,7.212461167,28.65363917
Bitkalau Primary School,PRI,Western Equatoria,Mvolo,6.84119,30.75797
Botoy Primary School,PRI,Lakes,Yirol West,6.62905,30.68885
Bitti Primary School,PRI,Western Equatoria,Mundri West,5.5689,30.436234
Biatu Primary School,PRI,Western Equatoria,Ezo,4.964383,27.949051
Bura Primary School,PRI,Central Equatoria,Terekeka,5.3826,31.680367
Buluk Model Primary School,PRI,Central Equatoria,Juba,4.84735,31.593834
Bunagok Central Primary School,PRI,Lakes,Awerial,6.216033,30.994833
Burung Primary School,PRI,Eastern Equatoria,Ikotos,4.4768195,33.11641117
Buluk Primary School,PRI,Warrap,Gogrial West,7.755077667,28.191147
Buol Akop Primary,PRI,Northern Bahr el Ghazal,Aweil North,9.114167,27.252617
Abulu Primary School,PRI,Western Bahr el Ghazal,Raja,7.722483,26.697701
Abuongo Primary,PRI,Western Bahr el Ghazal,Jur River,7.298895286,28.38646386
Bunagok Comboni Primary School,PRI,Lakes,Awerial,6.211733,30.993851
Buny Primary School.,PRI,Upper Nile,Maban,9.9654,33.807117
Burmath Primary School,PRI,Jonglei,Akobo,7.668583,33.041382
Bulic Awan Rup Primary School,PRI,Warrap,Gogrial West,8.529767,28.1131
Abuyei Primary,PRI,Northern Bahr el Ghazal,Aweil North,8.93885,27.345133
Boaw Primary,PRI,Unity,Koch,8.83335,29.729733
Bow Primary School,PRI,Unity,Leer,8.3327,30.197933
Obwud Primary School,PRI,Upper Nile,Manyo,11.012,32.52
Bawkuman Primary,PRI,Upper Nile,Maban,9.9654,33.807117
Obwodi Primary School,PRI,Jonglei,Pochalla,7.08465,34.166832
Bor Secondary School,SEC,Jonglei,Bor,6.499701435,31.04911048
Beyo Abiro Primary School,PRI,Eastern Equatoria,Magwi,3.76308,32.166531
Majook Abyei Primary School,PRI,Northern Bahr el Ghazal,Aweil South,8.6409066,28.1769034
Bun-Agany Primary School,PRI,Lakes,Yirol East,6.6703,30.512617
Libya 1 Primary School,PRI,Central Equatoria,Juba,4.853290368,31.55675447
Kotome Primary School,PRI,Eastern Equatoria,Kapoeta South,4.69700825,33.6108095
Thoanoum Primary School,PRI,Unity,Panyinjiar,7.479694241,30.36610872
Nyinalel Primary School,PRI,Northern Bahr el Ghazal,Aweil West,8.720585,27.29911044
Bazungua 1 Primary School,PRI,Western Equatoria,Yambio,4.612633,28.484301
Christ Brigh Academy Primary School,PRI,Eastern Equatoria,Torit,4.4061983,32.575492
Kings Academy Primary School,PRI,Central Equatoria,Juba,4.698508,31.293958
Cuei Ajai Primary School,PRI,Warrap,Tonj South,7.2683,28.674917
Chuom Akot Primary School,PRI,Northern Bahr el Ghazal,Aweil East,9.053334667,27.76141083
Rokon Camp Primary School,PRI,Central Equatoria,Juba,4.860833,32.415184
Comboni Mapuordit Primary School,PRI,Lakes,Yirol West,6.339183,30.072149
Pacaweng Primary School,PRI,Warrap,Tonj North,8.33152075,29.10295875
Comboni Secondary School,SEC,Central Equatoria,Juba,4.8330266,31.6651966
Cueibet Boys Primary School,PRI,Lakes,Cueibet,7.013317,29.246651
Chuil Buong Primary School,PRI,Jonglei,Ayod,8.1773804,31.35943567
Cueicok Primary School,PRI,Lakes,Cueibet,7.015183,29.958834
Panthoi primary,PRI,Warrap,Gogrial West,7.755077667,28.191147
Chief Charles Memorial Primary School,PRI,Central Equatoria,Yei River,4.517129816,30.60963066
Chelkou Community Secondary,SEC,Northern Bahr el Ghazal,Aweil West,8.720585,27.29911044
Woro Primary School,PRI,Central Equatoria,Kajo-Keji,3.86365,31.235332
City Dove Academy Nursery and P/S,PRI,Central Equatoria,Juba,4.853290368,31.55675447
Cueibet Secondary,SEC,Lakes,Cueibet,7.118477833,29.23402167
Cueicok Primary School,PRI,Lakes,Rumbek East,6.7251,29.746483
Aciek Primary School,PRI,Lakes,Rumbek North,7.705133,29.639133
Acemenyi Primary School,PRI,Lakes,Cueibet,6.849517,29.225967
Awerial Complex Primary School,PRI,Lakes,Awerial,6.15245,31.176617
St. Peter Clever,PRI,Eastern Equatoria,Torit,4.41181,32.62706
Chinese Friendship secondary,SEC,Central Equatoria,Juba,4.853290368,31.55675447
Community Girls School Madoro,PRI,Western Equatoria,Ezo,5.05355,27.496918
CGS Nakorokpe Primary School,PRI,Western Equatoria,Ezo,5.082017,27.5009
Achana Primary School,PRI,Western Bahr el Ghazal,Jur River,7.298895286,28.38646386
Achot Primary,PRI,Western Bahr el Ghazal,Jur River,7.706467,28.153168
Achel Primary School,PRI,Warrap,Twic,9.119783,28.037399
Achot Primary School,PRI,Warrap,Gogrial East,8.213988071,28.29979786
Achiir Primary School,PRI,Warrap,Tonj North,7.8674835,28.79580825
Chahari Primary School,PRI,Eastern Equatoria,Ikotos,4.288367,33.141048
Charet Primary School,PRI,Eastern Equatoria,Budi,4.384568525,32.86773956
Chalamini Primary School,PRI,Eastern Equatoria,Torit,4.496217,32.907417
Chiban Primary School,PRI,Jonglei,Akobo,7.646933,33.066666
Chiir Primary School,PRI,Warrap,Tonj South,8.1069166,28.6594268
Cholgeah Primary School,PRI,Unity,Mayom,9.223717,29.1651
Chono Primary School,PRI,Western Bahr el Ghazal,Jur River,7.301533,28.437851
Achorou Primary,PRI,Northern Bahr el Ghazal,Aweil West,8.708385,27.288745
Chrokol Primary School,PRI,Eastern Equatoria,Ikotos,4.2364,33.172901
Chitcok Primary School,PRI,Lakes,Cueibet,7.196517,29.221783
Mayom Primary School,PRI,Lakes,Rumbek North,7.759817,29.723833
Chiwel Primary School,PRI,Northern Bahr el Ghazal,Aweil North,9.215883,27.268999
Chuaidok Primary School,PRI,Jonglei,Uror (Wunror),8.1912,32.006332
Chief Monydong Primary,PRI,Upper Nile,Renk,11.7342,32.826401
Panruel Primary School,PRI,Warrap,Twic,9.2677634,28.6625164
Chuil Primary,PRI,Jonglei,Nyirol (Diror),8.38645,32.109169
Central Imurok Primary School,PRI,Eastern Equatoria,Torit,4.307355667,32.38353533
Christian Missionary Fellowship Primary,PRI,Central Equatoria,Yei River,4.517129816,30.60963066
Clement Kathinya Primary School,PRI,Jonglei,Pibor,6.8029632,33.1299904
Chukudum Primary School,PRI,Eastern Equatoria,Budi,4.384568525,32.86773956
Christ The King Primary School,PRI,Unity,Mayom,9.02615,28.846201
Chuei Keer Primary School,PRI,Jonglei,Bor,6.063306,31.73462675
Nyinapor Primary School,PRI,Warrap,Twic,9.218367,28.473167
Comboni Basic School,PRI,Upper Nile,Renk,11.743583,32.813583
Comboni Co.Educ Primary,PRI,Western Bahr el Ghazal,Raja,8.4632,25.676001
Comboni Comprehensive College - Lomin,SEC,Central Equatoria,Kajo-Keji,3.785493955,31.58015764
St Daniel Comboni Primary School,PRI,Western Equatoria,Nzara,4.638967,28.251984
Cum-Nyiel Primary School,PRI,Lakes,Cueibet,6.959317,29.386482
Comprehensive Academy,SEC,Western Equatoria,Mundri West,5.386698222,30.26264278
Comprehensive Primary School,PRI,Central Equatoria,Juba,4.9349,30.587566
Community Girls School Ezo II,PRI,Western Equatoria,Ezo,5.0469,27.458967
Achimoro Primary School,PRI,Eastern Equatoria,Torit,4.41178,32.627029
Rumbek Complex Primary,PRI,Lakes,Rumbek Centre,6.807861,29.6728335
CMS (El Nahari) Primary School,PRI,Central Equatoria,Juba,4.98589713,31.67994678
Cingili Primary School,PRI,Eastern Equatoria,Magwi,3.77148696,32.1434993
Acongchong (SC-UK),PRI,Western Bahr el Ghazal,Jur River,7.927683,28.178583
Comboni Primary School,PRI,Warrap,Tonj North,8.690844667,28.57242767
Mosso Centre Primary School,PRI,Western Equatoria,Ezo,5.27295,27.6513
AIC Modern Nursery and Primary School,PRI,Central Equatoria,Juba,4.853290368,31.55675447
Malual Baai Comboni Primary School,PRI,Northern Bahr el Ghazal,Aweil East,9.06215,27.757401
Chukudum Progressive Academy,SEC,Eastern Equatoria,Budi,4.384568525,32.86773956
 BISHOP ABANGITE COLLEGE OF SCI & TECHNOLOGY,SEC,Western Equatoria,Yambio,4.573933,28.391582
Cuei Primary School,PRI,Lakes,Cueibet,7.308046,29.290721
Cuei-Adukan Primary School,PRI,Lakes,Rumbek Centre,6.769583,29.710068
Chawiu Primary School,PRI,Warrap,Gogrial West,8.458972208,28.18325852
Cornerstone Primary,PRI,Eastern Equatoria,Torit,4.4061983,32.575492
Comprehensive Secondary School,SEC,Central Equatoria,Juba,4.853290368,31.55675447
Choroi Primary School,PRI,Eastern Equatoria,Kapoeta North,4.821317,33.569801
CRM Primary School,PRE,Northern Bahr el Ghazal,Aweil West,8.70836,27.288719
Cornerstone Primary,PRI,Eastern Equatoria,Magwi,3.5798,32.086601
Correctional Primary School,PRI,Western Equatoria,Yambio,4.593796629,28.46359406
Chief Shoum Alinj Primary,PRI,Upper Nile,Renk,11.73422268,32.82643359
ECS Naandi Primary School,PRI,Western Equatoria,Ezo,5.271056125,28.03358125
Chuidok Primary School,PRI,Jonglei,Uror (Wunror),8.059691722,31.98400461
Chukudum Secondary School,SEC,Eastern Equatoria,Budi,4.384568525,32.86773956
Chotbora Primary School,PRI,Jonglei,Old Fangak,9.0778165,30.919724
Wicthiep Primary School,PRI,Unity,Mayom,9.048005667,29.09198833
Christ The King Primary School,PRI,Central Equatoria,Yei River,4.090517,30.68675
Chum Thong Primary School,PRI,Warrap,Tonj South,7.4034,28.807133
Catte Primary School.,PRI,Upper Nile,Maban,9.9654,33.807117
City On The Hill Primary,PRI,Eastern Equatoria,Budi,4.384568525,32.86773956
Acuanic primary,PRI,Warrap,Twic,9.135332444,28.18868711
Cum-Guer Primary School,PRI,Lakes,Yirol West,6.544966667,30.27968333
Cueibet Girls Primary School,PRI,Lakes,Cueibet,7.1667,29.243616
Chumich Primary School,PRI,Northern Bahr el Ghazal,Aweil West,8.84,27.3897
Chuomator Primary School,PRI,Northern Bahr el Ghazal,Aweil East,9.2908534,27.692356
Chelkou Upper Primary School,PRI,Northern Bahr el Ghazal,Aweil West,8.720585,27.29911044
Covenant Christian Primary,PRI,Eastern Equatoria,Magwi,4.115011,32.3561355
Oza Primary School,PRI,Western Equatoria,Maridi,5.020025167,29.789614
Ombasi Primary School,PRI,Central Equatoria,Yei River,3.88815,30.608583
Mayomlach Primary School,PRI,Northern Bahr el Ghazal,Aweil South,8.638222333,27.63321133
Dangji Basic School,PRI,Upper Nile,Maban,9.931767,33.693184
Dier Akok Basic School,PRI,Western Bahr el Ghazal,Wau,7.71655,28.000467
Diima Primary School,PRI,Western Equatoria,Nagero,6.3797,27.768499
IDP Baikpa Primary School,PRI,Western Equatoria,Ezo,5.1063,27.482468
Dak Oloyo Primary,PRI,Eastern Equatoria,Magwi,3.76308,32.166531
Adama Primary School,PRI,Warrap,Tonj South,7.442033,28.942017
Dreamland Primary School,PRI,Central Equatoria,Yei River,4.517129816,30.60963066
Duarbek Primary School,PRI,Jonglei,Twic East,7.253628,31.393933
Kediba Secondary School,SEC,Western Equatoria,Mundri East,5.665597167,30.65709183
Debel Primary School,PRI,Lakes,Cueibet,6.935483333,29.43480583
Diabio Primary School,PRI,Western Equatoria,Ezo,4.972783,28.023718
Dablual Primary School,PRI,Unity,Mayiandit,8.321233,30.012716
Don Bosco Primary School,PRI,Warrap,Tonj South,7.21455,28.68125
Don Bosco Senior Secondary School,SEC,Central Equatoria,Juba,4.698508,31.293958
Don Bosco VTC,SEC,Western Bahr el Ghazal,Wau,7.950166207,28.06916507
Decom Primary School,PRI,Unity,Panyinjiar,7.401283,30.472767
Udici Primary School,PRI,Western Bahr el Ghazal,Jur River,8.275667,27.854868
Duony Centre Primary School,PRI,Lakes,Cueibet,6.963525,29.380016
Adicin Primary,PRI,Western Bahr el Ghazal,Jur River,7.298895286,28.38646386
Medic Lower Primary School,PRI,Northern Bahr el Ghazal,Aweil Centre,10.32605,32.563232
Dimo 2 Primary School,PRI,Central Equatoria,Lainya,4.203930667,30.72064167
Ducuum Primary,PRI,Jonglei,Bor,6.499701435,31.04911048
Dodo Primary School,PRI,Central Equatoria,Yei River,3.98,30.694668
Duduma Primary,PRI,Western Equatoria,Yambio,4.593796629,28.46359406
Dhak Primary School,PRI,Warrap,Tonj North,8.11195,28.62774175
Don Bosco Secondary School,SEC,Western Equatoria,Maridi,4.993398333,29.41142376
Deng Dor Primary,PRI,Jonglei,Nyirol (Diror),8.5115,32.073799
Dudulabe Primary School,PRI,Central Equatoria,Morobo,3.597883,30.883932
Degere RCC Primary School,PRI,Western Equatoria,Ezo,4.959580667,27.70876417
Adeer Primary School,PRI,Warrap,Gogrial West,8.855717,28.329849
Deng Nhial Primary School,PRI,Lakes,Rumbek Centre,6.825217,29.678734
Kudek Primary School,PRI,Unity,Mayom,9.088242429,29.14095971
Demi Zubier Primary School,PRI,Western Bahr el Ghazal,Raja,7.711333,26.193684
Dimere Primary School,PRI,Western Equatoria,Mvolo,6.84119,30.75797
Adeesa Girls Community Boarding School,PRI,Western Equatoria,Tambura,5.520666615,27.46683438
St. Timothys Primary,PRI,Western Equatoria,Nzara,4.6573817,28.2566353
Digala Basic School,PRI,Central Equatoria,Juba,4.698508,31.293958
Deggi Primary School,PRI,Central Equatoria,Kajo-Keji,3.777867,31.619783
Midigo III Primary School,PRI,Central Equatoria,Morobo,3.686521259,30.81149592
Dawa Girls primary,PRI,Upper Nile,Renk,11.544917,32.979618
Dogerering Primary School,PRI,Western Equatoria,Mvolo,6.84117,30.75795
Dhiak Primary School,PRI,Northern Bahr el Ghazal,Aweil East,8.921217,27.700783
Adhodhic Primary School,PRI,Lakes,Cueibet,6.963525,29.380016
Adheeth Primary School,PRI,Lakes,Cueibet,7.207433,29.274166
Dhian-Agal Primary School,PRI,Warrap,Twic,9.155249923,28.02942154
Dhikou Primary,PRI,Western Bahr el Ghazal,Jur River,7.7781025,28.0818325
Dhangrial Primary School,PRI,Warrap,Twic,9.092392105,28.31931411
Adhotich Primary School,PRI,Northern Bahr el Ghazal,Aweil West,8.708375,27.2887345
Udhum Secondary,SEC,Northern Bahr el Ghazal,Aweil West,8.6402566,27.2525764
Magar-Thon Primary school,PRI,Warrap,Twic,9.155249923,28.02942154
Idali Primary School,PRI,Eastern Equatoria,Lafon,4.7079,32.686783
Idimare Primary School,PRI,Eastern Equatoria,Ikotos,4.288104125,33.13794413
Dr John Garang Primary School,PRI,Western Bahr el Ghazal,Raja,8.475834667,25.55363042
Dang Jop Primary School,PRI,Jonglei,Akobo,7.874908958,32.73703583
Diko Primary School,PRI,Western Equatoria,Mundri West,5.3743241,30.27476595
Dokorimbere Primary School,PRI,Western Equatoria,Mvolo,6.84118,30.757959
Dok Kul Primary School,PRI,Northern Bahr el Ghazal,Aweil South,8.72693,27.858101
Dokul Primary School,PRI,Northern Bahr el Ghazal,Aweil East,9.363738833,27.65452483
Dokoch Primary School,PRI,Eastern Equatoria,Budi,4.384568525,32.86773956
Dakriang Primary School,PRI,Jonglei,Uror (Wunror),8.223117,32.039799
Ondaku Primary School,PRI,Central Equatoria,Morobo,3.713433375,30.63307288
Dalaliek Primary School,PRI,Warrap,Gogrial East,8.213988071,28.29979786
Delebe Primary,PRI,Western Bahr el Ghazal,Raja,8.4631,24.801683
Dulo Primary School,PRI,Lakes,Wulu,6.797332216,29.99964754
Dulo Primary School,PRI,Western Equatoria,Mvolo,6.84121,30.7579895
Duol Primary School,PRI,Jonglei,Uror (Wunror),8.11065,31.962317
Dilule Primary School,PRI,Jonglei,Akobo,7.8605,33.002785
Model Primary School,PRI,Warrap,Tonj South,7.212461167,28.65363917
I.D.P.S Jaac Primary School,PRI,Northern Bahr el Ghazal,Aweil North,9.13580585,27.25816525
Duliet-Aduany primary,PRI,Warrap,Tonj North,8.243413833,28.875333
Duk Luol Primary School,PRI,Jonglei,Twic East,6.8316,31.461
Damagia Primary,PRI,Western Bahr el Ghazal,Jur River,7.298895286,28.38646386
Dimma Primary School,PRI,Jonglei,Akobo,7.767217,33.023933
Domdeng Primary School,PRI,Warrap,Tonj South,7.300533,32.805935
Dumak Primary,PRI,Eastern Equatoria,Torit,4.4061983,32.575492
Dimjlap,PRI,Western Bahr el Ghazal,Raja,8.481717,25.322483
Domuloto Primary School,PRI,Lakes,Wulu,6.797332216,29.99964754
Domeri Primary School,PRI,Western Equatoria,Mvolo,6.84115,30.757931
Lodamu Primary School,PRI,Eastern Equatoria,Ikotos,4.287883333,33.18261233
Dang Primary School,PRI,Northern Bahr el Ghazal,Aweil East,9.040316667,27.6637245
Dangacak Primary,PRI,Western Bahr el Ghazal,Jur River,7.303117,28.277933
Dengluoth Primary School,PRI,Unity,Mayiandit,8.331,30.0433915
Deng Nhial Primary School,PRI,Warrap,Tonj South,7.212461167,28.65363917
Dingapa Primary,PRI,Western Equatoria,Nzara,4.5979,28.187416
Dona Primary School,PRI,Western Equatoria,Yambio,4.628133,28.441
Dong Primary,PRI,Jonglei,Twic East,7.253628,31.393933
Don Bosco Secondary School,SEC,Warrap,Tonj South,7.3075,28.7107165
Dongabal Primary School,PRI,Northern Bahr el Ghazal,Aweil Centre,8.7271,27.373466
Dongic Primary School,PRI,Lakes,Rumbek East,6.49055,29.957951
Dongoda Primary School,PRI,Central Equatoria,Yei River,4.139933,30.655251
Dongoda Primary School,PRI,Central Equatoria,Morobo,3.828363833,30.722275
Dongoro Primary School,PRI,Central Equatoria,Lainya,4.3364875,31.1230375
Donyireki Primary School,PRI,Western Equatoria,Mvolo,6.8412,30.75798
Denyic Primary School,PRI,Northern Bahr el Ghazal,Aweil East,9.082783,27.745632
Duong Primary School,PRI,Unity,Panyinjiar,7.77895,30.117933
Door of Hope Primary School,PRI,Central Equatoria,Kajo-Keji,3.898199273,31.62598939
Dorowa Community Primary School,PRI,Western Equatoria,Mundri East,5.665597167,30.65709183
Marol Madhan Primary school,PRI,Northern Bahr el Ghazal,Aweil West,8.70836,27.288719
Odorio Primary School,PRI,Eastern Equatoria,Torit,4.411795,32.6270445
Dor peace Girl Primary School,PRI,Warrap,Gogrial West,8.58682925,28.12137525
Dhuordong Priary School,PRI,Unity,Panyinjiar,7.450267,30.283434
Dimo 1 Primary School,PRI,Central Equatoria,Lainya,4.234767,30.691549
Daraja Secondary,SEC,Western Bahr el Ghazal,Wau,7.950166207,28.06916507
Adoor Primary,PRI,Northern Bahr el Ghazal,Aweil East,9.2072083,27.7017518
Daar Primary School,PRI,Unity,Leer,8.352,30.18465
Adirdir Primary School,PRI,Lakes,Rumbek East,6.60598775,29.78997125
Dari Primary School,PRI,Western Equatoria,Mvolo,6.8412,30.757982
Derbaidit Primary School,PRI,Lakes,Cueibet,6.9879585,29.327592
Dereto Primary School,PRI,Eastern Equatoria,Magwi,3.831602833,31.958733
Dor Primary School,PRI,Lakes,Awerial,6.1124,31.21310533
Doroh Primary School,PRI,Western Equatoria,Mundri East,5.201333,30.55835
Dorok Primary School,PRI,Jonglei,Duk,7.7104,31.344075
Dr John Garang A Primary School,PRI,Unity,Ruweng,9.917277833,29.98103933
Diror Primary School,PRI,Jonglei,Akobo,8.091983,32.391449
Dr. John Garang Girls Primary,PRI,Western Bahr el Ghazal,Wau,9.0404,28.288933
Dr. John Garang Bilpham Primary School,PRI,Central Equatoria,Juba,4.9349,30.587566
Dr. John Garang Memorial Primary School,PRI,Northern Bahr el Ghazal,Aweil Centre,8.6901,26.846832
Dr. John Garang Memorial Secondary School,SEC,Central Equatoria,Juba,4.905617,33.463032
Dr. John Garang Primary School,PRI,Northern Bahr el Ghazal,Aweil Town,8.769628,27.39880567
Dr. John Garang Sec. School,SEC,Jonglei,Twic East,7.4321195,31.3767055
Dr. John Garang Secondary,SEC,Eastern Equatoria,Torit,4.409567,32.569599
Dream Primary School,PRI,Central Equatoria,Yei River,4.517129816,30.60963066
Dimtama 1 Basic School,PRI,Upper Nile,Malut,10.0911,32.352299
Doro Basic Shool,PRI,Upper Nile,Maban,9.9587,33.929016
Doronj Secondary School,SEC,Jonglei,Bor,6.499701435,31.04911048
Day Star Primary School,PRI,Western Equatoria,Yambio,4.572067,28.426533
Donbosco sub primary school,PRI,Western Equatoria,Ibba,4.857433333,29.27192767
Day Star Academy Secondary School,SEC,Central Equatoria,Yei River,10.4285,32.250648
Adet,PRI,Western Bahr el Ghazal,Jur River,8.007211111,27.73421689
Dotiraba Primary School,PRI,Western Equatoria,Mvolo,6.84115,30.757931
Doteku Primary,PRI,Lakes,Wulu,6.797332216,29.99964754
Diatoro Primary School,PRI,Western Equatoria,Yambio,4.552,28.359367
Ditto Primary School,PRI,Eastern Equatoria,Ikotos,4.288104125,33.13794413
Dubier Primary School,PRI,Unity,Mayom,9.088242429,29.14095971
Ududra Primary School,PRI,Central Equatoria,Morobo,3.6571,30.755117
Aduel Primary,PRI,Lakes,Rumbek East,6.513607143,29.86474057
Duk Mayen,PRI,Jonglei,Bor,6.558361167,31.53309683
Dhur United Primary,PRI,Lakes,Cueibet,6.849517,29.225967
Dari Primary School,PRI,Central Equatoria,Terekeka,5.8202,30.916401
Adventist Primary,PRI,Central Equatoria,Morobo,3.713572167,30.94429167
Nyori II Primary School,PRI,Central Equatoria,Morobo,3.676333,30.83485
DWANI Primary School,PRI,Central Equatoria,Kajo-Keji,3.803233,31.698982
Warperdit Primary,PRI,Northern Bahr el Ghazal,Aweil North,9.180385,26.94400482
Diayanga Primary School,PRI,Western Equatoria,Nagero,6.37968,27.7684632
Duony Yep Primary School,PRI,Warrap,Twic,9.173217,28.175934
Emmanuel Christian Academy primary,PRI,Central Equatoria,Yei River,4.398147875,30.23400825
Wau (A) Girls Basic,PRI,Western Bahr el Ghazal,Wau,7.700517,28.000851
Ebenezer Baptist Primary School,PRI,Central Equatoria,Kajo-Keji,3.898199273,31.62598939
Lujulo East Primary School,PRI,Central Equatoria,Morobo,3.833633,30.948116
Bar-Akol,PRI,Western Bahr el Ghazal,Jur River,8.007211111,27.73421689
Eastern Bank Complex Primary,PRI,Western Bahr el Ghazal,Jur River,7.6944,28.126699
Ebenezer Baptist Nursery and primary,PRI,Eastern Equatoria,Torit,4.307355667,32.38353533
Ebenezer Baptist Primary School,PRE,Central Equatoria,Kajo-Keji,3.769622167,31.6643375
Elgiada Boy Primary School,PRI,Central Equatoria,Juba,4.8330266,31.6651966
ECS Bafuka Primary School,PRI,Western Equatoria,Ezo,4.959580667,27.70876417
Ephatha Primary School,PRI,Central Equatoria,Juba,4.85505,31.583282
Ebenezer Baptist Christion Secondary,SEC,Central Equatoria,Kajo-Keji,3.785493955,31.58015764
Thor Primary School,PRI,Unity,Leer,8.2482,30.236418
ECS Langic Primary School,PRI,Northern Bahr el Ghazal,Aweil North,9.2125934,27.0225031
Ezo Centre Primary School,PRI,Western Equatoria,Ezo,5.078733,27.466482
E.C.S Dhiau Kuei Primary School,PRI,Lakes,Rumbek East,6.583883,29.838467
Ageem Primary School,PRI,Warrap,Gogrial West,7.9766055,28.03039483
El Muktar Girls secondary school,SEC,Western Bahr el Ghazal,Wau,7.720454,27.98908775
Makuach-Jam Primary School,PRI,Jonglei,Bor,6.063306,31.73462675
Alek Secondary School,SEC,Warrap,Gogrial West,8.458972208,28.18325852
El-Dawa Islamic Organisation Boys,PRI,Upper Nile,Renk,11.747067,32.8027
Elmahad Elilmi Primary School,PRI,Western Bahr el Ghazal,Wau,7.950166207,28.06916507
Eloi Primary School,PRI,Central Equatoria,Juba,4.9349,30.587566
Wiroh Primary School,PRI,Western Equatoria,Mundri East,5.306917,30.55895
Marial Bai Secondary School,SEC,Western Bahr el Ghazal,Jur River,7.8339932,28.0474766
Mahad Juba El-Elmy Secondary School,SEC,Central Equatoria,Juba,4.98589713,31.67994678
Emmanuel Christion Academy Secondary,SEC,Central Equatoria,Yei River,4.398147875,30.23400825
Emmannuel Orphan Primary,PRI,Northern Bahr el Ghazal,Aweil West,8.7788,27.3106005
Etihadel Moulimin Primary,PRI,Western Bahr el Ghazal,Raja,8.475834667,25.55363042
ECS Masumbu Primary School,PRI,Western Equatoria,Ezo,5.049017,27.467016
El Mustafa Secondary School,SEC,Western Bahr el Ghazal,Wau,7.950166207,28.06916507
New Generation Primary School,PRI,Eastern Equatoria,Torit,4.4061983,32.575492
Aweng secondary school,SEC,Warrap,Twic,9.135366667,28.50899267
ECS Nagasi Primary,PRI,Western Equatoria,Ezo,4.939183,28.006849
Ri menze primary school,PRI,Western Equatoria,Yambio,4.704790889,28.70675544
Nyang-Alei Primary School,PRI,Warrap,Twic,9.161267,28.047716
EPC Goli primary,PRI,Central Equatoria,Yei River,4.208,30.4405
El-Salam Primary School,PRI,Central Equatoria,Juba,4.8330266,31.6651966
Elizabeth Royal International Primary School,PRI,Central Equatoria,Juba,4.9109,31.12400567
ECS Referendum Primary School,PRI,Western Equatoria,Maridi,4.993398333,29.41142376
El Salaam Secondary School,SEC,Central Equatoria,Juba,4.98589713,31.67994678
ECS Timbiro Secondary School,SEC,Western Equatoria,Yambio,4.593796629,28.46359406
St. Teresa Primary School,PRI,Eastern Equatoria,Torit,4.408117,32.567284
Rumrol Primary School,PRI,Northern Bahr el Ghazal,Aweil East,9.2283,27.704517
Evangilical Cabinet Churuch Primary School,PRI,Jonglei,Akobo,7.8605,33.002785
Elawia Abdal Farag Secondary School,SEC,Upper Nile,Renk,11.73422268,32.82643359
Excel Academy Secondary,SEC,Central Equatoria,Yei River,4.517129816,30.60963066
Eyira Primary School,PRI,Western Equatoria,Maridi,5.018217,29.687883
Eyiecaku Primary School,PRI,Eastern Equatoria,Magwi,3.831602833,31.958733
St. Theresa Basic,PRI,Central Equatoria,Juba,4.842767,31.600082
Ezo Secondary School,SEC,Western Equatoria,Ezo,5.076714077,27.48552069
Faith and Hope Primary School,PRI,Central Equatoria,Juba,4.9349,30.587566
Faith Primary,PRI,Eastern Equatoria,Budi,4.384568525,32.86773956
Farajala (A) Primary,PRI,Western Bahr el Ghazal,Wau,7.6449335,27.883883
Africa Inland Church Buluk,PRI,Central Equatoria,Juba,4.98589713,31.67994678
Ferdinordo Goi Primary,PRI,Western Bahr el Ghazal,Wau,7.6449335,27.883883
Future Evening Primary,PRI,Western Bahr el Ghazal,Wau,7.950166207,28.06916507
FFEDA Primary School,PRI,Central Equatoria,Juba,4.853290368,31.55675447
Nyei Primary School,PRI,Central Equatoria,Morobo,3.68685,30.650316
Pantit Primary School,PRI,Northern Bahr el Ghazal,Aweil West,8.720585,27.29911044
Lofi Primary School,PRI,Eastern Equatoria,Torit,4.474550111,32.847471
Okari Primary School,PRI,Western Equatoria,Mundri West,5.2988,30.278151
Pultruk Primary,PRI,Jonglei,Nyirol (Diror),8.593183,31.950382
Faith Learning Primary,PRI,Jonglei,Pibor,6.8029632,33.1299904
Wunameth Primary School,PRI,Unity,Abiemnom,9.39251,27.823367
Foor Primary School,PRI,Jonglei,Uror (Wunror),8.059691722,31.98400461
Foster M Primary School,PRI,Central Equatoria,Yei River,4.517129816,30.60963066
Ofiriha Primary School,PRI,Eastern Equatoria,Magwi,4.115,32.356201
Bar-apun,PRI,Western Bahr el Ghazal,Jur River,7.7781025,28.0818325
Faragalla Basicschool Co-Education,PRI,Western Bahr el Ghazal,Wau,7.6165,27.975
Fr Allivio Cellana Primary School,PRI,Jonglei,Ayod,8.1242305,31.41061167
Fr. Cicacci Comboni Primary,PRI,Warrap,Tonj East,8.068500333,29.29072233
Freedom primary,PRI,Warrap,Gogrial West,7.755077667,28.191147
Farak -Sika Primary School,PRI,Eastern Equatoria,Budi,4.384568525,32.86773956
Fr. Saturlino Ohure Secondary School,SEC,Eastern Equatoria,Torit,4.409567,32.569599
Faith Primary School,PRI,Central Equatoria,Juba,4.98589713,31.67994678
Fatim Bint Fakhro S. S,SEC,Central Equatoria,Juba,4.8330266,31.6651966
Fulla Secondary School,SEC,Eastern Equatoria,Magwi,3.588838889,32.06741944
Y.M.C.A Primary School,PRI,Western Equatoria,Yambio,4.591483,28.466482
Uleng primary,PRI,Upper Nile,Maiwut,8.6017375,33.9518585
Mabior-Keech Primary School,PRI,Jonglei,Bor,6.063306,31.73462675
Rei Primary School,PRI,Eastern Equatoria,Magwi,3.580679354,32.08492622
Gondokoro A Basic School,PRI,Central Equatoria,Juba,4.8877735,31.48765774
Gabaat Nursery and Primary School,PRI,Central Equatoria,Lainya,4.361821769,30.92252185
GATA RIJIL CO-EDUCATION,PRI,Western Bahr el Ghazal,Raja,8.475834667,25.55363042
Gammage Primary School,PRI,Upper Nile,Maban,9.9654,33.807117
Giada Girl Primary School,PRI,Central Equatoria,Juba,4.831483,31.582466
Gamaji Primary School,PRI,Upper Nile,Maban,9.9654,33.807117
Gakyuom I Primary,PRI,Jonglei,Bor,6.257267,31.571432
Agangy Primary School,PRI,Warrap,Gogrial West,8.8280034,28.2099702
Agada Primary School,PRI,Jonglei,Pochalla,7.151367,33.860218
Agarak Primary,PRI,Unity,Ruweng,9.436021,30.2334125
Ganji Basic school,PRI,Central Equatoria,Juba,4.696133,30.93265
Gabat Basic School,PRI,Central Equatoria,Juba,4.98589713,31.67994678
Gbutala Secondary School,SEC,Western Equatoria,Maridi,4.993398333,29.41142376
Guba Primary School,PRI,Lakes,Wulu,6.797332216,29.99964754
Gab Primary School,PRI,Unity,Koch,6.83705,30.991275
Gbialdic Primary,PRI,Western Equatoria,Yambio,4.593796629,28.46359406
Geiger Boys Primary,PRI,Upper Nile,Renk,11.991983,32.759048
Gbaba Primary School,PRI,Western Equatoria,Nzara,4.7880085,28.1947745
Gbatanzere Primary School,PRI,Western Equatoria,Tambura,5.4255585,27.29995033
Nyori I primary,PRI,Central Equatoria,Yei River,4.051143875,30.47216063
Grace Community,PRI,Eastern Equatoria,Torit,4.3074,32.383499
Napere Community Girls school,PRI,Western Equatoria,Yambio,4.593796629,28.46359406
Gbatanyaki Community Girls School,PRI,Western Equatoria,Ezo,4.965917,27.925632
Giada Model Basic School,PRI,Central Equatoria,Juba,4.8330266,31.6651966
Godo Primary School,PRI,Central Equatoria,Kajo-Keji,3.722633,31.537067
Gaderu Primary School,PRI,Central Equatoria,Kajo-Keji,3.9389,31.50115
Gudele East 1 Basic School,PRI,Central Equatoria,Juba,4.853290368,31.55675447
Gudele East 11 Basic School,PRI,Central Equatoria,Juba,4.853290368,31.55675447
Gudele East Christian Basic School,PRI,Central Equatoria,Juba,4.853290368,31.55675447
Malek Gok Primary School,PRI,Lakes,Cueibet,6.962057615,29.50787562
Godlama Primary,PRI,Western Bahr el Ghazal,Jur River,7.6944,28.126801
Gordeng Primary School,PRI,Warrap,Gogrial West,8.419853667,28.481243
Good Samaritan Primary School,PRI,Warrap,Gogrial West,7.755077667,28.191147
Gedi Basic School,PRI,Western Bahr el Ghazal,Wau,7.426867,27.969433
Gudele East Christian Secondary School,SEC,Central Equatoria,Juba,4.853290368,31.55675447
Gordon Meen Primary School,PRI,Lakes,Wulu,6.797332216,29.99964754
Panriang Primary School,PRI,Northern Bahr el Ghazal,Aweil North,9.131667,26.943268
Aguemdit Primary School,PRI,Lakes,Cueibet,6.9879585,29.327592
Ageny primary School,PRI,Warrap,Tonj North,8.11195,28.62774175
Nyang Primary School.,PRI,Warrap,Gogrial East,8.5941,28.6098
Gotater Primary School,PRI,Northern Bahr el Ghazal,Aweil Centre,8.401166625,27.59631038
Genesis Primary School,PRI,Central Equatoria,Yei River,4.517129816,30.60963066
Agieu Primary School.,PRI,Warrap,Twic,9.1354,28.1887
Agewei Primary School.,PRI,Warrap,Tonj North,8.004983,29.072983
Gar Gar Primary School,PRI,Western Bahr el Ghazal,Jur River,7.298895286,28.38646386
Gugic Primary,PRI,Warrap,Tonj North,7.9582934,28.3911568
Godo Primary School,PRI,Central Equatoria,Juba,4.698508,31.293958
Geiger Girls Primary School,PRI,Upper Nile,Renk,11.9912,32.759151
Caigon Primary School,PRI,Eastern Equatoria,Magwi,3.77148696,32.1434993
GOGRIAL Primary School,PRI,Warrap,Gogrial West,8.629083,28.102167
Aguath Primary School,PRI,Northern Bahr el Ghazal,Aweil East,9.232047571,27.66688586
Gumbo I Self Help Primary School,PRI,Central Equatoria,Juba,4.698508,31.293958
Guordhuec Primary School,PRI,Northern Bahr el Ghazal,Aweil East,9.040316667,27.6637245
Gier Chok Primary Schhol,PRI,Northern Bahr el Ghazal,Aweil East,9.25385,27.649817
Makpara Community Girls School,PRI,Western Equatoria,Yambio,4.704790889,28.70675544
Galileo Intergrated Primary School,PRI,Central Equatoria,Kajo-Keji,3.769622167,31.6643375
Ganian IDPs Primary,PRI,Western Bahr el Ghazal,Wau,7.720454,27.98908775
Guk Primary School,PRI,Warrap,Twic,9.242367,28.633949
Gukic Primary School,PRI,Northern Bahr el Ghazal,Aweil West,8.708375,27.2887345
Guok-Rot Primary School,PRI,Warrap,Twic,8.583083,27.703917
Magok Pajok Community Primary School,PRI,Warrap,Gogrial West,8.749916714,28.03164543
Gborokoronga Primary School,PRI,Central Equatoria,Morobo,3.713572167,30.94429167
Gakrol Upper Primary School,PRI,Northern Bahr el Ghazal,Aweil South,8.669267,27.693033
Gokthiar Primary School,PRI,Lakes,Cueibet,6.849517,29.225967
George Kuach Secondary School,SEC,Northern Bahr el Ghazal,Aweil Town,8.76425,27.401983
Gakyoum B Primary School,PRI,Jonglei,Bor,8.756317,27.378134
Gool Primary School,PRI,Warrap,Twic,9.092392105,28.31931411
Gullu I Primary School,PRI,Western Equatoria,Mundri West,5.3691,30.1597
Gol Meen Primary School,PRI,Lakes,Rumbek Centre,6.807861,29.6728335
Gulmar Primary School,PRI,Lakes,Wulu,6.797332216,29.99964754
God love primary,PRI,Central Equatoria,Lainya,4.203930667,30.72064167
Pagol primary school,PRI,Warrap,Tonj North,7.7686085,28.515788
Gulumbi Primary School,PRI,Central Equatoria,Morobo,3.728667,30.808067
Gok Machar Secondary,SEC,Northern Bahr el Ghazal,Aweil North,9.180385,26.94400482
Gemeiza Primary School,PRI,Central Equatoria,Terekeka,5.59557,31.34726
Gum-Dhier Primary School,PRI,Lakes,Rumbek Centre,6.643417,29.494232
Gumbari Primary School,PRI,Central Equatoria,Lainya,4.203930667,30.72064167
Gumbiri Primary School,PRI,Central Equatoria,Juba,4.9109,31.12400567
Gumbo III Primary School,PRI,Central Equatoria,Juba,4.601133,30.960583
Gumeel Primary School,PRI,Northern Bahr el Ghazal,Aweil East,9.032583,27.702967
Gumel Primary School,PRI,Western Bahr el Ghazal,Jur River,7.7781025,28.0818325
Gumel Primary School,PRI,Warrap,Twic,9.155249923,28.02942154
Gimunu Primary School,PRI,Central Equatoria,Yei River,4.12425,30.762083
Ganyliel Mixed Primary School,PRI,Unity,Panyinjiar,7.398417,30.387318
Gumbo Basic School,PRI,Central Equatoria,Juba,4.698508,31.293958
Gamunakpe Primary School,PRI,Western Equatoria,Tambura,5.5741,27.494049
Genain Girls Basic Education,PRI,Western Bahr el Ghazal,Wau,7.710217,27.993116
Agany Primary,PRI,Warrap,Gogrial East,8.329167,28.304518
Agany Primary School,PRI,Warrap,Tonj North,7.8674835,28.79580825
Agany Primary School,PRI,Lakes,Yirol West,6.438033,30.06155
Gainen Primary School,PRI,Upper Nile,Maiwut,8.603967,33.921066
Gangura Primary School,PRI,Western Equatoria,Yambio,4.396533,28.587467
Agongbek Primary School,PRI,Unity,Abiemnom,9.387983,28.823217
Ganzi Primary School,PRI,Eastern Equatoria,Magwi,3.574972,32.20202267
Ginyabio Primary School,PRI,Central Equatoria,Lainya,3.981483,30.969116
Gondokoro (B) Primary School,PRI,Central Equatoria,Juba,4.8877735,31.48765774
Gungi Primary School,PRI,Central Equatoria,Kajo-Keji,3.898199273,31.62598939
Gungruel Primary School,PRI,Northern Bahr el Ghazal,Aweil West,8.708375,27.2887345
Agonyakiri Primary School,PRI,Central Equatoria,Yei River,3.958617,30.512501
Agoro Primary School,PRI,Eastern Equatoria,Magwi,4.115011,32.3561355
Goja Primary School,PRI,Central Equatoria,Yei River,3.908459815,30.59346674
Agook Community Primary School,PRI,Warrap,Twic,9.135366667,28.50899267
Gumriak Ophan Primary,PRI,Unity,Ruweng,9.917277833,29.98103933
Gaikou Primary School,PRI,Warrap,Gogrial West,7.9766055,28.03039483
Grinti Boys Primary School,PRI,Western Bahr el Ghazal,Wau,7.7287,27.991283
Gaap Primary,PRI,Unity,Leer,8.3490602,30.21433
Gukic Upper Primary School,PRI,Northern Bahr el Ghazal,Aweil East,8.9097,27.390034
Gracia Pre School,PRI,Western Equatoria,Yambio,4.5937,28.463499
Girgili Primary School,PRI,Central Equatoria,Lainya,4.215357,31.075312
Thurnyior Primary School,PRI,Warrap,Gogrial West,7.9766055,28.03039483
Agur Primary School,PRI,Western Bahr el Ghazal,Jur River,7.301533,28.437851
Gireric Primary School,PRI,Western Bahr el Ghazal,Jur River,8.09075,28.1658
Gira Primary School,PRI,Western Equatoria,Mvolo,6.84118,30.757959
Greenhill Private pre and primary school,PRI,Central Equatoria,Juba,4.9349,30.587566
George Bush And Tony Blair Primary,PRI,Northern Bahr el Ghazal,Aweil West,8.6402566,27.2525764
Gorayen Primary School,PRI,Northern Bahr el Ghazal,Aweil North,9.14055,26.928432
Gieric B Basic School,PRI,Western Bahr el Ghazal,Jur River,8.016488833,28.0883725
Girjok Primary School,PRI,Northern Bahr el Ghazal,Aweil South,8.523667,27.606167
Gori Primary School,PRI,Northern Bahr el Ghazal,Aweil West,8.70836,27.288719
Gormook Primary School.,PRI,Warrap,Tonj North,8.088939,29.153428
Granchot Priamry School.,PRI,Jonglei,Uror (Wunror),8.12455,32.044048
Gorok Primary,PRI,Lakes,Rumbek East,6.685992,29.7534495
Guar Primary,PRI,Unity,Koch,8.540633,30.02025
Guar Primary School,PRI,Unity,Koch,8.478292857,30.09399957
Gurolotogu Primary School,PRI,Central Equatoria,Juba,5.1973,31.199232
Gurube Primary School,PRI,Central Equatoria,Kajo-Keji,3.833667,31.540533
Gorayak Primary School,PRI,Warrap,Twic,9.2136,28.268232
Good Shepherd Primary School,PRI,Northern Bahr el Ghazal,Aweil West,8.7084,27.288759
Gasmala Basic School,PRI,Upper Nile,Maban,9.9654,33.807117
Gok Machar Primary School,PRI,Northern Bahr el Ghazal,Aweil North,9.214967,26.865067
Golden Star Primary School,PRI,Jonglei,Bor,6.4998,31.0492
Panyok Primary School.,PRI,Jonglei,Uror (Wunror),8.059691722,31.98400461
Getan Primary School,PRI,Western Bahr el Ghazal,Wau,7.2703,27.9389
Aguat Primary School,PRI,Northern Bahr el Ghazal,Aweil West,8.708375,27.2887345
Aguath Primary School,PRI,Warrap,Tonj South,7.399379,29.9520335
Guat Primary School,PRI,Unity,Leer,8.383517,30.144583
Gai Tut Primary,PRI,Jonglei,Nyirol (Diror),8.5115,32.073898
Gette Basic School,PRI,Western Bahr el Ghazal,Jur River,7.906133,27.891216
Gatwell Primary School,PRI,Jonglei,Uror (Wunror),8.081567,32.067219
St. Thomas Primary,PRI,Central Equatoria,Juba,4.8877735,31.48765774
Aguarkuoth Primary School,PRI,Lakes,Awerial,6.135667,31.223333
Gumuruk Primary School,PRI,Jonglei,Pibor,6.8029632,33.1299904
Gudele Church and Christ Primary School,PRI,Central Equatoria,Juba,4.9349,30.587566
Gudele Hills Primary,PRI,Central Equatoria,Juba,4.853290368,31.55675447
Mayen Gumel Secondary,SEC,Warrap,Gogrial West,7.755077667,28.191147
Gunyoro Lomono Primary School,PRI,Eastern Equatoria,Torit,4.235233,32.542549
Guruba Primary School,PRI,Western Equatoria,Yambio,4.593796629,28.46359406
Aguraan Primary,PRI,Lakes,Yirol West,6.3392,30.0721
Green Valley Primary,PRI,Eastern Equatoria,Magwi,3.580679354,32.08492622
Gwonsoko Primary School,PRI,Central Equatoria,Kajo-Keji,3.797831807,31.34565338
Ugwil Primary School,PRI,Eastern Equatoria,Lafon,5.026325,32.392807
GUDELE WEST Primary School,PRI,Central Equatoria,Juba,4.9349,30.587566
Maper West Girls Primary School,PRI,Northern Bahr el Ghazal,Aweil Town,8.759575,27.472224
Gircik Primary School,PRI,Warrap,Tonj North,7.9582934,28.3911568
Gwori Primary School,PRI,Western Equatoria,Mundri East,5.665597167,30.65709183
Gwotoro Primary School,PRI,Central Equatoria,Lainya,4.110283,31.128117
 Rumdit Evening school,PRI,Warrap,Twic,9.092392105,28.31931411
Giwaya Primary School,PRI,Central Equatoria,Lainya,4.05895,31.164984
Pinypath Primary School,PRI,Lakes,Yirol West,6.4334,30.011433
Rummarial Primary School,PRI,Northern Bahr el Ghazal,Aweil East,9.2908534,27.692356
Gorom Primary School,PRI,Central Equatoria,Juba,4.698508,31.293958
Agany Primary School,PRI,Lakes,Cueibet,6.962057615,29.50787562
Agyi Primary School,PRI,Western Equatoria,Mundri East,5.408467,30.856333
Gony Primary School,PRI,Warrap,Twic,9.135332444,28.18868711
Guduge yenet primary school,PRI,Central Equatoria,Juba,4.698508,31.293958
Happy Angels Academy,PRI,Central Equatoria,Juba,4.853290368,31.55675447
Sikha Hadid,PRI,Western Bahr el Ghazal,Wau,8.7612,27.397017
Haforiere Primary School,PRI,Eastern Equatoria,Ikotos,4.271317,33.069084
Hai Malakal Primary School,PRI,Central Equatoria,Juba,4.855383,31.616833
Hai Mozifiin Primary School,PRI,Northern Bahr el Ghazal,Aweil Town,8.7660532,27.3341302
Haat Primary School,PRI,Jonglei,Ayod,8.363683,31.3535575
Hai Malakal Primary School,PRI,Western Equatoria,Mundri West,5.386698222,30.26264278
Hai Baraka Primary School,PRI,Western Equatoria,Mundri West,5.386698222,30.26264278
Haba,PRI,Eastern Equatoria,Lafon,4.83635,32.637684
HAI Bafura Boys Primary School,PRI,Western Bahr el Ghazal,Wau,7.703083,27.97975
Hai Bul Primary School,PRI,Northern Bahr el Ghazal,Aweil East,9.1705665,27.3823455
Hilieu Centre Primary School,PRI,Eastern Equatoria,Torit,4.411795,32.6270445
St.Mary Ibonni Primary School,PRI,Eastern Equatoria,Lafon,4.670133,32.789783
Holy cross primary,PRI,Central Equatoria,Lainya,4.361821769,30.92252185
Holy Cross Primary School Yirol,PRI,Lakes,Yirol West,6.5061,30.515734
Haddow Secondary School,SEC,Western Equatoria,Maridi,4.993398333,29.41142376
Haddow Primary School,PRI,Western Equatoria,Maridi,4.911933,29.4527
Hai Elsalam Primary School,PRI,Western Bahr el Ghazal,Wau,8.5395,25.641518
Panthou Upper Primary School,PRI,Northern Bahr el Ghazal,Aweil South,8.7827,27.8806
Haforiere,PRI,Eastern Equatoria,Torit,4.4501,32.81525
Hill side Primary School,PRI,Western Equatoria,Maridi,4.922133,29.4769
HIGHWAY Primary School,PRI,Central Equatoria,Morobo,3.713572167,30.94429167
Highland Primary School,PRI,Central Equatoria,Yei River,4.517129816,30.60963066
HAPPY HOURS Primary School,PRI,Central Equatoria,Morobo,3.713572167,30.94429167
Hidonge Ifura Primary School,PRI,Eastern Equatoria,Torit,4.586167,32.798832
Maridi High Secondary School,SEC,Western Equatoria,Maridi,4.993398333,29.41142376
Ohilang Primary School,PRI,Eastern Equatoria,Lafon,4.5930666,32.8766598
Hiyala Secondary,SEC,Eastern Equatoria,Torit,4.474550111,32.847471
Wunthilik Primary School,PRI,Warrap,Tonj North,8.33745,28.592899
Panyang Primary,PRI,Unity,Ruweng,9.63252,30.26672
Hai Kosti Basic Boys School,PRI,Western Bahr el Ghazal,Wau,7.677317,27.986567
Hai Kanisa Primary School,PRI,Eastern Equatoria,Magwi,3.578867,32.073284
Holy Cross Nursery and primary school,PRI,Eastern Equatoria,Magwi,3.76308,32.166531
Helecit Primary School,PRI,Eastern Equatoria,Budi,4.384568525,32.86773956
Holy Family Co-Basic Nazareth,PRI,Western Bahr el Ghazal,Wau,7.654683,28.02635
Hidonge Malangit Primary School,PRI,Eastern Equatoria,Torit,4.4745,32.847401
Himan Primary School,PRI,Eastern Equatoria,Budi,4.384568525,32.86773956
Himoru Primary School,PRI,Eastern Equatoria,Torit,4.153,32.38945
Hai Matar Primary School,PRI,Northern Bahr el Ghazal,Aweil Centre,7.703083,27.97975
Hong Boi Primary School,PRI,Northern Bahr el Ghazal,Aweil West,8.840072333,27.38975533
Iholong Primary School,PRI,Eastern Equatoria,Torit,4.434167,32.483898
Hope & Ressurrection Sec. School,SEC,Lakes,Rumbek East,6.5653,29.909201
Hope-Mapel Primary School,PRI,Western Bahr el Ghazal,Jur River,7.301533,28.437851
Huma Primary School,PRI,Eastern Equatoria,Ikotos,4.067667,33.018867
Horgot Primary School,PRI,Jonglei,Uror (Wunror),7.782,31.785732
Hiriafit Primary School,PRI,Eastern Equatoria,Ikotos,5.323383,33.109333
Ulang Primary School,PRI,Jonglei,Akobo,7.874908958,32.73703583
Heritage Senior Secondary School,SEC,Warrap,Tonj South,7.491375348,28.94489365
Hathac Primary School,PRI,Eastern Equatoria,Budi,4.384568525,32.86773956
 Ohitir Primary School,PRI,Eastern Equatoria,Magwi,4.1639,32.356216
Nyangliem Primary School,PRI,Jonglei,Akobo,7.809778571,33.01718857
Panyang Secondary,SEC,Unity,Ruweng,9.63252,30.26672
Ri-Bodo,PRI,Western Equatoria,Yambio,4.593796629,28.46359406
Magai primary school,PRI,Western Bahr el Ghazal,Jur River,7.7781025,28.0818325
Hilaya Primary School,PRI,Eastern Equatoria,Torit,4.46105,32.843334
Rumpalang Primary School,PRI,Northern Bahr el Ghazal,Aweil North,9.1330766,27.1597499
Wunakoc Primary School,PRI,Warrap,Gogrial East,8.213988071,28.29979786
Ibalany Primary School,PRI,Eastern Equatoria,Torit,4.4063,32.5756
Wunkuel Primary School,PRI,Warrap,Gogrial West,7.9766055,28.03039483
Ibele Primary School,PRI,Eastern Equatoria,Lafon,4.5930666,32.8766598
Ibn El Walid Boys,PRI,Western Bahr el Ghazal,Raja,8.470517,25.67325
Ibo-Honyek Primary School,PRI,Eastern Equatoria,Torit,4.2624,32.492382
Ibn El Walid Girls,PRI,Western Bahr el Ghazal,Raja,8.471883,25.684717
St. Samson Secondary,SEC,Central Equatoria,Morobo,3.706216667,30.71054278
Iyeba I Primary School,PRI,Western Equatoria,Mundri East,5.19795,30.905233
Ikwa Primary,PRI,Eastern Equatoria,Magwi,3.8316,31.958799
Ilieu Primary School,PRI,Eastern Equatoria,Torit,4.474550111,32.847471
Imilai Primary School,PRI,Eastern Equatoria,Ikotos,4.272265292,33.19093292
Immanuel Model Primary School,PRI,Central Equatoria,Yei River,4.517,30.609501
Imokoru Primary School,PRI,Eastern Equatoria,Torit,4.2036,32.550331
Wau Primary School.,PRI,Jonglei,Ayod,8.252783,31.370832
Ini-Angodu Primary School,PRI,Western Equatoria,Maridi,4.9154,29.524433
Injas Primary,PRI,Warrap,Gogrial West,7.755077667,28.191147
Integrated Primary,PRI,Eastern Equatoria,Torit,4.4061983,32.575492
Mohina Primary School,PRI,Eastern Equatoria,Ikotos,4.288104125,33.13794413
IRAGA Primary School,PRI,Central Equatoria,Morobo,3.729167,30.76705
Iriya Primary School,PRI,Eastern Equatoria,Magwi,3.831602833,31.958733
Monari Community Girls School,PRI,Western Equatoria,Maridi,4.993398333,29.41142376
Issore Primary School,PRI,Eastern Equatoria,Magwi,3.77148696,32.1434993
Itieuso Primary School,PRI,Eastern Equatoria,Ikotos,4.288104125,33.13794413
Iyak Pimary School,PRI,Eastern Equatoria,Ikotos,4.158383,33.0284
Iyele Primary,PRI,Eastern Equatoria,Magwi,3.77148696,32.1434993
Juaibor Primary School,PRI,Jonglei,Old Fangak,9.399117,30.670633
Jaach Adventist Church Primary School,PRI,Northern Bahr el Ghazal,Aweil North,9.13580585,27.25816525
Majak Girl Primary School,PRI,Northern Bahr el Ghazal,Aweil East,9.2072083,27.7017518
Joong A IDPS primary school,PRI,Warrap,Gogrial West,8.749916714,28.03164543
Thongloc Primary School,PRI,Warrap,Gogrial East,8.214,28.299801
Ajak-Angau Primary School,PRI,Lakes,Cueibet,6.962057615,29.50787562
Jalimo Parents Secondary School,SEC,Central Equatoria,Kajo-Keji,3.785493955,31.58015764
Jamam Primary,PRI,Upper Nile,Maban,10.143883,33.228851
Joy Nursery and Primary School,PRI,Western Equatoria,Yambio,4.593796629,28.46359406
Pajarial Primary School,PRI,Unity,Panyinjiar,7.376033,30.453617
Jalle II Primary School,PRI,Jonglei,Bor,6.37355,31.593416
Jebel Kheir Basic,PRI,Western Bahr el Ghazal,Wau,7.68285,27.983168
Jaba Primary School,PRI,Central Equatoria,Morobo,3.661333,30.726732
Jubani Primary,PRI,Western Equatoria,Mundri East,5.364667,30.864733
Juba One Boys Primary School,PRI,Central Equatoria,Juba,4.98589713,31.67994678
Jiech Primary School,PRI,Jonglei,Ayod,8.370967,31.135099
Jiech Primary School,PRI,Unity,Panyinjiar,7.409883,30.395416
Jockrial Primary School,PRI,Jonglei,Uror (Wunror),8.024033333,32.009578
Juba Commercial Secondary School,SEC,Central Equatoria,Juba,4.98589713,31.67994678
Rumjok Primary School,PRI,Northern Bahr el Ghazal,Aweil East,9.040316667,27.6637245
JCC Model Primary School,PRI,Central Equatoria,Juba,4.98589713,31.67994678
Jabir Dida Primary School,PRI,Upper Nile,Maban,9.931767,33.693184
Juba Day Secondary School,SEC,Central Equatoria,Juba,4.98589713,31.67994678
Ajem-Yar Primary School,PRI,Warrap,Tonj South,7.36305,28.07645
Ajiengo Primary School,PRI,Jonglei,Pochalla,7.095366667,34.168116
Ajiep Primary School,PRI,Northern Bahr el Ghazal,Aweil East,9.363738833,27.65452483
Ajeriak Primary School,PRI,Northern Bahr el Ghazal,Aweil East,8.006413727,28.66000464
Juba One Girl Primary School,PRI,Central Equatoria,Juba,4.98589713,31.67994678
Jigomoni Primary School,PRI,Central Equatoria,Yei River,4.090833,30.679083
Juba Girls Secondary School,SEC,Central Equatoria,Juba,4.98589713,31.67994678
Jaah Primary School,PRI,Unity,Koch,8.674767,29.964649
John Paul Secondary School - Wau,SEC,Western Bahr el Ghazal,Wau,7.950166207,28.06916507
Jalle Hill Primary School,PRE,Central Equatoria,Kajo-Keji,3.769622167,31.6643375
John Paul Ll Basic,PRI,Western Bahr el Ghazal,Wau,7.70135,27.999517
Jaborana IDP primary school,PRI,Central Equatoria,Juba,4.8330266,31.6651966
Marol Ajiing Primary School,PRI,Warrap,Gogrial West,8.58682925,28.12137525
Ajiing Primary School,PRI,Warrap,Gogrial West,8.757594333,28.065572
Ojipako Primary School,PRI,Central Equatoria,Morobo,3.627617,30.829268
Martyrs Memorial Primary School,PRI,Central Equatoria,Juba,4.853290368,31.55675447
Ajak Primary,PRI,Warrap,Twic,9.281,28.73905
JAK primary,PRI,Warrap,Gogrial East,8.269733,28.29245
Jak-Ameth Primary School,PRI,Warrap,Tonj South,7.695033,29.735233
Jekow Primary School,PRI,Upper Nile,Maiwut,8.6017375,33.9518585
Joukou Primary School,PRI,Northern Bahr el Ghazal,Aweil North,9.058733,26.5397
Jakeba Primary School,PRI,Central Equatoria,Yei River,3.899891643,30.74123586
Jokrial Primary School,PRI,Jonglei,Uror (Wunror),8.024033333,32.009578
Jelei Primary,PRI,Eastern Equatoria,Magwi,3.5799,32.0867
Jelhak Primary School,PRI,Upper Nile,Renk,11.041117,32.695316
Jual Primary School,PRI,Jonglei,Duk,7.66343,31.489723
Juolgok Primary School,PRI,Warrap,Tonj East,8.054778,29.38144467
Joklei Primary School,PRI,Lakes,Rumbek East,6.5289415,30.033434
Jalle I Primary School,PRI,Jonglei,Bor,6.679317,31.496
Jalimo Primary School,PRI,Central Equatoria,Kajo-Keji,3.74955,31.595118
Jalite Primary School,PRI,Central Equatoria,Juba,4.8877735,31.48765774
Jamago Primary School,PRI,Central Equatoria,Yei River,3.899891643,30.74123586
Juba Model Primary School,PRI,Central Equatoria,Juba,4.98589713,31.67994678
Jambo Secondary School,SEC,Western Equatoria,Mundri East,5.064955333,30.73201067
Jombu Primary School,PRI,Central Equatoria,Yei River,3.79925,30.785633
Jamjang Primary School.,PRI,Unity,Ruweng,9.852567,30.223967
Jammara Primary School,PRI,Central Equatoria,Lainya,4.038867,30.949333
Juba DioCentral Equatoriaan Model Secondary School,SEC,Central Equatoria,Juba,4.98589713,31.67994678
Jonkok Basic Primary School,PRI,Central Equatoria,Terekeka,5.425233,31.161467
Janglow Primary School,PRI,Unity,Panyinjiar,7.687983,30.23455
Jundit Primary School,PRI,Jonglei,Uror (Wunror),8.016467,32.0355
Juong Primary School,PRI,Unity,Leer,8.326117,30.223167
Janga Primary School (Goribalau),PRI,Western Equatoria,Mundri West,5.386698222,30.26264278
Ojangbai Primary School,PRI,Jonglei,Pochalla,7.095366667,34.168116
Jansuk Primary School,PRI,Central Equatoria,Yei River,4.517129816,30.60963066
Jiok Nyang Primary,PRI,Unity,Mayom,9.088242429,29.14095971
John Kolang Primary,PRI,Jonglei,Ayod,8.363683,31.3535575
Majook Nyor Primary,PRI,Northern Bahr el Ghazal,Aweil West,8.720585,27.29911044
Jombu Progressive Secondary School,SEC,Central Equatoria,Yei River,3.899891643,30.74123586
Malith Jongkor Primary School,PRI,Northern Bahr el Ghazal,Aweil North,9.193117,26.846451
Panikar Secondary School,SEC,Lakes,Yirol West,6.54162075,30.51389975
Juba Private Primary School,PRI,Central Equatoria,Juba,5.014017,31.677816
Nyiwara Primary School,PRI,Western Bahr el Ghazal,Jur River,7.298895286,28.38646386
Jarweng Primary School,PRI,Lakes,Awerial,6.224967,31.167168
Jiir Primary School,PRI,Lakes,Rumbek Centre,6.554767,29.8612
Jabur Primary School,PRI,Central Equatoria,Juba,4.8877735,31.48765774
Jorry Primary School,PRI,Lakes,Rumbek Centre,6.684372167,29.4582385
JCC Hai Negil Primary School,PRI,Central Equatoria,Juba,4.8396,31.593884
Juba Technical Secondary School,SEC,Central Equatoria,Juba,4.98589713,31.67994678
Jiath Primary School,PRI,Jonglei,Old Fangak,8.83415,30.715532
Jotome primary,PRI,Upper Nile,Maiwut,8.63915,33.8339
Ajuaja Primary School,PRI,Warrap,Gogrial West,8.760345286,28.15426457
Juba Academy,SEC,Central Equatoria,Juba,4.8877735,31.48765774
Juba Modern Primary School,PRI,Central Equatoria,Juba,4.853290368,31.55675447
Juwa Primary School,PRI,Jonglei,Akobo,7.874908958,32.73703583
Ajwara Primary School,PRI,Jonglei,Pochalla,7.139867,33.966084
Jok Yousof Ngor Primary,PRI,Upper Nile,Renk,11.73422268,32.82643359
St. Thomas Basic School,PRI,Western Bahr el Ghazal,Wau,7.63025,28.025383
Kabu Basic School,PRI,Central Equatoria,Juba,4.9349,30.587566
Kabara Girls Primary School,PRI,Warrap,Twic,9.135366667,28.50899267
Akach Primary School,PRI,Northern Bahr el Ghazal,Aweil South,8.6084,27.8235
Malek Kadany Primary School,PRI,Northern Bahr el Ghazal,Aweil West,8.720585,27.29911044
Karika Centre Primary School,PRI,Western Equatoria,Mundri West,5.138283,30.053482
Karic child friendly,PRI,Warrap,Gogrial West,7.72175,27.997417
Kama Primary School,PRI,Central Equatoria,Morobo,3.686521259,30.81149592
Kah Primary School,PRI,Unity,Mayiandit,8.3235,30.076183
Koat Gai Primary School,PRI,Jonglei,Old Fangak,9.105458333,30.73948017
Kuajiena Primary School,PRI,Western Bahr el Ghazal,Jur River,7.29205,28.4436
Kiir Akuc Primary School,PRI,Jonglei,Twic East,7.259617,31.358334
Kaka Alsalam Primary,PRI,Upper Nile,Manyo,11.012,32.52
Kamel Primary School,PRI,Jonglei,Uror (Wunror),8.032933,32.016167
Kalalayi Primary School,PRI,Western Equatoria,Mundri East,5.252880583,30.50908325
Akathuok Primary,PRI,Warrap,Twic,9.135366667,28.50899267
Kang Kuot Primary School,PRI,Northern Bahr el Ghazal,Aweil North,9.1743,26.995867
Kurwai Primary School,PRI,Jonglei,Ayod,7.956,31.439667
Kanyara Primary School,PRI,Central Equatoria,Morobo,3.704683,30.799168
Kajo-Keji High Secondary School,SEC,Central Equatoria,Kajo-Keji,3.898199273,31.62598939
Kabat Primary,PRI,Northern Bahr el Ghazal,Aweil Town,8.770833,27.392799
Akobo Primary,PRI,Jonglei,Akobo,7.790733,33.044552
Kabat Primary School,PRI,Northern Bahr el Ghazal,Aweil Centre,8.32455,27.567766
Kabi Secondary School,SEC,Central Equatoria,Kajo-Keji,3.950466667,31.53044467
Kabii Primary,PRI,Western Bahr el Ghazal,Wau,7.750067,27.757517
Kaibo Primary School,PRI,Central Equatoria,Kajo-Keji,3.78145,31.5881
Kuli Papa Basic school,PRI,Central Equatoria,Juba,4.696133,30.93265
Karibino Primary School,PRI,Warrap,Twic,9.092392105,28.31931411
Kulu Primary School,PRI,Western Equatoria,Mvolo,6.84119,30.75797
Keberek Primary School,PRI,Eastern Equatoria,Torit,4.4061,32.575401
Kapuri Basic School,PRI,Central Equatoria,Juba,4.9349,30.587566
Kur Primary School,PRI,Unity,Leer,8.3490602,30.21433
Kids Care Primary School,PRI,Central Equatoria,Morobo,3.686521259,30.81149592
Akuoc Primary School,PRI,Warrap,Tonj North,7.7686085,28.515788
Kac Beek Primary School,PRI,Warrap,Twic,9.185817,28.449083
Koch Girl Primary School,PRI,Unity,Koch,6.83705,30.991275
Akoch Primary School,PRI,Warrap,Twic,9.14105,28.019934
Koch Primary School,PRI,Unity,Koch,8.5886,30.00045
Kuachdeng Primary School,PRI,Jonglei,Ayod,7.956,31.439667
Kicenga Primary School,PRI,Eastern Equatoria,Magwi,3.77148696,32.1434993
King College Secondary,SEC,Western Equatoria,Yambio,4.5939,28.463699
Kuachlual Primary School,PRI,Unity,Koch,6.83705,30.991275
Kuoch Primary,PRI,Unity,Mayom,9.02615,28.846201
Kokokago Community School,PRI,Western Equatoria,Mundri East,5.665597167,30.65709183
Kacuat Primary School,PRI,Warrap,Tonj East,7.9414,29.172466
Koch pre primary school,PRI,Unity,Koch,6.83705,30.991275
Kada Primary School,PRI,Western Equatoria,Yambio,4.414367,28.440201
Kediba Primary School,PRI,Western Equatoria,Mundri East,5.514783,30.71825
Kuda Primary,PRI,Central Equatoria,Terekeka,5.309383,31.751699
Kidi Primary School,PRI,Western Equatoria,Yambio,4.48415,28.445351
Kudaji Primary School,PRI,Central Equatoria,Kajo-Keji,3.910067,31.548067
Kudhubhate Primary School,PRI,Jonglei,Pochalla,7.095366667,34.168116
Kudo Primary School,PRI,Eastern Equatoria,Torit,4.4117825,32.62703325
Okadi Primary School,PRI,Jonglei,Pochalla,7.208094556,34.045141
Kodati Primary School,PRI,Western Equatoria,Yambio,4.593796629,28.46359406
Kodok II primary,PRI,Upper Nile,Fashoda,9.959933,32.153618
Kadula Primary School,PRI,Lakes,Yirol West,6.54162075,30.51389975
Kulundu Primary School,PRI,Western Equatoria,Mundri West,5.661617,30.344549
Mayom Kataduet Primary School,PRI,Warrap,Gogrial West,8.529933,28.102533
Kudupi Primary School,PRI,Central Equatoria,Kajo-Keji,3.769622167,31.6643375
Kuany-Dhuor Basic School,PRI,Northern Bahr el Ghazal,Aweil East,9.328483,27.6565
Keewaji Basic School,PRI,Upper Nile,Maban,9.931767,33.693184
Koat Bech Primary School,PRI,Jonglei,Akobo,8.1594,32.238132
Kapoeta Day Secondary School,SEC,Eastern Equatoria,Kapoeta South,4.69700825,33.6108095
Kuer Gew,PRI,Jonglei,Uror (Wunror),7.782,31.785732
Kueli Primary School,PRI,Jonglei,Uror (Wunror),7.9222085,31.8864415
Kajo-Keji Progressive Secondary School,SEC,Central Equatoria,Kajo-Keji,3.785493955,31.58015764
Akekoi Primary School,PRI,Lakes,Yirol West,6.470317,30.574949
Kuel Primary School,PRI,Northern Bahr el Ghazal,Aweil East,9.246467,27.674967
Kol Community Centre Primary School,PRI,Unity,Panyinjiar,7.520425,30.3524665
Kuernyuon Primary School,PRI,Jonglei,Akobo,8.1594,32.238132
Kuer Primary School,PRI,Jonglei,Akobo,8.162167,32.382
Kep Ret Primary School,PRI,Lakes,Rumbek North,7.2154,29.674
Akewich Primary School,PRI,Northern Bahr el Ghazal,Aweil West,8.840072333,27.38975533
Kuel Nyakong Primary School.,PRI,Jonglei,Uror (Wunror),8.12455,32.044048
kafuki Primary School,PRI,Central Equatoria,Juba,4.9349,30.587566
Kai Gai Primary School,PRI,Unity,Leer,8.222767,30.210882
Kharmodir Girls Basic,PRI,Western Bahr el Ghazal,Wau,7.691567,28.000433
Kunyuk Girls Primary School,PRI,Warrap,Gogrial West,8.760345286,28.15426457
Kagelu Primary School,PRI,Central Equatoria,Yei River,4.04885,30.611532
Kalvario Girls Primary,PRI,Western Bahr el Ghazal,Wau,7.720454,27.98908775
Kegiko East Primary School,PRI,Central Equatoria,Morobo,3.828363833,30.722275
Akatgol Church (PCSS) Primary School,PRI,Central Equatoria,Juba,4.8330266,31.6651966
Karokomuge Primary Schoo,PRI,Eastern Equatoria,Kapoeta North,5.076883,33.559319
Kuruyuk Girls Primary School.,PRI,Warrap,Twic,9.135332444,28.18868711
Kak Girls Primary School,PRI,Lakes,Rumbek North,7.678625,29.6419
Kuergeng Primary School.,PRI,Unity,Guit,8.902567,30.030233
Kagwada Primary,PRI,Central Equatoria,Juba,4.696133,30.93265
Kuany-Goi Primary School,PRI,Warrap,Tonj North,8.176567,28.648018
Khartoumbak Basic School,PRI,Upper Nile,Maban,9.9587,33.929006
Akhoch Primary School,PRI,Northern Bahr el Ghazal,Aweil West,8.6402566,27.2525764
Khor Modir Girls Evening Primary,PRI,Western Bahr el Ghazal,Wau,7.7098165,27.993299
Khorshamam Primary School,PRI,Western Bahr el Ghazal,Raja,8.49685,25.667566
Kuel Chok Primary,PRI,Warrap,Tonj South,7.222617,28.611584
Khalid Ibn Elwalid Sec. School,SEC,Western Bahr el Ghazal,Raja,8.475834667,25.55363042
Khap Complex Primary School,PRI,Lakes,Yirol East,6.715133,30.448517
Wunrak Primary School,PRI,Northern Bahr el Ghazal,Aweil East,9.051937625,27.37396888
Kerepi Child Hope Primary,PRI,Eastern Equatoria,Magwi,3.831602833,31.958733
Khorjamus Primary School,PRI,Western Bahr el Ghazal,Jur River,7.6946,28.1269
Kharmarial Primary School,PRI,Northern Bahr el Ghazal,Aweil East,9.1705665,27.3823455
Khor Ghana Basic Education,PRI,Western Bahr el Ghazal,Wau,7.787083,27.155899
Khorkorongo Basic,PRI,Western Bahr el Ghazal,Wau,7.950166207,28.06916507
KHOR BUGA PRIMARY SCHOOL,PRI,Western Bahr el Ghazal,Raja,8.475834667,25.55363042
Kolondiro Primary School,PRI,Central Equatoria,Lainya,4.203930667,30.72064167
Karika II Primary School,PRI,Western Equatoria,Mundri West,5.2272964,30.1867668
Kinyiba Girls Primary School,PRI,Central Equatoria,Kajo-Keji,3.84475,31.5646
Kala II Primary School,PRI,Central Equatoria,Kajo-Keji,3.9639,31.30695
St. Paul Secondary,SEC,Central Equatoria,Yei River,4.517129816,30.60963066
Kueryiek Primary School,PRI,Unity,Mayom,9.02615,28.846201
Kanajak Secondary School,PRI,Northern Bahr el Ghazal,Aweil East,9.1606585,27.624316
Kajo-Keji Town Primary School,PRI,Central Equatoria,Kajo-Keji,3.89175,31.666533
Kajokeji Secondary School,SEC,Central Equatoria,Kajo-Keji,3.894075,31.66208333
KuaJok BOYS Primary School,PRI,Warrap,Gogrial West,7.755077667,28.191147
Kajiik Primary School,PRI,Northern Bahr el Ghazal,Aweil North,9.1684,27.137783
Kajiko Primary School,PRI,Central Equatoria,Yei River,3.857933,30.599951
Kunjuuk Primary School,PRI,Northern Bahr el Ghazal,Aweil East,9.000933,27.495768
Y- Lank Primary School,PRI,Central Equatoria,Juba,4.698508,31.293958
keji Juba primary,PRI,Central Equatoria,Terekeka,5.309383,31.751699
Akoka Primary School,PRI,Upper Nile,Akoka,9.73845,32.174068
Kikilai Primary School,PRI,Eastern Equatoria,Budi,4.384568525,32.86773956
Kuok Primary School,PRI,Unity,Mayiandit,8.39445,30.053232
Kapuki Secondary School,SEC,Central Equatoria,Juba,4.853290368,31.55675447
Kokori Primary School,PRI,Western Equatoria,Mvolo,6.84121,30.7579895
Kuom Kat Primary,PRI,Northern Bahr el Ghazal,Aweil Centre,8.4717,28.740917
Kaikuiny Primary,PRI,Jonglei,Akobo,8.091983,32.391449
Kala I Primary School,PRI,Central Equatoria,Kajo-Keji,3.797831807,31.34565338
Akulo Primary,PRI,Western Bahr el Ghazal,Jur River,8.007211111,27.73421689
Kalachamixed Primary School,PRI,Eastern Equatoria,Kapoeta East,4.680633,34.105717
Kaldo Primary School,PRI,Eastern Equatoria,Kapoeta East,4.69235,34.115952
Kuileny Primary School,PRI,Warrap,Twic,9.124935471,28.40741571
Akoljal Primary School,PRI,Lakes,Rumbek Centre,6.54314575,29.562691
Kelero Primary,PRI,Western Bahr el Ghazal,Jur River,8.007211111,27.73421689
Kila Primary School,PRI,Western Equatoria,Mvolo,6.84115,30.757931
Killanya Primary School,PRI,Eastern Equatoria,Budi,4.384568525,32.86773956
Kigwo Lower Primary School,PRI,Central Equatoria,Kajo-Keji,3.872217,31.7355
Killingo Primary School,PRI,Central Equatoria,Lainya,4.4084,30.95735
Kak Luol Primary School,PRI,Northern Bahr el Ghazal,Aweil North,9.180385,26.94400482
Kolcum Primary School,PRI,Lakes,Rumbek East,6.5136,29.8647
Kololo Primary School,PRI,Eastern Equatoria,Magwi,3.587067,32.068851
Khiir Malei Primary School,PRI,Jonglei,Twic East,7.4321195,31.3767055
Kimba Primary School,PRI,Central Equatoria,Morobo,3.5763,30.856968
Kom-Ngol Primary School,PRI,Warrap,Tonj North,8.11995,28.393749
Kombi Primary School,PRI,Lakes,Wulu,6.797332216,29.99964754
Komchuk Primary School,PRI,Upper Nile,Maiwut,8.63915,33.8339
Kuemduok Primary School.,PRI,Jonglei,Old Fangak,9.3455105,30.762006
Khatire Mixed Primary School,PRI,Eastern Equatoria,Ikotos,4.272265292,33.19093292
Kumagon Primary School,PRI,Unity,Ruweng,9.978117,29.919567
Kuom primary,PRI,Western Bahr el Ghazal,Jur River,7.8339932,28.0474766
Kimotong Primary School,PRI,Eastern Equatoria,Budi,4.384568525,32.86773956
Kampil Primary School,PRI,Lakes,Cueibet,7.118477833,29.23402167
Komoi Primary School,PRI,Central Equatoria,Lainya,4.143217,30.739433
Kamullaga Primary School,PRI,Central Equatoria,Yei River,3.899891643,30.74123586
Kanajak Primary School.,PRI,Northern Bahr el Ghazal,Aweil East,9.1606585,27.624316
Akon Secondary school,SEC,Warrap,Gogrial West,8.760345286,28.15426457
Kanjanwa Primary,PRI,Western Equatoria,Mundri East,5.665597167,30.65709183
Kandak Primary School.,PRI,Jonglei,Ayod,8.363683,31.3535575
Kanjoro Primary School,PRI,Central Equatoria,Yei River,4.0971,30.675768
Akuoyo Primary,PRI,Western Bahr el Ghazal,Jur River,7.298895286,28.38646386
Kanyi Primary School,PRI,Central Equatoria,Kajo-Keji,3.808133,31.281851
Kang Intergated Junior Primary,PRI,Jonglei,Bor,6.4997,31.049101
Kendila Primary School,PRI,Central Equatoria,Morobo,3.734433,30.85215
KendirI Primary School,PRI,Central Equatoria,Kajo-Keji,3.807267,31.40275
Kenyi Primary School,PRI,Central Equatoria,Lainya,4.21135,30.923283
Kinji Primary School,PRI,Central Equatoria,Yei River,4.08865,30.665649
Kinji Secondary School,SEC,Central Equatoria,Yei River,4.517129816,30.60963066
Kanyara Secondary School,SEC,Central Equatoria,Morobo,3.700566667,30.80010556
Kansuk Primary School,PRI,Central Equatoria,Kajo-Keji,3.985683,31.553967
Kinyiba Primary School,PRI,Central Equatoria,Kajo-Keji,3.83095,31.577499
Kondai Primary School,PRI,Jonglei,Twic East,6.8316,31.461
Kondok Primary School,PRI,Warrap,Tonj North,8.33152075,29.10295875
Kanza Primary School,PRI,Central Equatoria,Morobo,3.771167,30.792566
Kar-agoc community Primary school,PRI,Northern Bahr el Ghazal,Aweil East,9.363738833,27.65452483
Koot Primary School,PRI,Warrap,Gogrial West,7.755077667,28.191147
kiri Primary School,PRI,Central Equatoria,Kajo-Keji,3.774733,31.638567
Lowa koke Primary,PRI,Central Equatoria,Terekeka,5.3826,31.680367
Okollowa Primary School,PRI,Central Equatoria,Morobo,3.632017,30.603167
Kuel Primary School,PRI,Unity,Mayom,9.02615,28.846201
Kongor Primary School,PRI,Jonglei,Twic East,7.170667,31.353268
Koyoki Primary School,PRI,Central Equatoria,Lainya,4.840217,31.07605
Okorohore Primary School,PRI,Eastern Equatoria,Ikotos,4.15715,33.16935
Kotobi Upper Primary School,PRI,Western Equatoria,Mundri West,5.244533,30.203617
Kuelluot,PRI,Jonglei,Uror (Wunror),7.941767,31.882233
Kony Primary School,PRI,Jonglei,Akobo,7.7,33.032082
Kapoeta Mixed Primary School,PRI,Eastern Equatoria,Kapoeta South,4.77245,33.59425
Kapeta Primary School,PRI,Eastern Equatoria,Budi,4.384568525,32.86773956
Kopuot Primary,PRI,Upper Nile,Ulang,10.27941861,32.65857108
Kpangima Primary School,PRI,Western Equatoria,Tambura,5.633833,27.428417
Ikpiro Primary School,PRI,Western Equatoria,Yambio,4.583833,28.397682
Kpaile Primary,PRI,Western Bahr el Ghazal,Wau,7.106567,27.935167
Kporolo Primary School,PRI,Western Equatoria,Mundri East,5.152783,30.705732
Kololo Progressive Primary School,PRI,Central Equatoria,Yei River,4.517129816,30.60963066
Kupera Peimary Scool,PRI,Central Equatoria,Lainya,4.056517,31.1157
Kpatanayo Primary School,PRI,Western Equatoria,Tambura,5.4188,27.2743
Kapua Primary School,PRI,Eastern Equatoria,Budi,4.384568525,32.86773956
Kata Primary School,PRI,Western Equatoria,Mvolo,6.84119,30.75797
Kpirabe Community Girls School,PRI,Western Equatoria,Yambio,4.593796629,28.46359406
Konyokonyok Primary School,PRI,Eastern Equatoria,Budi,4.384568525,32.86773956
Mammy's Care,PRI,Central Equatoria,Juba,4.698508,31.293958
Makuech Kotic Primary School,PRI,Northern Bahr el Ghazal,Aweil North,8.961867,27.32255
Karagok Primary School,PRI,Lakes,Rumbek East,6.72449175,29.7558455
Akier Primary School,PRI,Warrap,Tonj East,7.65515,28.8871
Akurbiok Primary School,PRI,Warrap,Tonj North,8.0872,28.458366
Kerwa Primary School,PRI,Central Equatoria,Kajo-Keji,3.786117,31.309566
Karika Primary School,PRI,Western Equatoria,Yambio,4.3932,28.555317
Kiri Secondary School,SEC,Central Equatoria,Kajo-Keji,3.769622167,31.6643375
Kirik Primary School,PRI,Warrap,Tonj North,7.8884,28.810217
Kirikwa Primary School,PRI,Central Equatoria,Yei River,4.329283,30.4541
Akorok Primary,PRI,Western Bahr el Ghazal,Jur River,7.694476,28.12680056
Kirikwat Primary School,PRI,Central Equatoria,Lainya,4.144267,30.909166
Kirinya Primary School,PRI,Central Equatoria,Morobo,3.72215,30.725267
Kor Primary School,PRI,Eastern Equatoria,Lafon,5.04185,32.390331
Kartima Primary School,PRI,Eastern Equatoria,Budi,4.384568525,32.86773956
Kor-Mus Primary School,PRI,Eastern Equatoria,Torit,4.573817,32.376366
Kuer Jiech Primary School.,PRI,Jonglei,Uror (Wunror),8.05725,32.041693
King Samuel Primary,PRI,Eastern Equatoria,Magwi,3.5799,32.0867
Kasia Primary School,PRI,Western Equatoria,Yambio,4.670717,28.62755
Kondako Basic School,PRI,Jonglei,Pibor,6.811933,33.133217
Kasiko,PRI,Western Equatoria,Mundri East,5.7214,30.601267
Khorsomba Primary School,PRI,Central Equatoria,Terekeka,5.59557,31.34726
Kisangani Primary School,PRI,Central Equatoria,Yei River,3.917833,30.667767
Kuro Primary School,PRI,Western Equatoria,Nagero,6.37968,27.7684632
Kuru Primary School,PRI,Western Bahr el Ghazal,Raja,7.699533,28.0063
Kularima Primary School,PRI,Central Equatoria,Yei River,3.861267,30.592199
Kerepi Primary Sschool,PRI,Eastern Equatoria,Magwi,3.831602833,31.958733
Kasurak Primary School,PRI,Central Equatoria,Kajo-Keji,3.861917,31.539984
Kunyuk Primary School,PRI,Warrap,Twic,8.980917,28.197666
Akot Primary School,PRI,Warrap,Gogrial East,8.213667,28.384167
Akot Primary School,PRI,Lakes,Rumbek East,6.544567,30.038651
Akot Secondary,SEC,Lakes,Rumbek East,6.5312085,30.0342085
Kata Primary School,PRI,Western Bahr el Ghazal,Raja,8.438233,25.001766
Daa Dokolu Primary School,PRI,Western Equatoria,Mvolo,6.84119,30.75797
Kath-Athier Primary School,PRI,Lakes,Yirol West,6.126533,30.012699
katigiri Primary School,PRI,Central Equatoria,Juba,4.690567,30.933599
Katiko Primary School,PRI,Eastern Equatoria,Kapoeta South,4.664083,33.596298
Keet Primary School,PRI,Warrap,Gogrial West,8.527383,28.104799
Kayango primary,PRI,Western Bahr el Ghazal,Jur River,7.867367,27.670601
Kitela Primary School,PRI,Eastern Equatoria,Budi,4.384568525,32.86773956
Kot Primary,PRI,Jonglei,Nyirol (Diror),8.502733,31.9634
Kotic Primary School,PRI,Northern Bahr el Ghazal,Aweil East,8.88785,27.78035
Kotobi Secondary School,SEC,Western Equatoria,Mundri West,5.2272964,30.1867668
Kotsi Girls Primary School,PRI,Western Bahr el Ghazal,Wau,7.67415,27.986584
Akuang-Kar Primary School,PRI,Northern Bahr el Ghazal,Aweil Centre,8.803083,26.866632
Akuboro Primary School,PRI,Central Equatoria,Kajo-Keji,3.793183,31.571966
Kperikudu Primary School,PRI,Western Equatoria,Mvolo,6.84118,30.757959
Akufoi Primary School,PRI,Eastern Equatoria,Ikotos,3.905972333,33.51602667
Kulong Primary School,PRI,Upper Nile,Maiwut,8.603967,33.921066
Kuajok Girls Primary School,PRI,Warrap,Gogrial West,7.755077667,28.191147
Kuom Ajuong Primary,PRI,Northern Bahr el Ghazal,Aweil East,9.053334667,27.76141083
Kuec Akot Primary School,PRI,Warrap,Gogrial West,8.749916714,28.03164543
Akuol Thii Primary School,PRI,Warrap,Twic,9.158133,28.0996
Kurum Primary School,PRI,Warrap,Twic,9.116517,28.27095
Kau Primary School,PRI,Warrap,Tonj South,7.491375348,28.94489365
Kiu Primary School,PRI,Central Equatoria,Terekeka,5.8202,30.916401
Akur-Dau Primary School,PRI,Lakes,Cueibet,6.989967,29.3297
Kuel Primary School,PRI,Warrap,Gogrial West,8.8546,28.102768
Kual Kuony Primary School,PRI,Unity,Mayom,9.19503,29.763651
Kubi Primary School,PRI,Central Equatoria,Juba,4.8877735,31.48765774
Kuer-Bach Primary School,PRI,Warrap,Tonj East,7.82403325,29.26314175
Kur Primary,PRI,Jonglei,Nyirol (Diror),8.38646,32.10918
Bar-Atong Primary,PRI,Western Bahr el Ghazal,Jur River,7.694476,28.12680056
Pass New Nation Secondary School,SEC,Western Bahr el Ghazal,Jur River,7.7781025,28.0818325
Kawari Primary School,PRI,Central Equatoria,Terekeka,5.3625,31.081682
Keew Primary,PRI,Jonglei,Old Fangak,9.105458333,30.73948017
Kuda west Primary School,PRI,Central Equatoria,Juba,4.957167,31.226049
Kwornyang Primary School,PRI,Central Equatoria,Terekeka,5.3826,31.680367
Kowic primary school,PRI,Lakes,Yirol West,6.5487066,30.4920466
Kuac Wol Primary School,PRI,Northern Bahr el Ghazal,Aweil South,8.638222333,27.63321133
kwini Primary School,PRI,Central Equatoria,Juba,4.58625,31.029066
Ikwoto Primary,PRI,Eastern Equatoria,Ikotos,4.288104125,33.13794413
Kubur William Primary School,PRI,Lakes,Cueibet,6.912033,29.483101
Kwrijik bungu primary,PRI,Central Equatoria,Juba,4.8877735,31.48765774
Kuwua,PRI,Eastern Equatoria,Budi,4.384568525,32.86773956
Malou Primary School,PRI,Warrap,Tonj North,8.243413833,28.875333
Kuer Nyang Primary School,PRI,Jonglei,Old Fangak,9.323483,30.835833
Kaya Primary School,PRI,Central Equatoria,Morobo,3.55385,30.883368
Kuay Primary,PRI,Jonglei,Nyirol (Diror),8.606167,31.994917
Kuey Primary School,PRI,Unity,Koch,8.410067,30.970167
Kunyuk Primary School,PRI,Lakes,Cueibet,6.9879585,29.327592
Kaypeto primary,PRI,Central Equatoria,Juba,4.8877735,31.48765774
Kueryakah Primary,PRI,Jonglei,Uror (Wunror),8.059691722,31.98400461
Uleng Primary School,PRI,Jonglei,Uror (Wunror),7.9222085,31.8864415
Kuanya Primary,PRI,Western Bahr el Ghazal,Jur River,7.694476,28.12680056
Kazan I Primary School,PRI,Western Equatoria,Maridi,4.887417,29.4676
Kozi Boma Primary School,PRI,Western Equatoria,Maridi,5.50805,29.7115
KonyBaai Primary School,PRI,Western Bahr el Ghazal,Jur River,7.8339932,28.0474766
Liang Mamure Basic School,PRI,Upper Nile,Maban,9.931767,33.693184
Alabek Primary School,PRI,Warrap,Tonj North,8.5362,28.925383
Light Academy Secondary,SEC,Warrap,Gogrial West,8.8280034,28.2099702
Lang Agal Primary School,PRI,Warrap,Gogrial West,8.89715,27.967617
Langchok Primary School,PRI,Northern Bahr el Ghazal,Aweil Centre,8.842667,27.437117
Lanyi girls Primary School,PRI,Western Equatoria,Mundri East,5.251683,30.505133
Lankuac Primary School,PRI,Northern Bahr el Ghazal,Aweil South,8.6409066,28.1769034
Lac-Mangok Primary School,PRI,Warrap,Tonj North,7.8674835,28.79580825
Lual-Agoor Primary School,PRI,Northern Bahr el Ghazal,Aweil South,8.782755667,27.88064967
Langbaar Modern Primary School,PRI,Jonglei,Bor,6.499701435,31.04911048
Little Angel Primary,PRI,Eastern Equatoria,Magwi,3.5799,32.0867
Langairo Loulang Primary School,PRI,Eastern Equatoria,Torit,4.4117825,32.62703325
Light Academy Primary School,PRI,Central Equatoria,Lainya,4.215357,31.075312
Lol Akue Primary School,PRI,Northern Bahr el Ghazal,Aweil East,9.232047571,27.66688586
Lach Akak Primary,PRI,Warrap,Twic,9.135332444,28.18868711
Lokoloko Basic School,PRI,Western Bahr el Ghazal,Wau,7.694517,27.973917
Lui Girls National Secondary school,SEC,Western Equatoria,Mundri East,5.252880583,30.50908325
Lalu Nhom Primary,PRI,Warrap,Gogrial West,8.760345286,28.15426457
Liberty Primary School,PRI,Central Equatoria,Juba,4.853290368,31.55675447
LIBOGO Primary School,PRI,Central Equatoria,Yei River,3.9251,30.359417
Lobone Primary School,PRI,Eastern Equatoria,Magwi,3.77148696,32.1434993
Lobone Secondary School,SEC,Eastern Equatoria,Magwi,3.77148696,32.1434993
Lubule Primary School,PRI,Central Equatoria,Kajo-Keji,3.785493955,31.58015764
Lobitang Primary School,PRI,Eastern Equatoria,Budi,4.384568525,32.86773956
Lut Abook Primary,PRI,Warrap,Twic,9.092392105,28.31931411
Lobulo Primary School,PRI,Eastern Equatoria,Ikotos,4.288104125,33.13794413
Lobonok Primary,PRI,Central Equatoria,Juba,4.8877735,31.48765774
Lei Bollo Primary School,PRI,Western Equatoria,Mvolo,6.8412,30.75798
Panyagor Primary School,PRI,Jonglei,Twic East,8.512233,31.402901
Labrab Primary School,PRI,Jonglei,Pibor,6.8029632,33.1299904
Libya 2 Primary School,PRI,Central Equatoria,Juba,4.853290368,31.55675447
Lobwaye Primary School,PRI,Eastern Equatoria,Ikotos,4.287883333,33.18261233
Lekakedu Boys,PRI,Lakes,Yirol East,6.67775,30.585167
Lacatem Primary School,PRI,Warrap,Gogrial East,8.6094,28.610167
Laccarok Primary School,PRI,Eastern Equatoria,Lafon,4.815791261,32.62831235
Liech Primary School,PRI,Jonglei,Pochalla,7.208094556,34.045141
Lich Secondary School,SEC,Unity,Koch,6.83705,30.991275
Lohutok Christian Girls Primary School,PRI,Eastern Equatoria,Lafon,4.593,32.876598
Lachok Primary School,PRI,Warrap,Tonj South,7.3075,28.7107165
Labiko community School,PRI,Western Equatoria,Mundri East,5.665597167,30.65709183
Lodo Primary School,PRI,Eastern Equatoria,Lafon,4.789627833,32.6584415
Lodwara Primary,PRI,Eastern Equatoria,Ikotos,4.193667,33.206001
Old Welweil Primary,PRI,Northern Bahr el Ghazal,Aweil West,8.708375,27.2887345
Laidit Primary,PRI,Unity,Panyinjiar,7.438117,30.417618
Old Akobo Primary,PRI,Jonglei,Akobo,7.809778571,33.01718857
Malou Deng Lou,PRI,Northern Bahr el Ghazal,Aweil East,9.12497075,27.21880775
Lual Dit Primary School,PRI,Jonglei,Bor,6.297767,31.739799
Limuro Adventist Primary School,PRI,Central Equatoria,Lainya,4.3364875,31.1230375
Ladiwa Primary School,PRI,Western Equatoria,Mundri West,5.3743241,30.27476595
Lieth Basic School,PRI,Northern Bahr el Ghazal,Aweil East,9.2465,27.779699
Father Leopoldo Naywar college,SEC,Eastern Equatoria,Magwi,4.115011,32.3561355
Aleel Primary,PRI,Warrap,Tonj East,7.8203068,29.409353
Liet Nhom Primary School,PRI,Northern Bahr el Ghazal,Aweil East,8.969,27.48835
Malek Secondary School,SEC,Jonglei,Bor,6.499701435,31.04911048
Lietnhom Comboni Primary School,PRI,Warrap,Gogrial East,8.596583,28.4939
Aluel Primari School,PRI,Northern Bahr el Ghazal,Aweil South,8.8968332,27.8366772
Leerping Primary School,PRI,Jonglei,Old Fangak,9.105458333,30.73948017
Leer Emma Secondary School,SEC,Unity,Leer,8.316434389,30.21096106
Lueth Lual Primary School,PRI,Northern Bahr el Ghazal,Aweil North,9.192033,27.10725
Goldra Basic Level School,PRI,Upper Nile,Malut,10.270783,32.460949
Lorima Primary School,PRI,Eastern Equatoria,Ikotos,4.288104125,33.13794413
Old Fangak Primary School,PRI,Jonglei,Old Fangak,9.068233,30.883266
Lafon Primary School,PRI,Eastern Equatoria,Lafon,5.101916667,32.470717
Lofus Primary School,PRI,Eastern Equatoria,Ikotos,3.905972333,33.51602667
Lofulung Primary School,PRI,Eastern Equatoria,Ikotos,4.287883333,33.18261233
Life Foundation Primary School,PRI,Central Equatoria,Kajo-Keji,3.898199273,31.62598939
Warkot Primary,PRI,Northern Bahr el Ghazal,Aweil North,9.2125934,27.0225031
Lofayo Primary School,PRI,Eastern Equatoria,Ikotos,4.22445,32.948235
Logire Kakak Primary School,PRI,Eastern Equatoria,Ikotos,4.28788,33.18261
Liggi Primary School,PRI,Central Equatoria,Juba,5.09175,31.302601
Ligo Primary School,PRI,Central Equatoria,Morobo,3.686521259,30.81149592
Logili Primary School,PRI,Central Equatoria,Kajo-Keji,3.847983,31.636316
Logori Primary School,PRI,Central Equatoria,Lainya,4.223433,31.997932
Liggi Primary School,PRI,Central Equatoria,Yei River,3.836967,30.770983
Logu Primary School,PRI,Central Equatoria,Kajo-Keji,3.838983,31.618418
Langdit Girls Primary School,PRI,Lakes,Cueibet,6.962057615,29.50787562
Logwerele Primary School,PRI,Central Equatoria,Juba,4.569233,30.911051
Logwili Primary School,PRI,Central Equatoria,Lainya,4.37,31.11965
Lolugu Little Angel Primary School,PRI,Central Equatoria,Juba,4.698508,31.293958
Logo 1 Primary School,PRI,Central Equatoria,Yei River,3.908459815,30.59346674
Logobero primary,PRI,Central Equatoria,Lainya,4.2039,30.7206
Li-Rangu Primary School,PRI,Western Equatoria,Yambio,4.724067,28.360018
Lekakedu Girls Primary School,PRI,Lakes,Yirol East,6.6103,31.341034
Ligitolo Primary School,PRI,Central Equatoria,Yei River,3.899891643,30.74123586
Old Guffa Primary School,PRI,Upper Nile,Maban,9.9587,33.929006
Logwanawati Primary School,PRI,Eastern Equatoria,Lafon,4.815791261,32.62831235
Lohila Carum Primary School,PRI,Eastern Equatoria,Torit,4.559886167,32.5946115
Lohiboth Primary School,PRI,Eastern Equatoria,Budi,4.384568525,32.86773956
Lohidele Primary School,PRI,Eastern Equatoria,Budi,4.384568525,32.86773956
Lohihe Primary School,PRI,Eastern Equatoria,Ikotos,4.1967625,33.17111325
Lohila Primary School,PRI,Eastern Equatoria,Ikotos,4.288104125,33.13794413
Light Houses international primary,PRI,Central Equatoria,Juba,4.853290368,31.55675447
Lohiri Primary School,PRI,Eastern Equatoria,Torit,4.559886167,32.5946115
Ohufa Primary School,PRI,Eastern Equatoria,Torit,4.2847395,32.5117865
Lohul Primary,PRI,Eastern Equatoria,Ikotos,4.272265292,33.19093292
Lohobohobo Primary School,PRI,Eastern Equatoria,Lafon,4.7140415,32.7900675
Lohwa Primary School,PRI,Eastern Equatoria,Torit,4.41176,32.62701
Light of Christ Primary School,PRI,Central Equatoria,Morobo,3.686521259,30.81149592
Light House Academy Primary School,PRI,Central Equatoria,Yei River,4.517129816,30.60963066
Iluhum Primary,PRI,Eastern Equatoria,Torit,4.4061983,32.575492
Loheye Primary School,PRI,Eastern Equatoria,Torit,4.307355667,32.38353533
Laiza Primary School,PRI,Central Equatoria,Morobo,3.619717,30.639017
Olikwi Primary School,PRI,Eastern Equatoria,Magwi,3.57175,32.083935
Liil Mawut Primary School,PRI,Warrap,Gogrial East,8.213988071,28.29979786
Limbe Primay School,PRI,Central Equatoria,Lainya,4.176033,30.870968
Longire Hutuk Hinyang Primary School,PRI,Eastern Equatoria,Ikotos,4.287883333,33.18261233
Lali II Primary School,PRI,Western Equatoria,Mvolo,6.84118,30.757959
Loreto Secondary Girls,SEC,Lakes,Rumbek Centre,6.792967,29.630016
Lac Diit primary school,PRI,Warrap,Gogrial East,8.213988071,28.29979786
Living Water Primary,PRI,Lakes,Rumbek East,6.5312085,30.0342085
Rummiyar Primary School,PRI,Unity,Abiemnom,9.404483,28.823383
Lojjiong Primary School,PRI,Eastern Equatoria,Budi,4.384568525,32.86773956
Lojora Primary School,PRI,Central Equatoria,Terekeka,5.3826,31.680367
Lual Jak Primary School,PRI,Northern Bahr el Ghazal,Aweil North,9.1330766,27.1597499
Alikate Primary School,PRI,Central Equatoria,Morobo,3.57175,30.885599
Alek Primary School,PRI,Warrap,Gogrial West,8.667867,28.149401
Leka Primary,PRI,Upper Nile,Maban,9.9654,33.807117
Likamerok Primary,PRI,Central Equatoria,Kajo-Keji,3.898199273,31.62598939
Loka Secondary School,SEC,Central Equatoria,Lainya,4.361821769,30.92252185
Luka Lual Primary,PRI,Northern Bahr el Ghazal,Aweil Town,8.759575,27.472224
Lokiliri Primary,PRI,Central Equatoria,Juba,4.8877735,31.48765774
Lakamadi Primary School,PRI,Western Equatoria,Mundri East,5.6645,30.487183
Leikor Primary School,PRI,Central Equatoria,Kajo-Keji,3.804083,31.664534
LukLuk Primary School,PRI,Warrap,Gogrial West,7.755077667,28.191147
Lukarubang Primary School,PRI,Central Equatoria,Lainya,4.316767,31.054382
Lukura Primary School,PRI,Central Equatoria,Kajo-Keji,3.8472,31.679617
Lakawet primary,PRI,Warrap,Gogrial West,7.9766,28.030399
Lokoloko Secondary School,SEC,Western Bahr el Ghazal,Wau,7.950166207,28.06916507
Aluel Primary School,PRI,Jonglei,Twic East,6.8315,31.461
Ilual Primary School,PRI,Lakes,Yirol West,6.135175,30.020525
Leilei Primary,PRI,Warrap,Twic,9.135332444,28.18868711
Alelthony Priary School,PRI,Western Bahr el Ghazal,Jur River,7.7781025,28.0818325
Lila Primary School,PRI,Lakes,Rumbek Centre,6.600183,29.445667
Liliri Primary School,PRI,Central Equatoria,Juba,4.8877735,31.48765774
Lolongo,PRI,Eastern Equatoria,Lafon,4.5930666,32.8766598
Lofiri Primary School,PRI,Eastern Equatoria,Torit,4.4117825,32.62703325
Lol-Liith Primary School,PRI,Warrap,Tonj East,7.848825,29.077329
Lolbuol Primary School,PRI,Lakes,Wulu,6.797332216,29.99964754
Lolere Primary,PRI,Eastern Equatoria,Torit,4.307355667,32.38353533
Loolim (Uber) Mixed Primary School,PRI,Eastern Equatoria,Kapoeta East,4.5901,34.047016
Lual Primary School,PRI,Unity,Leer,8.383617,30.144617
Lulic Primary School,PRI,Northern Bahr el Ghazal,Aweil West,8.70838,27.28874
Lia Mabui Primary School,PRI,Lakes,Rumbek Centre,6.808237375,29.6204
Alima Primary,PRI,Central Equatoria,Juba,4.853290368,31.55675447
Iluma Primary School,PRI,Eastern Equatoria,Torit,4.236483,32.454632
Lamba Primary,PRI,Western Bahr el Ghazal,Raja,8.475834667,25.55363042
Luom Primary School.,PRI,Unity,Mayiandit,8.45095,30.0825
Lomilimili Primary School,PRI,Eastern Equatoria,Kapoeta South,4.69700825,33.6108095
Lomega Academy Day and Boarding School,PRI,Central Equatoria,Juba,4.8877735,31.48765774
Loming Primary School,PRI,Eastern Equatoria,Lafon,4.523283,32.931316
WunAbiel Primary,PRI,Warrap,Gogrial East,8.214,28.299801
Lomuku Primary School,PRI,Central Equatoria,Yei River,4.099483,31.233334
Luka Ngabiri Memorial Primary School,PRI,Western Equatoria,Mundri East,5.252880583,30.50908325
Limi Lower Primary School,PRI,Central Equatoria,Kajo-Keji,3.80055,31.718834
Lam Primary School,PRI,Western Equatoria,Mvolo,6.84121,30.7579895
Limuro Primary School,PRI,Central Equatoria,Lainya,4.3364875,31.1230375
Lim Kuon Primary,PRI,Jonglei,Nyirol (Diror),8.38645,32.109169
Lomwo Primary School,PRI,Eastern Equatoria,Ikotos,4.287883333,33.18261233
Langbaar Mixed Primary School,PRI,Jonglei,Bor,6.499701435,31.04911048
Lomeyen Primary School,PRI,Eastern Equatoria,Kapoeta North,4.901683,33.485802
Lanager Primary,PRI,Northern Bahr el Ghazal,Aweil North,9.1331,27.1598
Lang Primary School,PRI,Warrap,Gogrial West,8.419853667,28.481243
Langdit Primary School,PRI,Lakes,Cueibet,6.962,29.5079
Langkap Primary School,PRI,Warrap,Tonj North,8.5320834,28.9142668
Alongjooth Primary School,PRI,Warrap,Tonj East,7.8203068,29.409353
Langmatot Primary School,PRI,Lakes,Yirol East,6.640533,30.970949
Langua Primary School,PRI,Western Equatoria,Mundri West,5.108,29.98035
Lanyi Primary School,PRI,Western Equatoria,Mundri East,5.253683,30.506018
Lendreywa Primary School,PRI,Western Equatoria,Mundri West,5.372683,30.3116
Liengieri Primary School.,PRI,Unity,Mayom,9.19503,29.763651
Linda Primary School,PRI,Warrap,Gogrial East,8.425833,28.538033
Longamere Primary School,PRI,Central Equatoria,Yei River,3.917917,30.742382
Longboa I Primary School,PRI,Western Equatoria,Maridi,5.107867,29.980333
Longeleya Primary School,PRI,Eastern Equatoria,Kapoeta South,4.618258,33.6633495
Longira M.C Primary School,PRI,Central Equatoria,Kajo-Keji,3.8762,31.600834
Longu Primary School,PRI,Lakes,Wulu,6.797332216,29.99964754
Longu Primary School,PRI,Eastern Equatoria,Magwi,3.569433,32.132034
Lainya Primary School,PRI,Central Equatoria,Lainya,4.342783,31.069349
Longulu Primary School,PRI,Eastern Equatoria,Torit,4.2847,32.511799
Loa Primary School,PRI,Eastern Equatoria,Magwi,3.805067,31.960983
Lofiriha Tabwor Primary,PRI,Eastern Equatoria,Torit,4.41177,32.627022
Lomerok Primary School,PRI,Eastern Equatoria,Lafon,4.9044,32.661598
Iloli Primary School,PRI,Eastern Equatoria,Torit,4.433767,32.910435
Larogora Community Primary School,PRI,Western Equatoria,Mundri East,5.665597167,30.65709183
Longwere Primary School,PRI,Eastern Equatoria,Torit,4.41178,32.627029
Loopo Primary School,PRI,Central Equatoria,Kajo-Keji,3.8125,31.629232
Lokiduai Hoth Primary,PRI,Lakes,Yirol West,6.5487066,30.4920466
Lol Kou Primary School,PRI,Northern Bahr el Ghazal,Aweil Centre,8.828733,27.3024575
Langdit Boys Primary School,PRI,Lakes,Cueibet,6.962057615,29.50787562
Lueth Ameny Primary School,PRI,Northern Bahr el Ghazal,Aweil West,8.708375,27.2887345
Lopua Memorial Secondary,SEC,Eastern Equatoria,Kapoeta East,4.5791,34.1147
Alpha Primary,PRI,Central Equatoria,Morobo,3.686521259,30.81149592
Lopuja Primary School,PRI,Central Equatoria,Terekeka,5.464675,31.74193275
Luppapa Primary School,PRI,Central Equatoria,Yei River,4.517,30.609501
Lopura primary,PRI,Central Equatoria,Kajo-Keji,3.950466667,31.53044467
Lobule Primary School,PRI,Eastern Equatoria,Torit,4.3074,32.383598
Lui Primary School,PRI,Western Equatoria,Mundri East,5.339917,30.449966
Wunthou Primary School,PRI,Lakes,Yirol East,6.687133,30.4642915
Alari Primary School,PRI,Jonglei,Pochalla,7.170167,34.017769
ALERO Primary School,PRI,Central Equatoria,Yei River,4.008533,30.738033
Alur Primary School,PRI,Western Bahr el Ghazal,Jur River,7.2988,28.3864
Leer Primary School,PRI,Unity,Leer,8.316434389,30.21096106
Lire Primary School,PRI,Central Equatoria,Kajo-Keji,3.894033,31.617451
Ateriu Primary School,PRI,Lakes,Rumbek East,6.453067,29.783934
Lire Secondary School,SEC,Central Equatoria,Kajo-Keji,3.898199273,31.62598939
Lirya Primary School,PRI,Central Equatoria,Juba,4.8367,31.6092
Lora Orphanage Primary School,PRI,Central Equatoria,Lainya,4.215357,31.075312
Lora Primary School,PRI,Central Equatoria,Kajo-Keji,3.797831807,31.34565338
Lorege Primary School,PRI,Eastern Equatoria,Budi,4.384568525,32.86773956
Loka Round Primary School,PRI,Central Equatoria,Lainya,4.276083,31.0201
Lorema Primary School,PRI,Eastern Equatoria,Budi,4.384568525,32.86773956
Lorewa Primary School,PRI,Central Equatoria,Kajo-Keji,3.8986,31.6224
Lori Primary School,PRI,Central Equatoria,Kajo-Keji,3.926817,31.536217
Loronyo Primary School,PRI,Eastern Equatoria,Torit,4.585817,32.908901
Loreto Maker Kuei Primary,PRI,Lakes,Rumbek Centre,6.734083,29.548651
LALUMBA Primary School,PRI,Central Equatoria,Yei River,4.3421,30.2423
Lorum,PRI,Eastern Equatoria,Ikotos,3.906,33.515999
Lerwa Primary,PRI,Eastern Equatoria,Magwi,4.115011,32.3561355
Lurcuk Primary School,PRI,Warrap,Tonj North,7.84345,28.455334
Loriyok Primary School,PRI,Eastern Equatoria,Budi,4.384568525,32.86773956
Luru Primary School,PRI,Western Equatoria,Maridi,4.993398333,29.41142376
LASU Primary School,PRI,Central Equatoria,Yei River,3.949317,30.464582
Lessi Primary School,PRI,Western Equatoria,Mvolo,6.841195,30.7579755
Lujule Secondary School,SEC,Central Equatoria,Morobo,3.706216667,30.71054278
Losito Primary School,PRI,Eastern Equatoria,Torit,4.55515,32.4883
Loa Secondary School,SEC,Eastern Equatoria,Magwi,3.831602833,31.958733
Milestone Primary School,PRI,Eastern Equatoria,Magwi,3.831602833,31.958733
Lower Talanga,PRI,Eastern Equatoria,Magwi,3.77148696,32.1434993
Aliet Primary School,PRI,Jonglei,Twic East,7.082267,31.356001
Aliet Primary School,PRI,Lakes,Rumbek North,7.678625,29.6419
Alueth Primary School,PRI,Northern Bahr el Ghazal,Aweil South,8.782755667,27.88064967
Lata Primary School,PRI,Central Equatoria,Yei River,3.898617,30.57925
LIetnham Primary School,PRI,Warrap,Gogrial East,8.572667,28.382334
Lotimor Primary School,PRI,Eastern Equatoria,Kapoeta East,4.510315667,34.08712873
Latkagoy Primary School,PRI,Unity,Koch,8.72018325,29.84255425
Lotome Primary School,PRI,Eastern Equatoria,Ikotos,3.9774,33.451
Lotuhoyaha Primary School,PRI,Eastern Equatoria,Ikotos,4.288104125,33.13794413
Lietnhom,PRI,Northern Bahr el Ghazal,Aweil South,8.8968332,27.8366772
Litoba Primary School,PRI,Central Equatoria,Kajo-Keji,3.736867,31.680717
Loturumo Primary School,PRI,Eastern Equatoria,Lafon,4.795633,32.6315
Loturukana Primary School,PRI,Eastern Equatoria,Budi,4.384568525,32.86773956
Lutheran Primary School,PRI,Western Equatoria,Yambio,4.5936,28.4634
Lutule Primary School,PRI,Western Equatoria,Maridi,5.020025167,29.789614
Aluak-Luak Primary School,PRI,Lakes,Yirol West,6.475033,30.104334
Luenh Abur Primary,PRI,Northern Bahr el Ghazal,Aweil West,8.6402566,27.2525764
Lunjini Girls academy,PRI,Western Equatoria,Mundri East,5.331933,30.457916
Lual-ngem,PRI,Lakes,Yirol West,6.323033,30.158016
Luka Aguot Primary,PRI,Northern Bahr el Ghazal,Aweil South,8.72693,27.858101
Imuluha Primary School,PRI,Eastern Equatoria,Lafon,4.5930666,32.8766598
Lucia Didi Primary School,PRI,Central Equatoria,Juba,4.853290368,31.55675447
Lumaro Primary School,PRI,Central Equatoria,Yei River,3.899891643,30.74123586
Luony aker Primary School,PRI,Warrap,Gogrial East,8.22905,28.391216
Malualcum Primary School II Primary School,PRI,Lakes,Cueibet,9.7624,31.953617
Malou Primary School,PRI,Northern Bahr el Ghazal,Aweil West,8.6402566,27.2525764
Luri Rokwe Primary School,PRI,Central Equatoria,Juba,4.9349,30.587566
Lunjini Primary School,PRI,Western Equatoria,Mundri East,5.369883,30.599417
Lutheran Primary School,PRI,Western Equatoria,Maridi,4.993398333,29.41142376
Alusi Primary School,PRI,Central Equatoria,Kajo-Keji,3.76005,31.628599
Mulutu Primary School,PRI,Western Equatoria,Mvolo,6.84118,30.757959
Lujulo West Primary School,PRI,Central Equatoria,Morobo,3.706216667,30.71054278
Lovirang Primary,PRI,Eastern Equatoria,Lafon,4.815791261,32.62831235
Lawaci Primary School,PRI,Eastern Equatoria,Magwi,3.77148696,32.1434993
Liwolo Secondary School,SEC,Central Equatoria,Kajo-Keji,3.794511111,31.42241667
Loka west Primary School,PRI,Central Equatoria,Lainya,4.256033,31.000267
Lokwamor Primary School,PRI,Eastern Equatoria,Kapoeta North,4.864917,33.492851
Lokweni Primary School,PRI,Central Equatoria,Terekeka,5.464675,31.74193275
Liwolo Model Primary School,PRI,Central Equatoria,Kajo-Keji,3.792333,31.42795
Liawut Primary School,PRI,Jonglei,Nyirol (Diror),8.5114,32.073799
Lowoyakrli Primary,PRI,Eastern Equatoria,Kapoeta East,4.49973,34.08289
Panyang Primary School,PRI,Unity,Abiemnom,9.39251,27.823367
St. Thomas Nursery and Primary School,PRI,Central Equatoria,Juba,4.9349,30.587566
Alanya Primary School,PRI,Warrap,Twic,9.1354,28.188801
Leyo Primary School,PRI,Central Equatoria,Kajo-Keji,3.797831807,31.34565338
Lol-Nyang Primary School,PRI,Northern Bahr el Ghazal,Aweil East,9.070603667,27.45598689
Loyara Primary school,PRI,Eastern Equatoria,Ikotos,4.287883333,33.18261233
Lozoh Primary School,PRI,Western Equatoria,Mundri East,5.157317,30.445967
Maburku Basic School,PRI,Western Bahr el Ghazal,Jur River,8.007211111,27.73421689
Mabior Abun Primary,PRI,Warrap,Gogrial East,8.31315,28.567417
Majok Gol Achol,PRI,Warrap,Gogrial West,8.897267,27.967234
Lol Mading Primary School,PRI,Northern Bahr el Ghazal,Aweil East,9.232047571,27.66688586
Magwi Central Primary School,PRI,Eastern Equatoria,Magwi,4.115011,32.3561355
Malual Primary School,PRI,Northern Bahr el Ghazal,Aweil Centre,8.045433,27.660334
Mathiang Adiang Girls Primary School,PRI,Warrap,Twic,9.0105,28.318233
Majok Dheng Primary,PRI,Warrap,Gogrial West,8.529933,28.102533
Mading Biong Primary School,PRI,Warrap,Gogrial East,8.27125,28.50995714
Madhiath Ajak Primary School,PRI,Warrap,Tonj North,7.92835,28.82995
Mabior Akoon Kuot Primary,PRI,Northern Bahr el Ghazal,Aweil North,9.13580585,27.25816525
Rual Malith Primary School,PRI,Warrap,Tonj North,8.3423,28.984283
Mading Ameel Primary School,PRI,Warrap,Gogrial East,8.25915,28.253067
Mabior Dong Primary School,PRI,Warrap,Gogrial West,7.9766055,28.03039483
Mabil Apuoth Primary School,PRI,Northern Bahr el Ghazal,Aweil East,9.12497075,27.21880775
Mbiko Primary,PRI,Western Equatoria,Yambio,4.593796629,28.46359406
Amar- Jal Primary School,PRI,Northern Bahr el Ghazal,Aweil East,9.057517,27.677183
Maduany Basic School,PRI,Northern Bahr el Ghazal,Aweil Town,8.769628,27.39880567
Amatnhom Primary School,PRI,Lakes,Yirol West,6.3392,30.0721
Majok Primary School,PRI,Lakes,Rumbek Centre,6.771333,29.633318
Majok Awan Primary School,PRI,Warrap,Gogrial West,8.297717,28.984068
Ambanga Primary School,PRI,Western Bahr el Ghazal,Raja,8.49295,25.333033
Mabia Primary School,PRI,Western Equatoria,Tambura,5.561217,27.524717
Mabil Primary School,PRI,Lakes,Cueibet,7.118477833,29.23402167
Mabiortiit Primary School,PRI,Warrap,Gogrial East,8.7577,28.474716
Mabior-Abiem,PRI,Western Bahr el Ghazal,Jur River,8.010383,28.046867
Mabior-Wun-Diing Primary School,PRI,Northern Bahr el Ghazal,Aweil East,9.132067,27.374567
Mabirindi Primary School,PRI,Western Equatoria,Maridi,4.931933,29.512783
Mabok Primary,PRI,Northern Bahr el Ghazal,Aweil South,8.795033,27.815317
Mabok Tong Primary School,PRI,Northern Bahr el Ghazal,Aweil East,9.040316667,27.6637245
Mabenge Primary School,PRI,Western Equatoria,Tambura,5.497167,27.2987
Mabior L. Primary School,PRI,Northern Bahr el Ghazal,Aweil West,8.7788,27.3106005
Mabior Nyang Primary School,PRI,Northern Bahr el Ghazal,Aweil North,9.134117,26.690434
Mabior Abun Primary School,PRI,Western Bahr el Ghazal,Jur River,7.8339932,28.0474766
Mabor-Adhiak Primary School,PRI,Lakes,Awerial,6.329367,31.101433
Mabor-Ngap Primary School,PRI,Lakes,Rumbek Centre,6.807861,29.6728335
Maboric Primary School,PRI,Lakes,Rumbek East,6.50485,29.8741
Malith Buol Primary,PRI,Northern Bahr el Ghazal,Aweil South,8.7828,27.880699
Machar Abun Primary School,PRI,Northern Bahr el Ghazal,Aweil West,8.84635,27.24785
Munuki Primary School,PRI,Central Equatoria,Juba,4.853290368,31.55675447
Machar Primary School,PRI,Unity,Panyinjiar,7.51715,30.268517
Machar-Abeer Primary School,PRI,Northern Bahr el Ghazal,Aweil North,9.13580585,27.25816525
Machol Primary School,PRI,Northern Bahr el Ghazal,Aweil North,9.1782,27.23905
Machot Primary,PRI,Warrap,Twic,9.092392105,28.31931411
Machuor Primary School,PRI,Lakes,Yirol East,6.742083,30.414
Malualdit Community Primary,PRI,Warrap,Twic,9.135366667,28.50899267
Mark Nickelprimary School,PRI,Jonglei,Twic East,6.881283,31.37595
Marol Academy Primary School,PRI,Warrap,Gogrial East,8.213988071,28.29979786
Mamenze Community Primary School,PRI,Western Equatoria,Yambio,4.593796629,28.46359406
Marol Academy Secondary,SEC,Warrap,Gogrial East,8.213988071,28.29979786
Mayom Chol Primary School,PRI,Warrap,Gogrial East,8.411683,28.4028
Morngeny Comboni Primary School,PRI,Lakes,Wulu,6.797332216,29.99964754
Malualcum (1) Primary School,PRI,Lakes,Cueibet,7.118477833,29.23402167
Mading Cuar Primary School,PRI,Warrap,Twic,9.155249923,28.02942154
Matuich Primary School,PRI,Northern Bahr el Ghazal,Aweil North,9.172133,27.0413
Mangol Primary School,PRI,Warrap,Gogrial East,8.829433,28.545334
Mayom Two Primary,PRI,Unity,Mayom,9.02615,28.846201
Manyiel Wundeng Primary School.,PRI,Northern Bahr el Ghazal,Aweil East,9.053334667,27.76141083
Malual Deng Arum Primary School,PRI,Northern Bahr el Ghazal,Aweil North,9.355017,27.193768
Madhol Primary School,PRI,Northern Bahr el Ghazal,Aweil East,9.040033,27.70495
Madhol Primary School,PRI,Lakes,Rumbek North,7.678625,29.6419
Madhol Primary School,PRI,Warrap,Tonj South,7.491375348,28.94489365
Madhol Senior Sec. School,SEC,Northern Bahr el Ghazal,Aweil East,9.2072083,27.7017518
Mading Primary,PRI,Warrap,Gogrial West,8.760345286,28.15426457
Mading Primary School,PRI,Lakes,Rumbek Centre,6.743733,29.679632
Mading Primary School,PRI,Warrap,Tonj North,8.534517,28.911734
Mading Primary School.,PRI,Central Equatoria,Terekeka,5.820216714,30.91641214
Mading(Thian) Primary School,PRI,Lakes,Yirol East,6.694133,30.856805
Mading Akot Primary School,PRI,Warrap,Gogrial East,8.552867,28.344549
Majook-Adim Primary School,PRI,Northern Bahr el Ghazal,Aweil West,8.7788,27.3106005
Mading-Apuk Basic School,PRI,Warrap,Tonj South,7.239583,30.060249
Madol-Akoc Primary Schools,PRI,Lakes,Rumbek Centre,6.83185,29.6945
Madragi,PRI,Western Equatoria,Maridi,5.362883,29.622601
Madria Primary School,PRI,Northern Bahr el Ghazal,Aweil Town,8.769628,27.39880567
Mabor Duang Primary School,PRI,Lakes,Rumbek East,6.513607143,29.86474057
Madu-ngama pri sch,PRI,Western Equatoria,Mundri East,5.6818,30.5252
Madul Primary School,PRI,Unity,Mayom,9.088242429,29.14095971
Madulu Primary School,PRI,Lakes,Wulu,6.797332216,29.99964754
Malual Aduet Primary School,PRI,Northern Bahr el Ghazal,Aweil South,8.72693,27.858101
Medewu Primary School,PRI,Western Equatoria,Mundri West,5.2272964,30.1867668
Munuki East Basic school,PRI,Central Equatoria,Juba,4.861467,31.5793
Manikakara ECS Primary School,PRI,Western Equatoria,Ibba,4.849367,29.254017
Media Primary School,PRI,Central Equatoria,Yei River,3.896217,30.658068
Ameer Primary School,PRI,Jonglei,Twic East,7.16865,31.411682
Makuei Ageep Primary School,PRI,Northern Bahr el Ghazal,Aweil East,8.950033,27.558832
Mengeele Primary School,PRI,Central Equatoria,Juba,4.636183,30.94055
Meth Primary School.,PRI,Upper Nile,Maiwut,8.603967,33.921066
Marial-Maper Primary School,PRI,Warrap,Twic,9.1588,28.528667
Mirmir Primary School,PRI,Unity,Koch,5.0855,31.9821
Mankien Primary School,PRI,Unity,Mayom,9.048017,29.091967
Melekwe Primary,PRI,Eastern Equatoria,Magwi,3.8316,31.9587
Maluil Deng Primary School,PRI,Northern Bahr el Ghazal,Aweil West,8.6403,27.2526
Majok-Ken Primary School.,PRI,Warrap,Twic,9.0924,28.3193
Meen Primary School,PRI,Lakes,Rumbek North,7.479917,29.663282
Muttarram Primary School,PRI,Eastern Equatoria,Torit,4.525533,32.494232
Majak Gier Primary School,PRI,Northern Bahr el Ghazal,Aweil East,9.105033,27.476549
Makuei Primary School,PRI,Northern Bahr el Ghazal,Aweil West,8.708375,27.2887345
Mutebwa Primary School,PRI,Eastern Equatoria,Magwi,3.574972,32.20202267
Malual Kon Primary School,PRI,Northern Bahr el Ghazal,Aweil East,9.2908534,27.692356
Morukoyen Primary School,PRI,Eastern Equatoria,Budi,4.384568525,32.86773956
Marial-Amel Primary School,PRI,Warrap,Tonj North,8.33152075,29.10295875
Mariem Primary School,PRI,Northern Bahr el Ghazal,Aweil West,8.796983,27.267332
Mayom Secondary School,SEC,Unity,Mayom,9.02615,28.846201
Manyiel-Thony Primary School,PRI,Warrap,Tonj South,7.386967,28.982067
Morobo Primary School,PRI,Central Equatoria,Morobo,3.691967,30.779568
Malual-Chol Primary School,PRI,Warrap,Twic,9.092392105,28.31931411
Mereguga Primary School,PRI,Central Equatoria,Kajo-Keji,3.769833,31.483717
Minga Primary School,PRI,Western Equatoria,Mundri East,5.2985,30.864183
Marol Primary School,PRI,Warrap,Tonj North,8.43545,28.904383
Mbili Girls Secondary school,SEC,Western Bahr el Ghazal,Wau,7.7098165,27.993299
Stars Of Hope Adventist Primary School,PRI,Eastern Equatoria,Magwi,3.580679354,32.08492622
Mediit Primary School,PRI,Lakes,Cueibet,7.118477833,29.23402167
Malual Loch Primary School,PRI,Northern Bahr el Ghazal,Aweil North,9.2025,26.891718
Moun Primary School,PRI,Warrap,Twic,9.092392105,28.31931411
Mafuyu Primary School,PRI,Western Equatoria,Ezo,5.18425,27.9543335
Mayom Bol Primary,PRI,Northern Bahr el Ghazal,Aweil West,8.70838,27.28874
Mboroko Primary School,PRI,Western Equatoria,Maridi,4.866867,29.4373
Manyiel Akak Primary School,PRI,Warrap,Twic,9.06495,28.137199
Mathiangtit Primary school,PRI,Northern Bahr el Ghazal,Aweil Town,8.7660532,27.3341302
Mabok Geng Basic School,PRI,Northern Bahr el Ghazal,Aweil East,9.303033,27.721701
Magbuka Primary School,PRI,Western Equatoria,Yambio,4.748617,28.806801
Magok Primary School,PRI,Lakes,Awerial,6.1136,31.194851
Magokic Primary School,PRI,Lakes,Cueibet,6.9295,29.121349
Magwi Primary School,PRI,Eastern Equatoria,Magwi,4.134583,32.290115
Mabil Girls Primary School,PRI,Warrap,Twic,9.238967,28.676533
Magwi Secondary School,SEC,Eastern Equatoria,Magwi,4.115011,32.3561355
Maridi Girls Primary School,PRI,Western Equatoria,Maridi,4.925883,29.4631
Mogiri Primary School,PRI,Central Equatoria,Kajo-Keji,3.951217,31.593416
Mogok Primary School,PRI,Jonglei,Ayod,8.405383,31.337482
Mabior Gol Primary,PRI,Warrap,Gogrial West,7.755077667,28.191147
Mogos Primary School,PRI,Eastern Equatoria,Kapoeta East,4.49972,34.082878
Mugali Secondary,SEC,Eastern Equatoria,Magwi,3.574972,32.20202267
Makuac Girls Primary School,PRI,Northern Bahr el Ghazal,Aweil East,9.0817,27.894684
Magumbil Primary School,PRI,Lakes,Cueibet,6.9879585,29.327592
Morsak Primary School,PRI,Central Equatoria,Yei River,3.908459815,30.59346674
Mayom Primary School,PRI,Jonglei,Twic East,7.047972917,31.41733967
Magyiri U. P. School,PRI,Western Equatoria,Mundri East,6.481667,30.858
Mahad Primary School,PRI,Central Equatoria,Yei River,4.09575,30.693001
Machar Lower Primary Sch00L,PRI,Northern Bahr el Ghazal,Aweil West,8.7788,27.3106005
Manydeng Primary School,PRI,Jonglei,Bor,6.42775,31.564882
Imehejek Primary School,PRI,Eastern Equatoria,Lafon,4.764433,32.761051
Mariba Primary School,PRI,Western Equatoria,Mundri East,4.97415,30.758183
Mukta Boys Basic School,PRI,Western Bahr el Ghazal,Wau,7.710133,27.9928
Nyoat Primary School,PRI,Unity,Mayom,9.028783,28.935801
Imehejek Secondary,SEC,Eastern Equatoria,Lafon,4.7140415,32.7900675
Makur Primary School,PRI,Unity,Panyinjiar,7.4455,30.445883
Makuoch Primary,PRI,Northern Bahr el Ghazal,Aweil West,8.708385,27.288745
Mathiang Dhiel Primary School,PRI,Lakes,Rumbek Centre,6.776267,29.644484
Molloh Sub Primary School,PRI,Western Equatoria,Mundri East,5.252880583,30.50908325
Marol Akhon Primary School,PRI,Northern Bahr el Ghazal,Aweil West,8.840072333,27.38975533
Magwi Hope Primary School,PRI,Eastern Equatoria,Magwi,4.115011,32.3561355
Makuach Primary School,PRI,Northern Bahr el Ghazal,Aweil West,8.6402566,27.2525764
Malueth Primary School,PRI,Lakes,Rumbek North,7.652117,29.644667
Mura-Hatiha Primary School,PRI,Eastern Equatoria,Torit,4.508567,32.785034
Mideh Primary School,PRI,Western Equatoria,Mundri East,5.067933,30.732117
Malual Chat Primary School,PRI,Jonglei,Bor,6.147417,31.566833
Mangok Chuei Primary School,PRI,Warrap,Tonj North,8.33152075,29.10295875
Mutala Primary School,PRI,Western Equatoria,Mundri East,5.6362,30.460951
Morsak Primary School,PRI,Central Equatoria,Kajo-Keji,3.7845,31.45475
Mbilli Primary,PRI,Western Bahr el Ghazal,Jur River,7.298895286,28.38646386
Mattinge Primary School,PRI,Lakes,Wulu,6.797332216,29.99964754
Midigo Primary School,PRI,Central Equatoria,Morobo,3.507733,30.861467
Malith Primary School,PRI,Lakes,Rumbek East,6.513607143,29.86474057
Mundri II Primary School,PRI,Western Equatoria,Mundri West,5.386698222,30.26264278
Moijo Primary School,PRI,Central Equatoria,Kajo-Keji,3.769622167,31.6643375
Marikalanga Primary School,PRI,Western Equatoria,Mundri West,5.386698222,30.26264278
Omiella Primary School,PRI,Jonglei,Pochalla,7.390533,34.00465
Mayom Biong Primary School,PRI,Warrap,Gogrial East,8.23215,28.594933
Mirimududu Primary School,PRI,Western Equatoria,Mundri East,5.376967,30.469482
Mayonga Primary School,PRI,Western Bahr el Ghazal,Raja,8.490583,25.671717
Malek Miir Primary School,PRI,Northern Bahr el Ghazal,Aweil West,8.70838,27.28874
Manyiel Primary School,PRI,Warrap,Tonj North,8.54295,28.985201
Majook Deng Dit Primary School,PRI,Northern Bahr el Ghazal,Aweil North,8.986767,26.436466
Majook-Loop Primary School,PRI,Northern Bahr el Ghazal,Aweil North,9.180385,26.94400482
Kaya Valley Primary School,PRI,Central Equatoria,Kajo-Keji,3.950466667,31.53044467
Mangar-Tong Basic School,PRI,Northern Bahr el Ghazal,Aweil East,9.075733,27.548468
Maridi 1 Primary School,PRI,Western Equatoria,Maridi,4.993398333,29.41142376
Manyiel-Nhom Primary School,PRI,Warrap,Gogrial West,7.9766055,28.03039483
Majak Baai Primary School,PRI,Northern Bahr el Ghazal,Aweil North,9.131867,26.8202
Majak Bol Primary School,PRI,Northern Bahr el Ghazal,Aweil North,9.180385,26.94400482
Majak Bol Primary School,PRI,Warrap,Gogrial West,8.56315,28.1126
Majak Pagai Primary School,PRI,Warrap,Twic,9.169333,28.22625
Mahad Juba Elim Secondary School,SEC,Central Equatoria,Juba,4.98589713,31.67994678
Majak Primary School,PRI,Lakes,Cueibet,7.28885,30.625334
Majak-Akoon Basic School,PRI,Northern Bahr el Ghazal,Aweil East,9.149717,27.591017
Majak-Anyiel Primary School,PRI,Warrap,Twic,9.194233,27.9692
Majak Dhiema Primary School.,PRI,Northern Bahr el Ghazal,Aweil East,9.1606585,27.624316
Majakkaar Primary School,PRI,Northern Bahr el Ghazal,Aweil North,9.2274,27.025017
Majak-Muocdit Primary School,PRI,Northern Bahr el Ghazal,Aweil South,8.638222333,27.63321133
Majak-Nyuom Primary School,PRI,Warrap,Gogrial East,8.729033,28.531633
Majakaher Primary School,PRI,Warrap,Twic,9.124935471,28.40741571
Majakjier Primary School,PRI,Lakes,Rumbek East,6.555067,29.86105
Majaklou Primary School,PRI,Warrap,Tonj North,8.6113,28.844633
Maji Primary School,PRI,Eastern Equatoria,Magwi,4.115011,32.3561355
Majok Amuol Primary School,PRI,Warrap,Twic,9.1248,28.407301
Majak Ajuong Primary School,PRI,Northern Bahr el Ghazal,Aweil East,9.02885,27.5868
Majok Primary School,PRI,Warrap,Tonj South,8.1069166,28.6594268
Majok Primary School,PRI,Lakes,Yirol West,6.33919575,30.0721375
Mabor Akan Primary School,PRI,Lakes,Rumbek Centre,6.640883,29.519333
Maker Primary School,PRI,Northern Bahr el Ghazal,Aweil West,8.6402566,27.2525764
Maker-Aramthai Primary School,PRI,Lakes,Cueibet,7.118477833,29.23402167
Maker-Riau Primary School,PRI,Warrap,Gogrial East,8.363333,28.2293
Makeramuk Primary School,PRI,Northern Bahr el Ghazal,Aweil West,8.6402566,27.2525764
Makerdit Primary School,PRI,Warrap,Tonj South,7.212461167,28.65363917
Makerial Primary,PRI,Warrap,Gogrial East,8.2713,28.51
Majak Kol Primary,PRI,Warrap,Twic,9.2677634,28.6625164
Makila Primary School,PRI,Lakes,Wulu,6.797332216,29.99964754
Makol Cuei B Primary,PRI,Jonglei,Bor,6.4095,31.5744
Mabior Kot Primary,PRI,Warrap,Gogrial West,8.8280034,28.2099702
Makor Primary School,PRI,Lakes,Wulu,6.797332216,29.99964754
Makpandu Primary School,PRI,Western Equatoria,Yambio,4.742083,28.687332
Makarangbundu Primary School,PRI,Western Equatoria,Yambio,4.601417,28.75255
Makperenga Primary School,PRI,Western Equatoria,Yambio,4.575267,28.49905
Majak Kuol Primary,PRI,Northern Bahr el Ghazal,Aweil North,9.11149275,26.69668969
Makuac Kier Primary School,PRI,Northern Bahr el Ghazal,Aweil East,9.040316667,27.6637245
Makuac Primary School,PRI,Northern Bahr el Ghazal,Aweil East,9.096383,27.792482
Makuac Primary School,PRI,Warrap,Tonj East,7.987367,29.481483
Amiel Primary School,PRI,Jonglei,Duk,7.66343,31.489723
Malakia Primary School,PRI,Central Equatoria,Juba,4.826667,31.602768
Majak Liet Primary,PRI,Warrap,Gogrial East,8.4575,28.3312
Malek Ngok Primary School,PRI,Warrap,Gogrial West,8.529933,28.102533
Malek Akol Primary,PRI,Warrap,Gogrial West,8.8280034,28.2099702
Malek Bol Akon Primary School.,PRI,Northern Bahr el Ghazal,Aweil East,9.336033,27.521816
Malek Duluit Primary School.,PRI,Northern Bahr el Ghazal,Aweil East,9.051937625,27.37396888
Malek Primary School,PRI,Lakes,Yirol East,6.720133,30.797832
Malek I Primary School,PRI,Jonglei,Bor,6.063306,31.73462675
Malek Mayar Primary School,PRI,Northern Bahr el Ghazal,Aweil West,8.70838,27.28874
Malek Primary School,PRI,Lakes,Rumbek Centre,6.781244667,29.60896033
Malek Primary School,PRI,Upper Nile,Maiwut,8.6017375,33.9518585
Malek Primary School,PRI,Warrap,Gogrial West,7.755077667,28.191147
Malekyel Primary School,PRI,Northern Bahr el Ghazal,Aweil East,8.907692556,27.75167378
Malengagok Primary School,PRI,Lakes,Rumbek East,6.702417,29.764532
Maliai Primary School,PRI,Warrap,Gogrial East,8.488110375,28.52268138
Magar Lower Primary School,PRI,Northern Bahr el Ghazal,Aweil Centre,8.905633,27.368366
Maliny Primary School,PRI,Unity,Mayom,9.19503,29.763651
Malith Anei Deng Primary School.,PRI,Northern Bahr el Ghazal,Aweil North,9.370983,27.169201
Baau Emmanuel Primary School,PRI,Northern Bahr el Ghazal,Aweil Centre,8.40155,27.677383
Makur Agar Comboni Primary School,PRI,Lakes,Rumbek East,6.51785,30.029766
Mambe Primary School,PRI,Western Equatoria,Maridi,4.869067,29.824284
Makuach Maduok Primary,PRI,Northern Bahr el Ghazal,Aweil North,9.13580585,27.25816525
Mamer Boys Primary School,PRI,Lakes,Yirol East,6.77575,31.099184
Agor baar Mixed Primary School,PRI,Jonglei,Bor,6.063306,31.73462675
Mamer Girls Primary School,PRI,Lakes,Yirol East,6.748067,31.495968
Makuac Amiir Primary School,PRI,Northern Bahr el Ghazal,Aweil South,8.640117,27.633034
Mamer Primary School,PRI,Northern Bahr el Ghazal,Aweil East,8.89395,27.464617
Mamiir Primary School,PRI,Warrap,Twic,9.135332444,28.18868711
Majok Amal Primary School,PRI,Warrap,Gogrial West,8.58682925,28.12137525
Mangok Amuol,PRI,Warrap,Twic,9.112167,28.413017
Immanuel Model Secondary School,SEC,Central Equatoria,Yei River,4.517129816,30.60963066
Mariik Primary School,PRI,Northern Bahr el Ghazal,Aweil North,9.180067,26.936068
Mary Immaculate Primary,PRI,Central Equatoria,Yei River,4.479633,30.162434
Momoria Primary School,PRI,Eastern Equatoria,Ikotos,4.105333,33.087784
Mabior Mun Primary School,PRI,Warrap,Gogrial West,8.529933,28.102533
Makuac Amoyhou Primary,PRI,Northern Bahr el Ghazal,Aweil Centre,8.952167,26.863216
Manyang Jok Girls Primary School,PRI,Lakes,Yirol East,6.77575,31.099184
Man Lor Primary School,PRI,Warrap,Tonj North,7.98195,28.411917
Man-Awan Primary School,PRI,Northern Bahr el Ghazal,Aweil East,9.363738833,27.65452483
Mabior Anguei Primary School,PRI,Northern Bahr el Ghazal,Aweil North,9.13580585,27.25816525
Mandi Primary School,PRI,Western Equatoria,Mundri West,5.416033,30.302418
Mandikolo Primary School,PRI,Central Equatoria,Juba,4.9109,31.12400567
Mangala Primary School,PRI,Eastern Equatoria,Ikotos,4.262883,33.186352
Mangalla A Primary School,PRI,Central Equatoria,Juba,4.8877735,31.48765774
Mangaloti Primary,PRI,Central Equatoria,Kajo-Keji,3.80425,31.491983
MANGALOTI Primary School,PRI,Central Equatoria,Kajo-Keji,3.7765,31.387617
Mangalotore Primary School,PRI,Central Equatoria,Kajo-Keji,3.801617,31.373501
Mangar Primary School,PRI,Warrap,Gogrial West,7.8884,28.966667
Mangar Akot Primary,PRI,Northern Bahr el Ghazal,Aweil North,9.2125934,27.0225031
Mangalla B Basic school,PRI,Central Equatoria,Juba,4.8877735,31.48765774
Mangar Gier Primary School,PRI,Northern Bahr el Ghazal,Aweil South,8.782767,27.88065
Mangar I Primary School,PRI,Warrap,Gogrial West,8.8727,28.04595
Mangar Mou Primary School.,PRI,Northern Bahr el Ghazal,Aweil North,8.7484,27.451033
Mangar Two Primary School,PRI,Warrap,Gogrial West,8.8727,28.045967
Makur Panyon Primary School,PRI,Lakes,Rumbek Centre,6.6421,29.511383
Mangar-Amol Primary School,PRI,Northern Bahr el Ghazal,Aweil East,9.224567,27.3242
Marol Deng Geng Primary School,PRI,Northern Bahr el Ghazal,Aweil North,9.244567,27.065599
Mboro Primary,PRI,Western Bahr el Ghazal,Wau,7.7166,27.728518
Mourkuac,PRI,Lakes,Wulu,6.797332216,29.99964754
MOKIDO Primary School,PRI,Central Equatoria,Terekeka,5.944733,30.758667
Manyang Primary School.,PRI,Warrap,Gogrial East,8.213988071,28.29979786
Motherland Secondary school,SEC,Western Equatoria,Mundri West,5.386698222,30.26264278
Moi Moi Primary,PRI,Western Bahr el Ghazal,Wau,7.6449335,27.883883
Moje Primary School,PRI,Central Equatoria,Juba,5.207483,31.010817
Moli Tokuro Primary School,PRI,Eastern Equatoria,Magwi,3.831602833,31.958733
Malou Hol Primary School,PRI,Warrap,Twic,9.14655,28.28405
Makuei Comboni Primary School,PRI,Northern Bahr el Ghazal,Aweil North,9.0826,26.613701
Makuach Biong primary,PRI,Warrap,Gogrial East,8.27125,28.50995714
Mathiang Kook Primary School,PRI,Lakes,Rumbek East,6.62725,29.756457
Merkolong Primary,PRI,Central Equatoria,Juba,4.853290368,31.55675447
Mirigue Primary School,PRI,Western Equatoria,Mundri East,5.665597167,30.65709183
Maria Goreti Secondary School,SEC,Northern Bahr el Ghazal,Aweil Town,8.769628,27.39880567
Morsak Basic,PRI,Central Equatoria,Juba,4.8877735,31.48765774
Marial Lou Secondary,SEC,Warrap,Tonj North,7.9582934,28.3911568
Middle Primary,PRI,Jonglei,Pochalla,7.375116667,34.01928333
Manyangok Primary School,PRI,Warrap,Tonj South,7.3207,28.933201
Majak Deng Aguer Primary School,PRI,Northern Bahr el Ghazal,Aweil East,9.125983,27.733032
Madol Pajok Primary School,PRI,Warrap,Gogrial West,8.546367,28.119368
Mapara Primary School,PRI,Warrap,Tonj East,7.944767,29.3444
Maper Authap Primary,PRI,Warrap,Twic,9.0924,28.3193
Malou Pec Primary School,PRI,Lakes,Cueibet,6.004833,29.29315
Maper Primary School,PRI,Warrap,Twic,9.104183,28.493299
Mopiso Primary School,PRI,Western Equatoria,Tambura,5.662933,27.505533
Mapeer Ll Primary School,PRI,Lakes,Rumbek Centre,6.685333,29.709784
MOPOKO Primary School,PRI,Central Equatoria,Yei River,4.398147875,30.23400825
Makuac Panyiik Primary,PRI,Warrap,Twic,9.088167,28.391701
Mupoi Primary School,PRI,Western Equatoria,Tambura,5.453517,27.626467
Maper Agep Primary School.,PRI,Warrap,Gogrial East,8.554467,28.472218
Merciful Nursery Primary School,PRI,Central Equatoria,Juba,4.853290368,31.55675447
Monyeng Patir Primary School,PRI,Lakes,Rumbek East,6.72449175,29.7558455
Comboni Secondary School,SEC,Lakes,Yirol West,6.54162075,30.51389975
Marialbai Secondary School,SEC,Northern Bahr el Ghazal,Aweil West,8.7788,27.3106005
Majok Noon Primary School,PRI,Warrap,Twic,9.201467,28.5889
Maluil Primary School,PRI,Northern Bahr el Ghazal,Aweil Centre,8.828733,27.3024575
Manyuar Girls Primary School.,PRI,Warrap,Twic,9.155249923,28.02942154
Wurta Primary School,PRI,Central Equatoria,Kajo-Keji,3.700917,31.560932
Mouk Primary School,PRI,Unity,Mayiandit,8.331,30.0434
Moti Primary School,PRI,Eastern Equatoria,Torit,4.336533,32.546902
Malek Ii Primary School,PRI,Jonglei,Bor,6.0633,31.7346
Maluil Agurpiny Primary,PRI,Northern Bahr el Ghazal,Aweil East,9.363738833,27.65452483
Makundi Primary School,PRI,Lakes,Wulu,6.797332216,29.99964754
Malual-Bab Primary School,PRI,Lakes,Rumbek Centre,6.795133,29.668167
Morowa Primary School,PRI,Central Equatoria,Yei River,4.398147875,30.23400825
Mayom-Jur Wiir Primary School,PRI,Northern Bahr el Ghazal,Aweil East,6.079567,31.161333
Mabil Pajok Primary School,PRI,Warrap,Gogrial West,8.898583,27.967684
Mayomkou Primary,PRI,Warrap,Gogrial West,7.9766055,28.03039483
Mangbondo Primary School,PRI,Western Equatoria,Yambio,4.549967,28.399782
Mabior Yar Primary School,PRI,Warrap,Tonj South,7.700467,29.718533
Malual Kuel Primary School,PRI,Warrap,Gogrial East,8.198817,28.498034
Mura-Lopit Primary School,PRI,Eastern Equatoria,Lafon,4.66365,32.819084
Mbara Primary School,PRI,Western Equatoria,Mundri West,5.576467,30.16535
Majook Primary School,PRI,Warrap,Gogrial East,8.153983,28.223949
Majakkaar secondary school,SEC,Northern Bahr el Ghazal,Aweil North,9.2125934,27.0225031
Muoralol Primary School,PRI,Warrap,Tonj North,7.64215,28.491068
Manguri Primary School,PRI,Western Equatoria,Nzara,4.514567,28.288616
Makur Primary School,PRI,Lakes,Awerial,6.368,31.146566
Mundu Primary School,PRI,Central Equatoria,Lainya,4.0471,31.013582
Marjuk Primary School,PRI,Central Equatoria,Yei River,4.517129816,30.60963066
Marakonye Primary School,PRI,Central Equatoria,Yei River,4.10405,30.72105
Amer Primary School,PRI,Lakes,Rumbek East,6.631133,29.768482
Amer Primary School,PRI,Lakes,Rumbek North,6.8934,29.642733
Maar Primary School,PRI,Jonglei,Twic East,6.882867,31.377567
Marangu Primary School,PRI,Western Equatoria,Ezo,6.2827,28.277433
Mareng Akuar Primary School,PRI,Northern Bahr el Ghazal,Aweil West,8.6402566,27.2525764
Mareng Primary School,PRI,Warrap,Twic,9.135332444,28.18868711
Mareng Akok Primary School,PRI,Northern Bahr el Ghazal,Aweil North,9.2125934,27.0225031
Malek Girls Primary School,PRI,Lakes,Yirol East,6.721733,30.801634
Mariagba Primary School,PRI,Western Equatoria,Ezo,5.030533,27.615049
Marangi Primary School,PRI,Western Equatoria,Maridi,5.362883,29.622601
Marial Akeng Primary School,PRI,Lakes,Cueibet,6.935483333,29.43480583
Marial Baai Primary School,PRI,Northern Bahr el Ghazal,Aweil West,8.788167,27.225483
Marial Bai,PRI,Western Bahr el Ghazal,Jur River,7.8733,28.049183
Marial Makual Primary School,PRI,Warrap,Gogrial West,8.749916714,28.03164543
Maker Rual Primary,PRI,Northern Bahr el Ghazal,Aweil North,9.1330766,27.1597499
Marial Primary School,PRI,Jonglei,Twic East,6.92785,31.375233
Marial-Adal Primary School,PRI,Northern Bahr el Ghazal,Aweil East,9.1606585,27.624316
Malual Dit Basic School,PRI,Northern Bahr el Ghazal,Aweil East,9.135017,27.702383
Mudubai Primary School,PRI,Western Equatoria,Maridi,4.993117,29.5044
Malek Alel Senior Secondary School,SEC,Northern Bahr el Ghazal,Aweil South,8.782755667,27.88064967
Mingkaman Primary School,PRI,Lakes,Awerial,6.337333,31.518167
Masukaki Community Girls Primary School,PRI,Western Equatoria,Tambura,5.564067,27.517017
Mosingo Primary School,PRI,Eastern Equatoria,Ikotos,4.288104125,33.13794413
Mary John Primary School,PRI,Unity,Leer,8.316434389,30.21096106
Malou Millitary Primary School,PRI,Lakes,Rumbek East,6.723867,29.7652
Masalaga Primary,PRI,Western Bahr el Ghazal,Wau,7.6449335,27.883883
Masindi Primary School,PRI,Eastern Equatoria,Magwi,3.584083,32.197369
Marol Lual Primary School,PRI,Northern Bahr el Ghazal,Aweil South,8.784472333,27.66910633
Mankaro Primary School,PRI,Central Equatoria,Lainya,4.23595,30.97275
Madoro Primary School SRRC,PRI,Western Equatoria,Ezo,5.05355,27.496918
Massiri Primary,PRI,Western Equatoria,Tambura,5.520666615,27.46683438
Maper East Primary School,PRI,Northern Bahr el Ghazal,Aweil Town,8.7660532,27.3341302
Madiba SubPrimary School,PRI,Western Equatoria,Mundri West,5.424233,30.391083
Mangok Primary School,PRI,Northern Bahr el Ghazal,Aweil East,9.045317,27.384701
Miri-Magya Primary School,PRI,Western Equatoria,Mundri West,5.386698222,30.26264278
Moruarengan Primary School,PRI,Eastern Equatoria,Kapoeta East,4.49973,34.08289
Matangai Primary School,PRI,Lakes,Rumbek Centre,6.825733,29.650383
Ameth Primary School,PRI,Northern Bahr el Ghazal,Aweil West,8.708375,27.2887345
Amethwol Primary School,PRI,Warrap,Gogrial West,8.89885,27.984449
Amothic Primary,PRI,Northern Bahr el Ghazal,Aweil West,8.840072333,27.38975533
Maluil Tit Primary School,PRI,Warrap,Gogrial West,7.7217,27.997267
Mathiang Akol Kuol Primary School.,PRI,Northern Bahr el Ghazal,Aweil East,9.040316667,27.6637245
Ameth-Duol Primary School,PRI,Lakes,Cueibet,6.8926,29.525133
Majak Tiit Primary School,PRI,Warrap,Tonj North,7.9582934,28.3911568
Makuei-Abeek Primary School,PRI,Warrap,Twic,9.129967,28.083349
Mathiang Amol Primary School.,PRI,Northern Bahr el Ghazal,Aweil East,9.051937625,27.37396888
Marial Tong Liai Primary School,PRI,Northern Bahr el Ghazal,Aweil East,9.001221,27.50272525
Mabior Atok primary,PRI,Warrap,Tonj North,8.11195,28.62774175
Mathiangdit Primary School,PRI,Warrap,Gogrial West,8.880483,27.967266
Mathiangic Primary School,PRI,Lakes,Rumbek East,6.565307286,29.909224
Macher Tit Primary School,PRI,Northern Bahr el Ghazal,Aweil East,9.295267,27.418467
Mabior Atuot Primary School,PRI,Warrap,Gogrial West,7.721833,27.997368
Mathiangtiit,PRI,Lakes,Cueibet,7.308046,29.290721
Mathur Primary School,PRI,Lakes,Rumbek Centre,6.631567,29.431316
Amatyang Primary School,PRI,Northern Bahr el Ghazal,Aweil West,8.708375,27.2887345
Matjak Primary School,PRI,Jonglei,Twic East,7.106683,31.4244
Mangar Lual Primary School,PRI,Northern Bahr el Ghazal,Aweil South,9.372817,27.822218
Malualcum,PRI,Warrap,Tonj East,7.848825,29.077329
Mundri Adventist Primary,PRI,Western Equatoria,Mundri West,5.35285,30.319366
Makol Cuei Primary School,PRI,Jonglei,Bor,6.378383,31.649366
Maingbangaru Primary School,PRI,Western Equatoria,Yambio,4.623133,28.338333
Juba Christian Centre Munuki,PRI,Central Equatoria,Juba,4.853290368,31.55675447
Maluil basic school,PRI,Western Bahr el Ghazal,Jur River,7.81655,27.967699
Maluak Primary School,PRI,Unity,Panyinjiar,7.676483,30.239082
Maluil Primary School,PRI,Warrap,Tonj North,7.8674835,28.79580825
Mayen gumel primary,PRI,Warrap,Gogrial West,7.755077667,28.191147
Majok Buol Primary School,PRI,Northern Bahr el Ghazal,Aweil East,8.99374,27.4690836
Manyiel Upper Primary School,PRI,Warrap,Tonj North,7.815617,28.830566
Mukwaidit Primary School,PRI,Lakes,Cueibet,6.9879585,29.327592
Muresuk Primary School,PRI,Central Equatoria,Lainya,4.429117,30.030317
Maluil Primary School,PRI,Northern Bahr el Ghazal,Aweil West,8.7788,27.3106005
Amuthic Primary School,PRI,Northern Bahr el Ghazal,Aweil Centre,8.761983,27.44265
Mayom Primary School,PRI,Lakes,Rumbek Centre,6.684372167,29.4582385
Mayual Primary School,PRI,Jonglei,Bor,6.30695,31.562883
Meen Primary School,PRI,Lakes,Rumbek Centre,6.677767,29.826401
Mariik Primary School,PRI,Northern Bahr el Ghazal,Aweil South,8.65165,29.3815
Mutamadia Primary,PRI,Western Bahr el Ghazal,Wau,7.7098165,27.993299
Mageng Primary School,PRI,Lakes,Yirol West,6.135175,30.020525
Mvolo Centre Primary School,PRI,Western Equatoria,Mvolo,6.84115,30.757931
Makuma Primary,PRI,Northern Bahr el Ghazal,Aweil West,8.70841,27.288771
Makanga Primary School,PRI,Western Equatoria,Yambio,4.793317,28.77375
St.Mary Immaculate Basic School,PRI,Eastern Equatoria,Magwi,3.831602833,31.958733
Moruari Primary,PRI,Western Equatoria,Mundri East,5.317396,30.8726205
Mvolo Secondary School,SEC,Western Equatoria,Mvolo,6.84115,30.757931
Makuei Primary School,PRI,Warrap,Gogrial West,8.760345286,28.15426457
MajakJok Primary School,PRI,Lakes,Yirol East,6.684033,30.602867
Muni Lake Primary School,PRI,Central Equatoria,Terekeka,5.633733,30.564417
Mutu Primary School,PRI,Western Equatoria,Ezo,5.122983,27.505367
Malual Kiir Primary,PRI,Warrap,Twic,9.135332444,28.18868711
Marol Buol Primary School,PRI,Northern Bahr el Ghazal,Aweil West,8.720585,27.29911044
Manyiel Primary School,PRI,Northern Bahr el Ghazal,Aweil North,9.1422,26.863367
Mayom Secondary,SEC,Warrap,Tonj South,7.491375348,28.94489365
Malual Aweil Primary School,PRI,Warrap,Twic,9.088283,27.98535
Malou Primary School,PRI,Northern Bahr el Ghazal,Aweil West,8.6402566,27.2525764
Mayom Lac Primary School,PRI,Northern Bahr el Ghazal,Aweil South,8.72693,27.858101
Mongo Primary School,PRI,Central Equatoria,Yei River,3.91885,30.617149
Malual Wut Primary School,PRI,Warrap,Gogrial East,8.15745,28.155701
Mawut Primary School,PRI,Warrap,Gogrial East,8.311233,28.357967
Makeer Awet Primary,PRI,Warrap,Twic,9.124935471,28.40741571
Morre Primary School,PRI,Central Equatoria,Yei River,3.8999,30.741301
Mathiang Kou Primary school,PRI,Warrap,Twic,9.0925,28.319401
Majok-Kuom Primary School,PRI,Northern Bahr el Ghazal,Aweil North,9.2272,27.068632
Mankaru Primary School,PRI,Central Equatoria,Juba,4.601133,30.960567
Mayom Wel Primary School,PRI,Northern Bahr el Ghazal,Aweil Town,8.748317,27.551649
Matondo Nursery & Primary School,PRI,Western Equatoria,Yambio,4.593796629,28.46359406
Malual Awien Primary School,PRI,Warrap,Gogrial West,8.52295,28.109051
Mabol Wol Primary,PRI,Northern Bahr el Ghazal,Aweil West,8.6402566,27.2525764
Mabior Athony Primary school,PRI,Warrap,Twic,9.0925,28.319401
Malou Awet Primary,PRI,Warrap,Twic,9.092392105,28.31931411
Mading Wuny Primary School,PRI,Warrap,Gogrial West,8.294383,28.1504
Manyiel Agepic Primary School,PRI,Northern Bahr el Ghazal,Aweil East,9.040316667,27.6637245
Malual Kuel Primary School,PRI,Northern Bahr el Ghazal,Aweil East,8.970783,27.311884
Mundri Secondary School,SEC,Western Equatoria,Mundri West,5.35265,30.324318
Marol-Duluit Primary School,PRI,Northern Bahr el Ghazal,Aweil East,9.15415,27.341316
Makuok Primary School,PRI,Warrap,Tonj North,7.726817,28.244368
Mankuac Primary School,PRI,Warrap,Gogrial West,8.529933,28.102533
MIJIKI Primary School,PRI,Central Equatoria,Terekeka,5.7233,30.840834
Mirindani Primary School,PRI,Western Equatoria,Mundri East,5.665597167,30.65709183
Manyiel Primary School,PRI,Northern Bahr el Ghazal,Aweil East,9.14495,26.961082
Mior Malek Ajok Primary.,PRI,Warrap,Twic,9.155249923,28.02942154
Mitika Primary School,PRI,Central Equatoria,Yei River,3.959367,30.497967
Maluo Primary School,PRI,Jonglei,Bor,6.038383,31.615717
Marial-Tiit Primary School,PRI,Warrap,Tonj East,7.898517,29.405416
Mulbook Primary School,PRI,Upper Nile,Renk,11.007383,32.679115
Majookamal Primary School.,PRI,Warrap,Gogrial East,8.2141,28.2999
Makuei Doong Primary School,PRI,Northern Bahr el Ghazal,Aweil East,8.006413727,28.66000464
Mangar Ayiou Primary School,PRI,Northern Bahr el Ghazal,Aweil North,9.13580585,27.25816525
Malon Primary School,PRI,Jonglei,Akobo,8.162167,32.382
Mondi Primary School,PRI,Central Equatoria,Kajo-Keji,3.950466667,31.53044467
Majok-Dut Primary School,PRI,Northern Bahr el Ghazal,Aweil East,9.1473,27.657084
Malual-Muok Primary School,PRI,Warrap,Tonj South,7.40045,28.740183
Mainzee Primary School,PRI,Western Equatoria,Nagero,6.37968,27.7684632
Mondikolok Primary School,PRI,Central Equatoria,Kajo-Keji,3.915517,31.62595
MUKPARA Primary School,PRI,Central Equatoria,Yei River,4.507883,30.141933
Ongolkor Primary,PRI,Eastern Equatoria,Magwi,3.76308,32.166531
Mabil-Geng Primary school,PRI,Northern Bahr el Ghazal,Aweil East,8.006413727,28.66000464
Mayanthon Primary School,PRI,Lakes,Cueibet,7.118477833,29.23402167
Mayath Boys Primary School,PRI,Lakes,Cueibet,6.990717,29.329033
Mayen Primary School,PRI,Jonglei,Bor,6.365867,31.556267
Mayen Ador Primary School,PRI,Warrap,Tonj East,7.838,29.271366
Mayen Abun Primary,PRI,Warrap,Twic,9.160567,28.355267
Mayen Ulem Primary School,PRI,Northern Bahr el Ghazal,Aweil North,9.018383,27.3333
Mayath Girls Primary School,PRI,Lakes,Cueibet,6.9852,29.326151
Mayen- Bala Primary School,PRI,Warrap,Twic,9.155249923,28.02942154
Mayen-Loc Primary School,PRI,Warrap,Tonj North,7.792817,28.6408
Mayenjur Primary School,PRI,Warrap,Gogrial East,8.5941,28.6097915
Mayewe Primary School,PRI,Western Equatoria,Mvolo,6.84117,30.75795
Mayen Lual Primary School.,PRI,Northern Bahr el Ghazal,Aweil East,9.2072083,27.7017518
Mayo Girls Basic,PRI,Western Bahr el Ghazal,Wau,7.7033,27.9984
Mayom Primary School,PRI,Lakes,Rumbek East,6.5102,30.034767
Mayo Girls Primary School,PRI,Central Equatoria,Juba,4.8367,31.6092
Majok Yinh Thiou Primary School,PRI,Northern Bahr el Ghazal,Aweil East,9.053334667,27.76141083
Malou Yuol Primary School,PRI,Lakes,Cueibet,6.849517,29.225967
Mayom Ajak Primary School,PRI,Warrap,Gogrial West,8.529533,28.101933
Mayom Akoon Primary School,PRI,Northern Bahr el Ghazal,Aweil West,8.840072333,27.38975533
Mayom Akuang Primary School,PRI,Northern Bahr el Ghazal,Aweil West,8.708385,27.288745
Mayom Basic Primary School,PRI,Unity,Mayom,9.223717,29.1651
Miroloko Primary School,PRI,Western Equatoria,Mundri East,5.252880583,30.50908325
Muong-Kuac Primary School.,PRI,Warrap,Gogrial West,8.5296,28.102682
Minyori Primary School,PRI,Central Equatoria,Yei River,4.172017,30.580334
Manjur Primary School,PRI,Lakes,Awerial,6.1136,31.194851
Malual Dit Deng Ngor,PRI,Northern Bahr el Ghazal,Aweil East,9.237933,27.343866
Makuei Alel Primary School,PRI,Northern Bahr el Ghazal,Aweil South,8.650683,27.831432
Minikolome,PRI,Western Equatoria,Mvolo,6.84115,30.757931
Mazimbi primary,PRI,Western Equatoria,Yambio,4.518433,28.41345
Mundri I primary,PRI,Western Equatoria,Mundri West,5.386698222,30.26264278
Manyang Akot Basic School,PRI,Western Bahr el Ghazal,Jur River,7.7781025,28.0818325
Malith Primary School,PRI,Lakes,Wulu,6.797332216,29.99964754
Mangayat Primary School,PRI,Western Bahr el Ghazal,Raja,8.221667,25.861433
Sau Primary,PRI,Eastern Equatoria,Magwi,3.565833,32.206699
Malok primary,PRI,Warrap,Tonj North,8.5320834,28.9142668
Muku I Primary School,PRI,Western Equatoria,Maridi,4.9932,29.411301
Mayom-Abun Main Complex Primary School,PRI,Warrap,Tonj South,7.491375348,28.94489365
Majok Primary School,PRI,Warrap,Tonj North,7.796017,28.47595
Mayom Deng Akol Primary School,PRI,Northern Bahr el Ghazal,Aweil North,9.360483,27.392
Maluildit Primary School.,PRI,Warrap,Tonj North,8.5320834,28.9142668
Nachilagur Basic School,PRI,Eastern Equatoria,Kapoeta South,4.664083,33.596298
Juba Nabari Primary School,PRI,Central Equatoria,Juba,4.842633,31.614582
New Appostolic Church School,PRI,Central Equatoria,Juba,4.853290368,31.55675447
Nadiangere Community Primary School,PRI,Western Equatoria,Yambio,4.518433,28.41345
Nambia Primary School,PRI,Western Equatoria,Maridi,5.3099832,29.598337
Naandi Secondary School,SEC,Western Equatoria,Ezo,5.271056125,28.03358125
Ngatinga Primary School,PRI,Lakes,Cueibet,7.071483,30.109333
Naakiri Primary School,PRI,Western Equatoria,Yambio,4.554167,28.432783
Namama Primary School,PRI,Western Equatoria,Nzara,4.627967,28.386101
Ngolengbo (A) Primary,PRI,Western Bahr el Ghazal,Wau,7.749816571,27.63635471
Ntc Army Primary School,PRI,Central Equatoria,Yei River,4.517129816,30.60963066
Ngap Athian Primary School,PRI,Warrap,Gogrial West,8.628467,28.122316
Nazereta Community Girls School,PRI,Western Equatoria,Yambio,4.593796629,28.46359406
Nabanga Primary School,PRI,Western Equatoria,Ibba,4.487933,29.08605
New Bilpam Basic Primary School,PRI,Western Bahr el Ghazal,Wau,7.950166207,28.06916507
Nyiraya Basic Primary School,PRI,Western Bahr el Ghazal,Jur River,7.301533,28.437851
Ngboko Primary School,PRI,Western Equatoria,Tambura,5.390517,27.299917
Nyabi Community Based Primary School,PRI,Central Equatoria,Morobo,3.7135,30.633101
Ngolengbo (B) Primary,PRI,Western Bahr el Ghazal,Wau,7.6449335,27.883883
Ngongba Basic School,PRI,Western Bahr el Ghazal,Wau,7.7649,27.633734
Ngoltahima ( B) Primary,PRI,Western Bahr el Ghazal,Wau,7.6449335,27.883883
Panliet Primary School,PRI,Warrap,Gogrial West,8.842983,28.253733
Nyarigolo Community Based Primary School,PRI,Central Equatoria,Morobo,3.8284,30.7223
Ngamathian basic community school,PRI,Warrap,Gogrial West,8.58682925,28.12137525
Nzama Community Girls School,PRI,Western Equatoria,Tambura,4.6252,28.231783
NajKur chol Primary,PRI,Upper Nile,Renk,11.73422268,32.82643359
Ngisa Basic School Co-Education,PRI,Western Bahr el Ghazal,Wau,7.620867,27.805834
Nock-Nhial Primary School,PRI,Warrap,Tonj North,8.690844667,28.57242767
Nyamlell Comboni Primary School,PRI,Northern Bahr el Ghazal,Aweil West,8.840072333,27.38975533
Andari Primary School,PRI,Western Equatoria,Ezo,4.94695,27.724167
NDA Primary School,PRI,Western Equatoria,Nagero,6.37968,27.7684632
Undukori Primary School,PRI,Central Equatoria,Yei River,3.939383,30.689917
Nadiangere Primary School,PRI,Western Equatoria,Yambio,4.518433,28.41345
Andipala Primary School,PRI,Central Equatoria,Morobo,3.706216667,30.71054278
Pandit Girls Primary School,PRI,Northern Bahr el Ghazal,Aweil North,9.13215,27.1649
Naduru Primary School,PRI,Western Equatoria,Yambio,4.593796629,28.46359406
Newsite Basic,PRI,Western Bahr el Ghazal,Wau,7.950166207,28.06916507
Nabanga ECS Primary School,PRI,Western Equatoria,Ibba,4.5142,29.1283
St.Daniel Comboni Primary School.,PRI,Warrap,Tonj North,7.9582934,28.3911568
New Generation Primary,PRI,Central Equatoria,Yei River,4.517129816,30.60963066
NEW Life Secondary School,SEC,Northern Bahr el Ghazal,Aweil West,8.840072333,27.38975533
Ngulere Primary,PRI,Central Equatoria,Juba,4.8367,31.6092
Nile Mixed Primary School,PRI,Jonglei,Ayod,8.1243,31.410601
Nagero Secondary School,SEC,Western Equatoria,Nagero,6.37968,27.7684632
Mabongo Community Primary School,PRI,Western Equatoria,Yambio,4.518433,28.41345
New Testament primary school,PRI,Central Equatoria,Juba,4.853290368,31.55675447
Ngufubu Primary School,PRI,Eastern Equatoria,Ikotos,4.2882,33.138
Angaim Primary School,PRI,Eastern Equatoria,Torit,4.411795,32.6270445
Angol Primary,PRI,Warrap,Twic,9.092392105,28.31931411
Angonlek Primary School,PRI,Northern Bahr el Ghazal,Aweil West,8.708385,27.288745
Angebi Primary School,PRI,Central Equatoria,Yei River,4.398147875,30.23400825
Anguaka Primary School,PRI,Lakes,Rumbek Centre,6.69369575,29.689409
Angui Primary School,PRI,Warrap,Tonj South,7.491375348,28.94489365
Angui Primary School,PRI,Warrap,Gogrial West,7.721783,27.997417
Angijoong Primary School,PRI,Warrap,Tonj East,7.252433,29.319733
Nagbagi Primary School,PRI,Western Equatoria,Nagero,6.374217,27.763283
Angulumere Primary School,PRI,Eastern Equatoria,Lafon,5.0108,32.395283
Nagburuku primary,PRI,Western Equatoria,Nzara,4.705583,27.89665
Angon-dong Primary School,PRI,Warrap,Tonj South,7.491375348,28.94489365
Nagero Primary School,PRI,Western Equatoria,Nagero,6.393467,27.772318
Ngabagok Primary School,PRI,Warrap,Tonj East,7.847633,29.0961
Ngabanet Primary School,PRI,Warrap,Tonj East,7.848825,29.077329
Ngalam Primary School,PRI,Eastern Equatoria,Budi,4.384568525,32.86773956
Nagishot Primary School,PRI,Eastern Equatoria,Budi,4.384568525,32.86773956
Angouth Primary School,PRI,Warrap,Gogrial West,8.78055,28.196133
Ngaluma Primary School,PRI,Eastern Equatoria,Ikotos,4.287883333,33.18261233
Ngangalla Primary,PRI,Central Equatoria,Juba,4.8367,31.6092
Ngap Primary School,PRI,Lakes,Cueibet,6.849517,29.225967
Nakwathom Heritage Academy Primary School,PRI,Eastern Equatoria,Kapoeta East,4.25195,33.997501
Nhiak Primary School,PRI,Lakes,Rumbek East,6.72449175,29.7558455
St. Patrick Primary,PRI,Eastern Equatoria,Magwi,3.580679354,32.08492622
Nehemiah Primary School,PRI,Central Equatoria,Yei River,4.094083,30.687099
Nhaom Laau Primary School,PRI,Lakes,Yirol East,6.704517,30.597349
Nyolo Hope Primary School,PRI,Eastern Equatoria,Magwi,4.115011,32.3561355
New Generation IDP primary School,PRI,Central Equatoria,Juba,4.8330266,31.6651966
Nantorilem Primary School,PRI,Eastern Equatoria,Budi,4.384568525,32.86773956
NGO-Halima (A) Primary School,PRI,Western Bahr el Ghazal,Wau,7.617667,27.866682
Nogdiar Girls Primary School,PRI,Upper Nile,Panyikang,9.378062,31.53763533
Ngburusai Primary School,PRI,Western Equatoria,Maridi,4.829833,29.4988
Ngatinga Mixed Primary School,PRI,Jonglei,Bor,6.386767,31.586184
Nyori Primary School,PRI,Central Equatoria,Juba,4.8877735,31.48765774
Onjirima Primary School,PRI,Western Equatoria,Maridi,4.9864,29.450583
Nyiel Kau Primary School,PRI,Warrap,Gogrial West,8.296767,28.834801
Naak Primary School,PRI,Unity,Leer,8.22635,30.253416
Nakpataguru Primary School,PRI,Western Equatoria,Nagero,6.416783,27.783333
Nakpazigi Primary School,PRI,Western Equatoria,Nzara,4.673117,28.182301
Rumket Primary School.,PRI,Northern Bahr el Ghazal,Aweil East,9.001221,27.50272525
Nakongoni primary,PRI,Western Equatoria,Ibba,4.735583,29.171432
Nyin Akook Primary School,PRI,Western Bahr el Ghazal,Jur River,7.921567,28.026768
Nakpangau Primary School,PRI,Western Equatoria,Yambio,4.565033,28.394783
Nakoringole Primary School,PRI,Eastern Equatoria,Ikotos,3.905972333,33.51602667
Unkuel Primary School,PRI,Jonglei,Akobo,8.1594,32.238132
Nhom Laau Primary,PRI,Northern Bahr el Ghazal,Aweil West,8.7788,27.3106005
Anuol Primary School,PRI,Lakes,Yirol West,6.143817,30.028351
New Life Primary School,PRI,Northern Bahr el Ghazal,Aweil West,8.840072333,27.38975533
Ngodakala Primary,PRI,Western Bahr el Ghazal,Wau,7.5483,27.830099
Ngolonyologi Primary School,PRI,Lakes,Wulu,6.797332216,29.99964754
Nile Model Secondary School,SEC,Central Equatoria,Juba,4.98589713,31.67994678
Nile Progressive Secondary School,SEC,Eastern Equatoria,Magwi,3.580679354,32.08492622
Nazel Lul Primary,PRI,Upper Nile,Renk,11.7342,32.826401
Namaku Primary School,PRI,Western Equatoria,Nzara,4.680083,28.231167
Nambazia Primary School,PRI,Western Equatoria,Nzara,4.6475,28.2113
Nambia Primary School,PRI,Western Equatoria,Yambio,4.634233,28.517918
Nimule Model S. S,SEC,Eastern Equatoria,Magwi,3.580679354,32.08492622
New Comfort Primary School,PRI,Central Equatoria,Juba,4.9349,30.587566
Nambiongo Community Girls School,PRI,Western Equatoria,Yambio,4.704790889,28.70675544
Namama III Primary School,PRI,Western Equatoria,Yambio,4.500017,28.419018
Nanloni primary,PRI,Central Equatoria,Juba,4.8533,31.5567
Udier Primary School,PRI,Upper Nile,Longchok,9.308567,33.692383
Moni Primary School,PRI,Northern Bahr el Ghazal,Aweil Centre,8.065217,26.843651
Nile Model Primary,PRI,Central Equatoria,Juba,4.98589713,31.67994678
Namoronyang Primary School,PRI,Eastern Equatoria,Kapoeta South,4.616833,33.653332
Namituit Primary,PRI,Eastern Equatoria,Budi,4.384568525,32.86773956
Narus Mixed Primary School,PRI,Eastern Equatoria,Kapoeta East,4.664133,33.906799
New Nation Primary,PRI,Central Equatoria,Kajo-Keji,3.785493955,31.58015764
Naangere Primary School,PRI,Western Equatoria,Yambio,4.5817,28.637333
Naandi Primary School,PRI,Western Equatoria,Ezo,4.972217,27.906017
Nangbia Primary School,PRI,Western Equatoria,Maridi,4.8939,29.433451
Naangbimo Primary School,PRI,Western Equatoria,Nzara,4.620283,28.213568
Nangirimo Primary School,PRI,Western Equatoria,Nzara,4.4723,28.322451
Nangoletiras Primary,PRI,Eastern Equatoria,Kapoeta North,4.90822,33.526321
Nangongo Primary School,PRI,Western Equatoria,Tambura,5.509167,27.480984
Nanzinga Primary School,PRI,Western Equatoria,Ezo,5.076714077,27.48552069
Nomlou Primary School,PRI,Unity,Ruweng,9.63252,30.26672
Nanguruza Primary School,PRI,Western Equatoria,Ibba,4.817183,29.214466
Nyinmajok Primary School,PRI,Jonglei,Bor,6.063306,31.73462675
Nanyangacor Primary School,PRI,Eastern Equatoria,Kapoeta East,4.49973,34.08289
Nanzaga Primary School,PRI,Western Equatoria,Tambura,5.611633,27.37925
Ngomba P.D.U,PRI,Western Bahr el Ghazal,Wau,7.833217,28.000467
Ngburudoko Primary School,PRI,Western Equatoria,Maridi,4.884433,29.499332
Ngorony Primary School,PRI,Western Equatoria,Mvolo,6.84117,30.75795
Panjot Primary School,PRI,Lakes,Yirol East,6.694133,30.856805
Ngawai Primary School,PRI,Jonglei,Twic East,7.047972917,31.41733967
Napere Primary School,PRI,Western Equatoria,Maridi,4.962,29.456499
Napere Primary School,PRI,Western Equatoria,Nzara,4.68345,28.054167
Natinga Phase Foundation,PRI,Eastern Equatoria,Kapoeta East,4.19215,33.946251
Ngoany Primary,PRI,Unity,Mayom,9.19503,29.763651
Ngop Community Primary School,PRI,Lakes,Yirol West,6.3392,30.072201
Ngop Primary,PRI,Unity,Mayom,9.088242429,29.14095971
Napak Primary School,PRI,Eastern Equatoria,Budi,4.384568525,32.86773956
Naperetom Primary School,PRI,Eastern Equatoria,Budi,4.384568525,32.86773956
Nytikangui Primary School,PRI,Lakes,Rumbek Centre,6.808237375,29.6204
Ngatuba Primary School,PRI,Eastern Equatoria,Budi,4.384568525,32.86773956
Chorokol Primary School,PRI,Eastern Equatoria,Ikotos,4.1967625,33.17111325
Ngony Primary School,PRI,Unity,Koch,8.4722,30.067232
Omeo Primary School,PRI,Eastern Equatoria,Magwi,4.115011,32.3561355
Nor Primary,PRI,Upper Nile,Ulang,10.27941861,32.65857108
Norbor Primary School,PRI,Unity,Koch,8.628871,29.9866585
Nyarkech Girls Secondary School,SEC,Warrap,Gogrial West,8.59335,28.121267
Nyang Girls Primary,PRI,Lakes,Yirol East,6.704517,30.597349
Normalok Primary,PRI,Unity,Mayom,9.088242429,29.14095971
Naringindo Primary School,PRI,Western Equatoria,Nagero,6.334233,27.754883
Narrow Gate Demonstration Nursery Primary Sch,PRI,Central Equatoria,Yei River,4.5172,30.609699
Ngelmar Primary School,PRI,Warrap,Tonj East,8.03225,29.389351
Nairiwo Rimenze Upper Primary School,PRI,Western Equatoria,Yambio,4.7098,28.590183
Napere Riverview Primary School,PRI,Western Equatoria,Yambio,4.593796629,28.46359406
Nyakasa Primary School,PRI,Western Equatoria,Nzara,4.6573817,28.2566353
New Sudan Basic school,PRI,Upper Nile,Malut,10.091,32.3522
Nyarbanga Basic,PRI,Central Equatoria,Juba,4.8877735,31.48765774
Nyamlel Senior Secondary School,SEC,Northern Bahr el Ghazal,Aweil West,8.769433,27.395718
Nasigiriat Primary School,PRI,Eastern Equatoria,Kapoeta East,4.49974,34.082901
Ngop Primary School,PRI,Jonglei,Uror (Wunror),8.059691722,31.98400461
Ngath Secondary School,SEC,Lakes,Rumbek Centre,6.807861,29.6728335
New Sudan Primary,PRI,Jonglei,Bor,6.4997,31.049101
Natabu Basic Primary School,PRI,Western Bahr el Ghazal,Wau,7.6537,27.954782
Unity Primary,PRI,Warrap,Twic,9.092392105,28.31931411
Unity Primary,PRI,Western Bahr el Ghazal,Wau,7.720454,27.98908775
Unity Primary School,PRI,Western Equatoria,Maridi,4.933733,29.45125
Unity Primary School,PRI,Eastern Equatoria,Magwi,4.115011,32.3561355
Nathilani Primary School,PRI,Eastern Equatoria,Budi,4.384568525,32.86773956
Nakigat Primary School,PRI,Eastern Equatoria,Magwi,3.76308,32.166531
Namama 3 Primary School,PRI,Western Equatoria,Yambio,4.593796629,28.46359406
International Safety Training Leaders ( Istl),PRI,Eastern Equatoria,Kapoeta East,4.579079444,34.11462444
Wuntur Primary School,PRI,Warrap,Gogrial West,8.419853667,28.481243
Nuk Tak Primary School,PRI,Jonglei,Akobo,7.87765,33.001232
Munuje Primary School,PRE,Central Equatoria,Kajo-Keji,3.769622167,31.6643375
Munuki Nursery and Primary School,PRI,Central Equatoria,Juba,4.8535,31.556999
Nyal Unity Primary School,PRI,Unity,Panyinjiar,7.678567,30.24625
Nabagu Upper Primary School,PRI,Western Equatoria,Yambio,4.578617,28.35935
Ngomba (A) Primary School,PRI,Western Bahr el Ghazal,Wau,7.6449335,27.883883
Nakuwa Primary School,PRI,Eastern Equatoria,Budi,4.384568525,32.86773956
Nyinyien Primary school,PRI,Warrap,Tonj East,8.054778,29.38144467
Napwatasigiria Primary School,PRI,Eastern Equatoria,Kapoeta East,4.49973,34.08289
New Guffa Primary School,PRI,Upper Nile,Maban,9.9587,33.929006
Nakwaa Primary School,PRI,Eastern Equatoria,Kapoeta North,4.8833,33.4893265
Wernyol Primary School,PRI,Jonglei,Twic East,7.332617,31.411783
Naying primary,PRI,Central Equatoria,Juba,4.9349,30.587566
Nayure Primary School,PRI,Western Equatoria,Yambio,4.599033,28.399151
Anyiel Abiel Primary School,PRI,Warrap,Twic,9.092167,28.459167
Nyalual Primary,PRI,Jonglei,Old Fangak,9.460867,31.002367
Nyajaar(Yuai) Primary School,PRI,Jonglei,Uror (Wunror),7.90265,31.89065
Nyara Basic School,PRI,Eastern Equatoria,Torit,4.41178,32.627029
Nyalath Primary School,PRI,Northern Bahr el Ghazal,Aweil Centre,10.32605,32.563232
Nyamba Primary School,PRI,Central Equatoria,Yei River,3.8141,30.7568
Anyieny-Agaldit,PRI,Warrap,Gogrial West,8.760345286,28.15426457
Anyuopjang Primary School,PRI,Northern Bahr el Ghazal,Aweil West,8.720585,27.29911044
Nyamlel Primary School,PRI,Northern Bahr el Ghazal,Aweil West,8.840072333,27.38975533
Nyandeng Primary,PRI,Warrap,Twic,9.092392105,28.31931411
Anyuathok primary,PRI,Warrap,Gogrial East,8.27125,28.50995714
Nyandong Primary School,PRI,Unity,Panyinjiar,7.298433,30.457783
Nyal Mixed Primary School,PRI,Unity,Panyinjiar,7.679952286,30.25305214
Nyang Miir Primary School,PRI,Northern Bahr el Ghazal,Aweil South,8.72693,27.858101
Nyang Primary School,PRI,Lakes,Yirol East,6.704517,30.597349
Anzara Primary,PRI,Eastern Equatoria,Magwi,3.5841,32.092098
Nzara Primary School,PRI,Western Equatoria,Nzara,4.639717,28.2637
Nzara Secondary School,SEC,Western Equatoria,Nzara,4.6573817,28.2566353
ECS Nzara Primary School,PRI,Western Equatoria,Nzara,4.639783,28.263718
Nazereth Secondary,SEC,Western Bahr el Ghazal,Wau,7.950166207,28.06916507
Nyikabur Primary School,PRI,Central Equatoria,Terekeka,5.464675,31.74193275
Nazireagbe Primary School,PRI,Western Equatoria,Nzara,4.627567,28.319834
Maridi Girls Boarding Secondary School,SEC,Western Equatoria,Maridi,4.993398333,29.41142376
Ochoga Primary School,PRI,Eastern Equatoria,Ikotos,4.288104125,33.13794413
Machar Manyiel Primary School,PRI,Unity,Mayom,9.088242429,29.14095971
Mama Hellen nursery and primary school,PRI,Eastern Equatoria,Magwi,4.115011,32.3561355
St. Thomas Moor Primary,PRI,Warrap,Twic,9.092392105,28.31931411
Wau Technical Sec. School,SEC,Western Bahr el Ghazal,Wau,7.708667,27.997766
Maniguru Community Primary School,PRI,Western Equatoria,Mundri East,5.665597167,30.65709183
Akoong Primary school,PRI,Northern Bahr el Ghazal,Aweil Centre,8.828733,27.3024575
Wei Diew Primary,PRI,Jonglei,Nyirol (Diror),8.283283,31.968166
Warkec Primary School,PRI,Northern Bahr el Ghazal,Aweil East,9.1606585,27.624316
Mayom Orphan School,PRI,Warrap,Twic,9.155249923,28.02942154
ST. KIZITO Primary School,PRI,Central Equatoria,Juba,4.8576,31.896032
Panleng Primary School,PRI,Warrap,Twic,9.0924,28.3193
Thoadiok Primary School,PRI,Jonglei,Uror (Wunror),8.009333,31.96335
Nyapan Primary,PRI,Jonglei,Nyirol (Diror),8.4881,31.915199
Panrieng A Primary School,PRI,Unity,Ruweng,9.917267,29.981033
Apada Upper Primary School,PRI,Northern Bahr el Ghazal,Aweil Centre,10.32605,32.563232
Pach-yil Primary School,PRE,Warrap,Gogrial West,7.755077667,28.191147
Pakam Girls Primary School,PRI,Lakes,Rumbek North,7.704766667,29.71519367
Pamoju Girls Secondary School,SEC,Central Equatoria,Kajo-Keji,3.769622167,31.6643375
Mayen Pajok Primary School,PRI,Warrap,Gogrial West,8.89875,27.967768
Pan-Ameth Primary School,PRI,Northern Bahr el Ghazal,Aweil Centre,10.32605,32.563232
Maper Pamii,PRI,Northern Bahr el Ghazal,Aweil West,8.70836,27.288719
Apianthic Primary School,PRI,Western Equatoria,Mvolo,6.84121,30.7579895
Pan-Ngapdit Upper Primary School,PRI,Northern Bahr el Ghazal,Aweil South,8.72693,27.858101
Pankar Upper Primary School,PRI,Northern Bahr el Ghazal,Aweil South,8.8238,27.84775
Pariak Basic School,PRI,Upper Nile,Malut,10.09105262,32.35229962
Baya primary school,PRI,Western Equatoria,Mundri West,5.34805,30.318817
Pannyuom primary school,PRI,Warrap,Gogrial East,8.686733167,28.475536
Paragau Boys Primary School,PRI,Lakes,Yirol East,6.742083,30.414
Pabanga,PRI,Central Equatoria,Morobo,3.754533,30.881849
Pibor Primary School.,PRI,Unity,Mayom,9.088242429,29.14095971
Pabiey Primary School.,PRI,Jonglei,Uror (Wunror),8.11065,31.962317
Pibor Boys Primary School,PRI,Jonglei,Pibor,6.8029632,33.1299904
Pibor Girls School,PRI,Jonglei,Pibor,6.80192475,33.13068775
Pabukchak Primary School,PRI,Warrap,Tonj North,7.837567,28.7125
Panamdit Modern Basic school,PRI,Upper Nile,Malut,10.11635,32.296616
Pabur Primary School,PRI,Lakes,Yirol West,6.432517,30.59915
Paboung Primary School,PRI,Unity,Panyinjiar,7.4275032,30.4153804
Panekar Boys Primary School,PRI,Lakes,Yirol West,6.5487066,30.4920466
Pachar Primary School,PRI,Unity,Panyinjiar,7.338567,30.434601
Pachienjok Primary School,PRI,Unity,Panyinjiar,7.3107,30.460716
Peace Primary School,PRI,Central Equatoria,Yei River,4.517129816,30.60963066
Pachak Primary School.,PRI,Unity,Panyinjiar,7.426067,30.422016
Pochalla Primary School,PRI,Jonglei,Pochalla,7.15745,34.133968
POC Primary School,PRI,Jonglei,Bor,6.499701435,31.04911048
Pacong Primary School,PRI,Lakes,Rumbek East,6.688467,29.771667
Pandit Comboni Primary School,PRI,Lakes,Yirol West,6.59265,30.150984
Nyium Primary School,PRI,Jonglei,Pochalla,7.357817,34.033718
Padeah Primary School,PRI,Unity,Leer,8.397517,30.189667
Padoi Primary,PRI,Jonglei,Akobo,8.091983,32.391449
Pading Primary School,PRI,Unity,Leer,8.421567,30.15815
St. Mark Basic School,PRI,Central Equatoria,Juba,4.696133,30.932617
Paduer Primary School,PRI,Warrap,Tonj South,8.021317,28.733267
Peiti Basic School,PRI,Central Equatoria,Juba,4.9349,30.587566
Pieth Primary School,PRI,Jonglei,Ayod,8.363683,31.3535575
POC4 Primary School,PRI,Unity,Rubkona,9.2803956,29.79389653
Apei Goi Primary School,PRI,Northern Bahr el Ghazal,Aweil Town,8.7660532,27.3341302
Pacidi Central Primary School,PRI,Eastern Equatoria,Lafon,4.808933,32.455101
Maper Secondary School,SEC,Northern Bahr el Ghazal,Aweil Town,8.7660532,27.3341302
Panliet Primary School,PRI,Lakes,Cueibet,6.963525,29.380016
Mahad Primary School,PRI,Central Equatoria,Juba,4.8330266,31.6651966
POC5 Primary School,PRI,Unity,Rubkona,9.2803956,29.79389653
Pagakdit Primary School.,PRI,Warrap,Tonj East,7.796383,29.251301
PAGARA Primary School,PRI,Central Equatoria,Terekeka,6.010017,30.664633
Pageer Primary School,PRI,Jonglei,Twic East,7.1962,31.385782
Pager primaryl,PRI,Central Equatoria,Juba,4.8877735,31.48765774
Pageri Primary School,PRI,Eastern Equatoria,Magwi,3.85815,31.956516
Pagil Primary,PRI,Jonglei,Ayod,8.1773804,31.35943567
Pagakdit Primary School,PRI,Warrap,Tonj North,7.9935,28.491699
Paguir Primary School,PRI,Jonglei,Old Fangak,9.1169,30.92675
Pogee Primary School,PRI,Eastern Equatoria,Magwi,3.77148696,32.1434993
Pagook Primary,PRI,Jonglei,Twic East,7.047972917,31.41733967
Paguet Primary School,PRI,Warrap,Tonj East,7.72135,28.98135
APiath Primary School,PRI,Warrap,Gogrial East,8.686733167,28.475536
Pheth Primary School,PRI,Northern Bahr el Ghazal,Aweil South,8.782755667,27.88064967
Phatit Primary School,PRI,Unity,Koch,8.4908,30.020666
Mayom Pioldit Primary School,PRI,Northern Bahr el Ghazal,Aweil East,9.040316667,27.6637245
Panbarkou Girls Primary School,PRI,Lakes,Rumbek East,6.669567,29.742367
Nyokthiang Primary School,PRI,Warrap,Gogrial West,8.757594333,28.065572
Pan Jap Primary School,PRI,Northern Bahr el Ghazal,Aweil Centre,8.5988,27.491133
Pajok Primary School,PRI,Eastern Equatoria,Magwi,3.77148696,32.1434993
Pajomba Primary School,PRI,Jonglei,Twic East,7.4321,31.376699
Pajiek Primary School,PRI,Jonglei,Ayod,8.132417,31.309084
Patai Primary School,PRI,Jonglei,Old Fangak,9.0778165,30.919724
Paika Primary School,PRI,Central Equatoria,Morobo,3.980283,30.697884
Pakang Primary School,PRI,Jonglei,Akobo,7.7964,33.008217
Pakujo Primary School,PRI,Central Equatoria,Morobo,3.638233,30.80405
Pakula Primary School,PRI,Central Equatoria,Yei River,4.034067,30.8832
Pakham Primary School,PRI,Unity,Panyinjiar,7.291783,30.387383
Pakuor Primary School,PRI,Jonglei,Twic East,7.129367,31.353399
Pakur Primary School,PRI,Unity,Koch,8.627717,29.73535
Pakuolnyang Primary School,PRI,Jonglei,Uror (Wunror),8.059691722,31.98400461
Panhom Aker Primary School,PRI,Warrap,Gogrial East,8.22565,28.538
Piekaji Primary School.,PRI,Upper Nile,Maban,10.01350714,33.77117914
Chaton Primary School,PRI,Lakes,Rumbek North,7.7048,29.7152
Pakor Primary School.,PRI,Warrap,Gogrial West,8.8280034,28.2099702
Paktap Primary School,PRI,Jonglei,Duk,7.66343,31.489723
Pakuem Primary School,PRI,Unity,Leer,8.308383,30.215067
Palaal Primary School,PRI,Warrap,Tonj East,7.716733,28.939966
Palei Primary School,PRI,Jonglei,Uror (Wunror),8.031083333,31.96098933
Paliang Primary,PRI,Warrap,Tonj East,7.979467,29.319017
Paloch Primary School,PRI,Lakes,Rumbek East,6.547683,30.032101
Palotaka Primary School,PRI,Eastern Equatoria,Magwi,4.046483,32.421982
Palwonganyi Primary School,PRI,Eastern Equatoria,Magwi,4.115011,32.3561355
Pillieny Primary School,PRI,Unity,Leer,8.222767,30.210882
Piol Primary School,PRI,Jonglei,Twic East,6.958483,31.374533
Pul-Ajil Girls Primary School,PRI,Lakes,Rumbek East,6.62725,29.756457
Paliet-Thon Primary School,PRI,Warrap,Twic,9.155249923,28.02942154
Palubuok Primary School,PRI,Warrap,Tonj East,7.848825,29.077329
Pulawar Primary School,PRI,Lakes,Awerial,6.05075,31.719633
Palwar Primary School,PRI,Eastern Equatoria,Magwi,3.77148696,32.1434993
Puletit Primary School,PRI,Lakes,Yirol West,6.505167,30.531267
Pamaikong Primary School,PRI,Eastern Equatoria,Magwi,3.77148696,32.1434993
Pamai Primary School,PRI,Jonglei,Uror (Wunror),7.782,31.785732
Pamot Primary School,PRI,Jonglei,Twic East,7.4321195,31.3767055
Paliau Mix Primary School,PRI,Jonglei,Twic East,7.047972917,31.41733967
Poumkimeder Primary School,PRI,Upper Nile,Maban,9.9587,33.929001
Pamalual Primary School,PRI,Unity,Panyinjiar,7.43935,30.434601
Panyikwara Model Primary School,PRI,Eastern Equatoria,Magwi,3.76308,32.166531
Pamat Primary School,PRI,Northern Bahr el Ghazal,Aweil North,9.213817,26.999866
Pandit Amuol Primary School,PRI,Warrap,Twic,9.016517,28.033283
Panacier Primary School,PRI,Warrap,Gogrial East,8.611867,28.354799
Pan-Apuoth Primary School,PRI,Northern Bahr el Ghazal,Aweil East,9.1606585,27.624316
Pan-Adhot Primary School,PRI,Northern Bahr el Ghazal,Aweil South,8.638222333,27.63321133
Pan-Awac Primary School,PRI,Lakes,Rumbek East,6.676417,29.814283
Pan-Manga Primary School,PRI,Lakes,Rumbek Centre,6.72265,29.420883
Pan-Mill Primary School,PRI,Warrap,Tonj East,8.054778,29.38144467
Pan-Nhial Primary School,PRI,Warrap,Tonj East,8.019367,29.30965
Pan-riang Primary School,PRI,Warrap,Gogrial West,7.721783,27.997232
Panagok Primary School,PRI,Warrap,Twic,9.114533,28.159666
Panapuoth Primary School,PRI,Lakes,Cueibet,7.118477833,29.23402167
Panameth Primary School,PRI,Northern Bahr el Ghazal,Aweil East,9.011533,27.551832
Pancuai Primary,PRI,Lakes,Rumbek East,6.565307286,29.909224
Panapet Primary School,PRI,Jonglei,Bor,6.499701435,31.04911048
Pancuei Primary,PRI,Lakes,Cueibet,6.849517,29.225967
Panarak Primary School,PRI,Lakes,Cueibet,6.963525,29.380016
Panda Primary School,PRI,Lakes,Rumbek Centre,6.807861,29.6728335
Pandit Primary School,PRI,Northern Bahr el Ghazal,Aweil North,9.1105,27.164083
Panekar Girls Primary School,PRI,Lakes,Yirol West,6.586033,30.487917
Pangeu Primary School,PRI,Lakes,Cueibet,6.89545,29.106333
Pangok Primary School,PRI,Unity,Abiemnom,9.387417,28.823767
Panhial Primary,PRI,Unity,Panyinjiar,7.407667,30.489782
Piobokoi Primary School,PRI,Eastern Equatoria,Budi,4.384568525,32.86773956
Piom Bioor Primary School,PRI,Jonglei,Twic East,7.15215,31.388184
Piok-Koi Primary School.,PRI,Warrap,Tonj South,8.023383,28.341368
Ping Pil Primary School,PRI,Upper Nile,Maiwut,8.63915,33.8339
Pokor Primary School,PRI,Central Equatoria,Terekeka,5.464675,31.74193275
Puchwa Primary School,PRI,Eastern Equatoria,Lafon,5.094,32.481785
Pankuel Primary School,PRI,Western Bahr el Ghazal,Jur River,7.77813,28.08186
Pariak Primary School,PRI,Jonglei,Bor,5.976183,31.668133
Opari Primary School,PRI,Eastern Equatoria,Magwi,3.831602833,31.958733
Pariel Primary School,PRI,Unity,Panyinjiar,7.36325,30.432367
Paringa Primary School,PRI,Eastern Equatoria,Kapoeta North,4.821317,33.569801
Apirin primary,PRI,Warrap,Twic,9.125,28.4074
Pieri Primary School,PRI,Jonglei,Uror (Wunror),8.0463,32.029884
Pirisa Primary School,PRI,Central Equatoria,Juba,5.176033,31.033501
Pagarau Girls Primary School,PRI,Lakes,Yirol East,6.742083,30.414
Peremasu Primary School,PRI,Central Equatoria,Yei River,4.872317,30.722033
Porkele Primary School,PRI,Central Equatoria,Yei River,4.434783,30.200533
Porokele Sec. School,SEC,Central Equatoria,Yei River,4.398147875,30.23400825
Presbytery Primary,PRI,Upper Nile,Renk,11.73422268,32.82643359
Progressive Primary,PRI,Western Equatoria,Ezo,5.076714077,27.48552069
Presbyterian Primary School,PRI,Jonglei,Akobo,7.799833,33.030815
Piartok Primary,PRI,Northern Bahr el Ghazal,Aweil South,8.6084468,27.8235462
Paruon Primary,PRI,Unity,Panyinjiar,7.3607,30.428734
Pisak Primary School,PRI,Central Equatoria,Yei River,4.157683,30.5212
Paloch 1 Basic School,PRI,Upper Nile,Malut,10.19291,32.353149
Progressive Primary School,PRI,Central Equatoria,Morobo,3.686521259,30.81149592
Patat Primary School,PRI,Jonglei,Old Fangak,9.105458333,30.73948017
Patei Primary School,PRI,Warrap,Tonj North,8.386617,28.628983
Pathat Primary School.,PRI,Jonglei,Uror (Wunror),8.059691722,31.98400461
Pathian Primary School,PRI,Jonglei,Twic East,6.8316,31.461
Patet Primary School,PRI,Jonglei,Uror (Wunror),8.05725,32.041693
Pathiel Primary School,PRI,Unity,Panyinjiar,7.664817,30.251316
Pathai Primary,PRI,Jonglei,Uror (Wunror),8.031083333,31.96098933
Pathuan Primary School.,PRI,Northern Bahr el Ghazal,Aweil North,9.13580585,27.25816525
Patibi Primary,PRI,Eastern Equatoria,Magwi,3.831602833,31.958733
Pantiit Primary,PRI,Warrap,Gogrial West,7.9766055,28.03039483
Ombachi Keliko Primary School,PRI,Central Equatoria,Morobo,3.6803,30.76115
Peth Primary School,PRI,Northern Bahr el Ghazal,Aweil North,9.163417,26.906218
Peth Primary School,PRI,Northern Bahr el Ghazal,Aweil East,8.0064,28.66
Peth Primary School.,PRI,Warrap,Gogrial West,8.760345286,28.15426457
Pethyiik Primary,PRI,Northern Bahr el Ghazal,Aweil North,9.180385,26.94400482
Pieth Primary,PRI,Jonglei,Nyirol (Diror),8.511480857,32.07386043
Patuet Primary School.,PRI,Jonglei,Uror (Wunror),8.031083333,31.96098933
Patuak Primary School,PRI,Jonglei,Uror (Wunror),8.11065,31.962317
Pub Basic,PRI,Unity,Mayom,9.088242429,29.14095971
Purene Pure Nursery and Primary School,PRI,Central Equatoria,Juba,4.9109,31.12400567
Panyang Luel,PRI,Jonglei,Nyirol (Diror),8.56061,31.9628098
Panadhot Kuom Primary School,PRI,Northern Bahr el Ghazal,Aweil South,8.782755667,27.88064967
Pukuka UMC Primary School,PRI,Central Equatoria,Yei River,7.7062,28.571199
Majak Primary School,PRI,Northern Bahr el Ghazal,Aweil South,8.6409066,28.1769034
Paweng Primary School,PRI,Warrap,Tonj East,8.112717,29.445333
Pawieny Primary School,PRI,Unity,Leer,8.222767,30.210882
Pawel Primary School,PRI,Warrap,Tonj South,7.399379,29.9520335
Pawu Primary School,PRI,Lakes,Cueibet,6.962057615,29.50787562
Maper West Primary School,PRI,Northern Bahr el Ghazal,Aweil Town,8.7660532,27.3341302
Paweng Primary,PRI,Warrap,Gogrial West,7.721717,27.997168
Payak Primary School,PRI,Unity,Leer,8.316434389,30.21096106
Payawa Primary School,PRI,Central Equatoria,Kajo-Keji,3.797831807,31.34565338
Payawa Primary School,PRI,Central Equatoria,Yei River,3.970833,30.736767
Payom Primary School,PRI,Jonglei,Twic East,7.4321195,31.3767055
Woroworo Primary,PRI,Eastern Equatoria,Ikotos,4.288104125,33.13794413
Pan-nyok Secondary School,SEC,Warrap,Twic,9.135332444,28.18868711
Pazuo Primary School,PRI,Western Equatoria,Yambio,4.57205,28.420601
Malek Primary School,PRI,Warrap,Tonj North,7.9582934,28.3911568
Bishop Akio Memorial Secondary School,SEC,Eastern Equatoria,Torit,4.4061983,32.575492
Nyongwa Secondary School,SEC,Eastern Equatoria,Magwi,3.831602833,31.958733
Mirikio Primary School,PRI,Central Equatoria,Juba,5.018422,31.72436167
Wunlit Primary School,PRI,Warrap,Tonj East,7.829717,29.213284
Queen of Africa primary school,PRI,Warrap,Twic,9.2677634,28.6625164
Nyang-Kot Primary School,PRI,Lakes,Rumbek Centre,6.8684,29.670816
Pantiok Primary School,PRI,Warrap,Twic,9.0904,28.194933
Nyinbuoli Primary School,PRI,Northern Bahr el Ghazal,Aweil West,8.70838,27.28874
Wau (A) Boys Basic,PRI,Western Bahr el Ghazal,Wau,7.698717,27.995817
Quaranic Basic School,PRI,Western Bahr el Ghazal,Wau,7.720454,27.98908775
Mitor primary school,PRI,Warrap,Gogrial West,8.419853667,28.481243
Wuntim Primary School,PRI,Warrap,Gogrial East,8.1691,28.26935
Puol Bar Primary School.,PRI,Warrap,Tonj North,7.9582934,28.3911568
Magurdit Unity Primary School,PRI,Warrap,Gogrial East,8.27125,28.50995714
All Saints Primary School,PRI,Central Equatoria,Juba,4.698508,31.293958
Riang Aweet Basic Primary,PRI,Northern Bahr el Ghazal,Aweil North,9.13580585,27.25816525
Rup Mading Primary School,PRI,Northern Bahr el Ghazal,Aweil North,9.236,27.294317
Ramogi Richard Early High School,SEC,Central Equatoria,Kajo-Keji,3.898199273,31.62598939
Rejaf Educational Centre for the Blind p/s,PRI,Central Equatoria,Juba,4.98589713,31.67994678
Ruot Agoth Primary School,PRI,Warrap,Gogrial East,8.40755,28.464582
Riang Majak,PRI,Northern Bahr el Ghazal,Aweil West,8.6402566,27.2525764
Ariakriak Primary School.,PRI,Northern Bahr el Ghazal,Aweil East,9.040316667,27.6637245
Aram-wut Primary School,PRI,Warrap,Tonj South,7.491375348,28.94489365
Baranya Primary School,PRI,Central Equatoria,Morobo,3.713572167,30.94429167
Rubeke Secondary School,SEC,Central Equatoria,Yei River,3.942397222,30.61123611
Rubeke Primary School,PRI,Central Equatoria,Yei River,3.97565,30.398666
Rubinchar Primary School,PRI,Unity,Leer,8.2709832,30.2337166
Ruadh Brain Trust Primary School,PRI,Unity,Mayom,9.028783,28.935801
RCC Namatina Primary School,PRI,Western Equatoria,Tambura,6.0342,27.250799
RCC Yangiri Primary School,PRI,Western Equatoria,Ezo,5.189233,27.951567
RCC Primary School,PRI,Western Equatoria,Ezo,5.096083,27.467449
Rockview Primary School,PRI,Central Equatoria,Juba,4.698508,31.293958
Ras College primary,PRI,Central Equatoria,Morobo,3.7136,30.9443
Rum Ayeen Community,PRI,Northern Bahr el Ghazal,Aweil East,8.006413727,28.66000464
Rockcity Nursery and Primary School,PRI,Central Equatoria,Juba,4.8532,31.5567
Riangakeer Community Ophanage School,PRI,Northern Bahr el Ghazal,Aweil North,9.0234,27.365667
Mercy Nursery and Primary School,PRI,Central Equatoria,Juba,4.853290368,31.55675447
Rodo Primary School,PRI,Central Equatoria,Kajo-Keji,3.950466667,31.53044467
Rodoba Primary School,PRI,Central Equatoria,Morobo,3.599733,30.808033
Rodoba Secondary School,SEC,Central Equatoria,Morobo,3.6857,30.812099
Rumdhal Primary School,PRI,Northern Bahr el Ghazal,Aweil East,9.2908534,27.692356
Rial Dit Primary School,PRI,Northern Bahr el Ghazal,Aweil East,9.1606585,27.624316
Roc Roc Dong,PRI,Western Bahr el Ghazal,Jur River,7.81555,28.112967
Barduko,PRI,Western Bahr el Ghazal,Jur River,7.694476,28.12680056
Our Lady of Fatina Primary School,PRI,Western Equatoria,Maridi,4.993398333,29.41142376
Raja East,PRI,Western Bahr el Ghazal,Raja,8.472233,25.678432
Redeemer Primary School,PRI,Central Equatoria,Juba,4.9349,30.587566
Areer Primary School,PRI,Lakes,Yirol West,6.477583,30.565783
Rumbek 1 ECS Primary School,PRI,Lakes,Rumbek Centre,6.810167,29.67425
Arende Primary School,PRI,Western Equatoria,Maridi,4.780717,30.370001
Ireneo-Dut Primary School,PRI,Lakes,Cueibet,6.962057615,29.50787562
Renk Girls Secondary School,SEC,Upper Nile,Renk,11.7342,32.826401
Referrundum Estat Primary,PRI,Northern Bahr el Ghazal,Aweil West,8.8401,27.389799
Rum-liet primary school,PRI,Warrap,Gogrial East,8.686733167,28.475536
St. Maria Gorrety Basic School,PRI,Northern Bahr el Ghazal,Aweil Town,8.76575,27.399317
Riangawai Primary School,PRI,Northern Bahr el Ghazal,Aweil East,9.1606585,27.624316
Rego primary,PRI,Central Equatoria,Kajo-Keji,3.950466667,31.53044467
Rego Primaryn school,PRI,Central Equatoria,Morobo,3.531367,30.859734
Riaga Primary School,PRI,Lakes,Awerial,6.123183,31.168318
Bright Academy Nursery and primary,PRI,Central Equatoria,Juba,4.698508,31.293958
Raja Girls Secondary,SEC,Western Bahr el Ghazal,Raja,8.475834667,25.55363042
Brighthope Primary School,PRI,Eastern Equatoria,Torit,4.4062,32.5755
Giru UMC Primary School,PRI,Central Equatoria,Yei River,4.517129816,30.60963066
Wunlit primary,PRI,Warrap,Gogrial East,8.394837778,28.41489971
Ramchiel Primary School,PRI,Lakes,Yirol East,6.694133,30.856805
Richland Primary School,PRI,Western Equatoria,Tambura,5.520666615,27.46683438
Rhiau Primary School,PRI,Warrap,Twic,9.07855,28.42005
Oriaju Primary School,PRI,Eastern Equatoria,Torit,4.5599,32.594601
Oriny Primary,PRI,Upper Nile,Fashoda,9.728433,31.858982
Lorifa Primary School,PRI,Eastern Equatoria,Torit,4.2848,32.511799
Raja Secondary School,SEC,Western Bahr el Ghazal,Raja,8.475834667,25.55363042
Roja primary,PRI,Central Equatoria,Juba,4.954633,31.226534
Rijangu Primary School,PRI,Central Equatoria,Lainya,4.330783,30.963234
Rijong Primary,PRI,Central Equatoria,Terekeka,5.513267,31.329018
Rakacuk Primary School,PRI,Warrap,Twic,9.16565,28.476334
Riang Aketh Primary School,PRI,Northern Bahr el Ghazal,Aweil East,8.907692556,27.75167378
Riek Kirjok Secondary,SEC,Jonglei,Akobo,7.74295,33.2668245
Rokon Secondary School,SEC,Central Equatoria,Juba,5.06285,31.312767
Rocks of Ages primary School,PRI,Eastern Equatoria,Magwi,4.115011,32.3561355
Rumakudi Primary School,PRI,Northern Bahr el Ghazal,Aweil Centre,10.32605,32.563232
Rial-Dit Ajoung Primary School,PRI,Northern Bahr el Ghazal,Aweil East,9.1357,27.508917
Rolchol Primary School,PRI,Northern Bahr el Ghazal,Aweil West,8.70835,27.28871
Rialdit Primary,PRI,Warrap,Gogrial West,7.755077667,28.191147
Rual-Ngol Primary School,PRI,Northern Bahr el Ghazal,Aweil Centre,8.828733,27.3024575
Rual-Nuer Primary School,PRI,Lakes,Rumbek North,7.215414889,29.67398689
Rolngut Primary School,PRI,Northern Bahr el Ghazal,Aweil North,9.199867,26.924749
Rulnyin Basic School,PRI,Northern Bahr el Ghazal,Aweil East,9.232047571,27.66688586
Rialthiang Primary School,PRI,Unity,Mayom,9.02615,28.846201
RCC Primary School Mangbangau,PRI,Western Equatoria,Ezo,5.05355,27.496918
Ramcial Primary School,PRI,Lakes,Awerial,6.353889,31.1275
Rim Primary School,PRI,Jonglei,Nyirol (Diror),8.273383,32.163166
Romic Secondary,SEC,Warrap,Tonj East,8.068500333,29.29072233
Riang Mier Primary,PRI,Northern Bahr el Ghazal,Aweil North,9.180385,26.94400482
Ramjok Primary School,PRI,Warrap,Twic,9.092392105,28.31931411
Rum-Agok Primary School,PRI,Warrap,Twic,9.132833,28.002117
Rum-Aguoth Primary School,PRI,Northern Bahr el Ghazal,Aweil Centre,8.751383,27.2348
Rum-Aker Primary School,PRI,Northern Bahr el Ghazal,Aweil East,9.234517,27.602167
Rum-Aluel Primary School,PRI,Northern Bahr el Ghazal,Aweil South,8.6084468,27.8235462
Romogi Primary School,PRI,Central Equatoria,Kajo-Keji,3.909683,31.645983
Rum-Rual Primary School,PRI,Warrap,Tonj North,7.7686085,28.515788
Rum-Thony  Primary School,PRI,Warrap,Tonj North,7.87555,28.447384
Rum-Wut Girls School.,PRI,Northern Bahr el Ghazal,Aweil East,9.02115,27.319283
Rumabuth Primary School,PRI,Warrap,Tonj East,7.973117,29.284117
Rumadieny Primary,PRI,Northern Bahr el Ghazal,Aweil East,9.051937625,27.37396888
Ramula Primary School,PRI,Eastern Equatoria,Ikotos,4.1967,33.171101
Rumameth Primary,PRI,Warrap,Gogrial West,8.8280034,28.2099702
Rumathoi Primary School,PRI,Northern Bahr el Ghazal,Aweil East,9.035617,27.511667
Rumbek Town S. S,SEC,Lakes,Rumbek Centre,6.807861,29.6728335
Rumbek Town Arabic Primary,PRI,Lakes,Rumbek Centre,6.807861,29.6728335
RCC Naandi Primary School,PRI,Western Equatoria,Ezo,4.971683,27.900867
RAINBOW Primary School,PRI,Central Equatoria,Juba,4.853290368,31.55675447
Rengping Primary,PRI,Warrap,Gogrial West,8.760345286,28.15426457
Randub Primary School,PRI,Eastern Equatoria,Budi,4.384568525,32.86773956
Ireneo Primary School,PRI,Western Bahr el Ghazal,Jur River,7.3015,28.437817
Renu Primary School,PRI,Central Equatoria,Morobo,3.604883,30.8438
Ariang-Awan,PRI,Warrap,Gogrial West,8.640833,27.994568
Riang Primary School,PRI,Upper Nile,Akoka,9.79750425,32.134388
Riang Mankuek Primary School,PRI,Northern Bahr el Ghazal,Aweil South,8.72692,27.858089
Riang Anei Primary,PRI,Northern Bahr el Ghazal,Aweil North,9.180385,26.94400482
Riang-Akeer Primary School,PRI,Northern Bahr el Ghazal,Aweil South,8.782755667,27.88064967
Riang-Alek,PRI,Warrap,Gogrial West,7.9766055,28.03039483
Riang-Mal Primary School,PRI,Northern Bahr el Ghazal,Aweil East,8.907717,27.428534
Riangangon Primary School,PRI,Northern Bahr el Ghazal,Aweil West,8.849283,27.225082
Ringasi,PRI,Western Equatoria,Nzara,4.928517,28.178249
Rinji,PRI,Western Bahr el Ghazal,Raja,8.483083,25.195732
Ronyi Primary School,PRI,Central Equatoria,Yei River,4.06285,30.710667
Orobe Primary,PRI,Eastern Equatoria,Magwi,3.8316,31.9587
Ombasi Secondary School,SEC,Central Equatoria,Yei River,3.908459815,30.59346674
Roorkou Primary School,PRI,Warrap,Tonj North,8.690844667,28.57242767
Makol Primary School,PRI,Warrap,Tonj North,8.11195,28.62774175
Rupliah Primary School.,PRI,Jonglei,Uror (Wunror),8.11065,31.962317
Rupmaper Primary School,PRI,Northern Bahr el Ghazal,Aweil East,9.12497075,27.21880775
Ripuga Primary School,PRI,Central Equatoria,Morobo,3.713572167,30.94429167
Orphan Primary,PRI,Warrap,Twic,9.158683,28.353317
Rupjuei Primary School,PRI,Jonglei,Uror (Wunror),8.11065,31.962317
Redeemed Primary School,PRI,Eastern Equatoria,Torit,4.4061983,32.575492
Rumbek Town Arabic Secondary,SEC,Lakes,Rumbek Centre,6.807861,29.6728335
Rorbar Primary School,PRI,Lakes,Cueibet,7.620333,29.407417
Roronyo Primary School,PRI,Central Equatoria,Lainya,4.241217,30.713217
Richard Rual Deng,PRI,Northern Bahr el Ghazal,Aweil East,8.99374,27.4690836
Uror Primary School.,PRI,Jonglei,Uror (Wunror),7.9222085,31.8864415
Rorjong Primary School,PRI,Northern Bahr el Ghazal,Aweil East,8.907692556,27.75167378
Rumbek Girls Primary School,PRI,Lakes,Rumbek Centre,6.790883,29.679783
Romic Primary School,PRI,Lakes,Cueibet,7.435167,29.222233
Roc Roc Wau primary,PRI,Western Bahr el Ghazal,Jur River,8.016488833,28.0883725
Rirwak Primary School,PRI,Warrap,Gogrial East,8.213988071,28.29979786
Rising Star Academy,PRI,Central Equatoria,Juba,4.853290368,31.55675447
Ras-Olo I Primary School,PRI,Western Equatoria,Maridi,4.6563,29.866934
Ras-Tigi 1 Primary School,PRI,Western Equatoria,Maridi,4.9242,29.407301
Morsak Primary School,PRI,Central Equatoria,Kajo-Keji,3.785493955,31.58015764
Orphange Straight Link Primary School,PRI,Central Equatoria,Juba,4.9349,30.587566
Rajaf Secondary School,SEC,Central Equatoria,Juba,4.8485,31.596333
Raja South,PRI,Western Bahr el Ghazal,Raja,8.467317,25.675966
Revival Talent Academy Primary School,PRI,Central Equatoria,Kajo-Keji,3.785493955,31.58015764
Rieth-Nyin Primary School,PRI,Northern Bahr el Ghazal,Aweil South,8.613917,27.634899
Ariathdit Primary School,PRI,Northern Bahr el Ghazal,Aweil Town,8.7660532,27.3341302
Rumbek National Secondary,SEC,Lakes,Rumbek Centre,6.807861,29.6728335
Rumbek town primary school,PRI,Lakes,Rumbek Centre,6.807861,29.6728335
Mayen Rual Primary School,PRI,Warrap,Gogrial East,8.162367,28.370199
Rum-manyiel Primary School,PRI,Northern Bahr el Ghazal,Aweil East,9.12497075,27.21880775
Rumbek Comboni Primary School,PRI,Lakes,Rumbek Centre,6.815133,29.666517
Ruunbek Primary,PRI,Unity,Mayom,9.02615,28.846201
Aruop-Nyiel Boys Primary School,PRI,Lakes,Yirol East,6.66059575,30.76042125
Rual Girls,PRI,Warrap,Gogrial West,8.749916714,28.03164543
River Bank Primary School,PRI,Eastern Equatoria,Magwi,3.580679354,32.08492622
Rejaf West B primary,PRI,Central Equatoria,Juba,4.698508,31.293958
Raja West,PRI,Western Bahr el Ghazal,Raja,8.469683,25.673901
Riwoto Primary School,PRI,Eastern Equatoria,Kapoeta North,4.876367,33.523869
Ryokapoto Primary School,PRI,Central Equatoria,Morobo,3.685267,30.914232
Royal Kids International Primary School,PRI,Eastern Equatoria,Magwi,3.831602833,31.958733
Royal Kids International Secondary,SEC,Eastern Equatoria,Magwi,3.831602833,31.958733
Aroyo Primary School,PRI,Northern Bahr el Ghazal,Aweil Centre,8.7271,27.373466
Salam Model Basic,PRI,Central Equatoria,Juba,4.98589713,31.67994678
St Machael Primary School,PRI,Unity,Ruweng,9.63252,30.26672
Salaam Nursery ans primary school,PRI,Central Equatoria,Juba,4.853290368,31.55675447
Salva Kiir Primary School,PRI,Northern Bahr el Ghazal,Aweil Town,8.759575,27.472224
St Bakhita Primary School,PRI,Western Equatoria,Yambio,4.593796629,28.46359406
Shuaie Deng Yul Secondary School,SEC,Upper Nile,Renk,11.73422268,32.82643359
St. Mary Primary,PRI,Western Bahr el Ghazal,Wau,7.6449335,27.883883
St Mary Secondary School,SEC,Central Equatoria,Terekeka,5.464675,31.74193275
Shinning Star Basic School,PRI,Central Equatoria,Juba,4.698508,31.293958
St Mathew Primary School,PRI,Eastern Equatoria,Ikotos,4.0759,33.565716
Nyatim Primary,PRI,Jonglei,Nyirol (Diror),8.5115,32.073898
Santo Ayang Primary,PRI,Northern Bahr el Ghazal,Aweil Town,8.769628,27.39880567
Salaam Basic School,PRI,Western Bahr el Ghazal,Wau,11.597767,32.723484
St. Daniel Comboni Primary School,PRI,Central Equatoria,Terekeka,5.820216714,30.91641214
St. Barnaba primary school,PRI,Western Equatoria,Ibba,4.718527667,29.17107767
St. Obediah Secondary School,SEC,Central Equatoria,Morobo,3.686521259,30.81149592
Sakure Communty Centre Primary School,PRI,Western Equatoria,Nzara,4.509717,28.282551
Sinakpuro Community Girls School,PRI,Western Equatoria,Tambura,5.6885964,27.3736732
St Daniel Comboni Primary School,PRI,Northern Bahr el Ghazal,Aweil East,9.232047571,27.66688586
Sacred Heart Primary School (Kworijik Luri),PRI,Central Equatoria,Juba,4.9349,30.587566
Rumpabol Primary School,PRI,Northern Bahr el Ghazal,Aweil South,8.72692,27.858089
Sadaka Primary School,PRI,Central Equatoria,Juba,4.842483,31.593349
SDA Primary School,PRI,Western Equatoria,Yambio,4.567167,28.409184
St Daniel Comboni Primary School,PRI,Northern Bahr el Ghazal,Aweil Town,8.769628,27.39880567
Basidi Primary School,PRI,Western Equatoria,Yambio,4.593796629,28.46359406
Sodogo Primary School,PRI,Central Equatoria,Kajo-Keji,3.71425,31.611917
Sindiru dumadang,PRI,Central Equatoria,Juba,4.8877735,31.48765774
Seventh Day Adventist Primary School,PRI,Western Equatoria,Maridi,4.924583,29.495033
Makpandu Secondary School,SEC,Western Equatoria,Yambio,4.704790889,28.70675544
Seventh Day Advantist Primary,PRI,Central Equatoria,Juba,4.857567,31.578867
Seeds of Hope primary school,PRI,Central Equatoria,Juba,4.853290368,31.55675447
Mayen Senior Secondary,SEC,Warrap,Twic,9.092392105,28.31931411
St. Cecilia Primary School,PRI,Central Equatoria,Yei River,4.517129816,30.60963066
St Francis Primary School,PRI,Central Equatoria,Juba,4.856117,31.580482
Star of Hope Secondary School,SEC,Eastern Equatoria,Magwi,3.580679354,32.08492622
Super Garden Primary School,PRI,Central Equatoria,Juba,4.853290368,31.55675447
Salam Girls Primary School,PRI,Northern Bahr el Ghazal,Aweil Town,8.767083,27.3965
Shiek Hamdan Bin Rashid,SEC,Central Equatoria,Juba,4.8330266,31.6651966
Shekinah Primary School,PRI,Eastern Equatoria,Magwi,3.580679354,32.08492622
Maker Anei Primary Shool,PRI,Northern Bahr el Ghazal,Aweil East,9.051937625,27.37396888
Sacred Heart Primary School,PRI,Eastern Equatoria,Magwi,4.046483,32.421982
St Kizito Imotong Primary School,PRI,Eastern Equatoria,Ikotos,4.287883333,33.18261233
St Josephine Bakita Primary School,PRI,Central Equatoria,Juba,4.8330266,31.6651966
St. Mary Primary School,PRI,Western Equatoria,Yambio,4.593796629,28.46359406
St. Mary Primary School,PRI,Central Equatoria,Terekeka,5.44985,31.751932
St Joseph Primary School,PRI,Central Equatoria,Juba,4.848733,31.609833
Salva Kiir Girls Secondary,SEC,Northern Bahr el Ghazal,Aweil Town,8.7660532,27.3341302
Maroko kpiapai sub primary school,PRI,Western Equatoria,Ibba,4.799333,29.052767
Sukurisira Primary School,PRI,Central Equatoria,Kajo-Keji,3.797831807,31.34565338
Sunlight Primary School,PRI,Jonglei,Bor,6.499701435,31.04911048
St Lawrence Primary School,PRI,Western Equatoria,Tambura,5.520666615,27.46683438
Somba Basic School,PRI,Central Equatoria,Juba,4.698508,31.293958
Nyinameth Primary School,PRI,Northern Bahr el Ghazal,Aweil North,9.140417,26.71715
St Michael Primary School,PRI,Western Bahr el Ghazal,Wau,7.694717,27.9746
Usumo Primary,PRI,Western Equatoria,Yambio,4.593796629,28.46359406
St Mary Mero Primary School,PRI,Eastern Equatoria,Torit,4.3073,32.383499
St Mathew Primary School,PRI,Central Equatoria,Yei River,4.517129816,30.60963066
St. Mary Magdalane Primary School,PRI,Eastern Equatoria,Kapoeta North,4.8833,33.4893265
Samson Primary School,PRI,Central Equatoria,Lainya,4.361821769,30.92252185
St. Charles Lwanga Primary School,PRI,Central Equatoria,Morobo,3.686521259,30.81149592
SDA Mvolo Primary School,PRI,Western Equatoria,Mvolo,6.84115,30.757931
Singaita Basic Primary School,PRI,Eastern Equatoria,Kapoeta South,4.621583,33.627384
Singirinwa Primary School,PRI,Western Equatoria,Mundri East,5.159717,30.5119
Sindiru Lugara Basic,PRI,Central Equatoria,Juba,4.8877735,31.48765774
Sonosa Primary,PRI,Western Equatoria,Nzara,4.6573817,28.2566353
Sangua Primary School,PRI,Western Equatoria,Nzara,4.56935,28.216084
Sinakpuro Primary School,PRI,Western Equatoria,Tambura,5.595383,27.468134
Sunrise Primary School,PRI,Central Equatoria,Morobo,3.713572167,30.94429167
Saint John Bosco Primary School Lafa,PRI,Western Equatoria,Tambura,5.365617,27.260584
Sunyu Primary School,PRI,Central Equatoria,Kajo-Keji,3.769622167,31.6643375
St Paul Primary School,PRI,Central Equatoria,Yei River,4.086233,30.674767
Sopo Primary School,PRI,Western Bahr el Ghazal,Raja,8.029517,26.040033
Supiri Secondary School,SEC,Central Equatoria,Juba,4.98589713,31.67994678
St peter Primary School,PRI,Western Equatoria,Ibba,4.718527667,29.17107767
Shambe Port Primary School,PRI,Lakes,Yirol East,6.703512375,30.7112625
Shalom Primary School,PRI,Central Equatoria,Yei River,4.5174,30.6099
St Peter Nursery and Primary School,PRI,Central Equatoria,Juba,4.698508,31.293958
St. Paul Primary School,PRI,Central Equatoria,Juba,4.9349,30.587566
Sera-Jale Primary School,PRI,Central Equatoria,Kajo-Keji,3.735983,31.635633
Sure Primary School,PRI,Central Equatoria,Juba,4.9109,31.12400567
Seremon Primary School,PRI,Central Equatoria,Juba,4.9109,31.12400567
Soperi Primary School,PRI,Central Equatoria,Morobo,3.8284,30.7223
St Peter Primary School,PRI,Central Equatoria,Juba,4.9349,30.587566
Sun Rise Primary School,PRI,Western Equatoria,Yambio,4.923033,29.383783
St Augustine Secondary School,SEC,Warrap,Twic,9.124935471,28.40741571
Sasa Primary School,PRI,Western Equatoria,Nzara,4.720183,28.207184
Sacred Heart Secondary School,SEC,Eastern Equatoria,Magwi,4.046483,32.421982
Missionary Jean International Primary School,PRI,Central Equatoria,Juba,4.9349,30.587566
ST Paul Primary School,PRI,Warrap,Gogrial West,7.9766055,28.03039483
St Stephen Primary School,PRI,Central Equatoria,Terekeka,5.44565,31.751249
Bright Boma star Primary,PRI,Central Equatoria,Juba,4.853290368,31.55675447
St. Daniel Comboni Primary,PRI,Lakes,Yirol West,6.54162075,30.51389975
St D. Comboni Boys Primary School,PRI,Eastern Equatoria,Kapoeta East,4.507483,34.16885
St Thomas Kuron Pre School,PRI,Eastern Equatoria,Kapoeta East,4.579079444,34.11462444
St Vincent De Paul Primary School,PRI,Central Equatoria,Juba,4.795883,31.627333
St. Andrew Primary,PRI,Jonglei,Bor,6.499701435,31.04911048
St. Augustine Secondary,SEC,Warrap,Gogrial West,7.755077667,28.191147
St. Ayang Primary School,PRI,Northern Bahr el Ghazal,Aweil East,9.12497075,27.21880775
St. Bakhita Day And Boarding Girls Primary Sc,PRI,Eastern Equatoria,Kapoeta East,4.509933,34.173618
St. Bakhita S. S,SEC,Eastern Equatoria,Kapoeta East,4.579079444,34.11462444
St. Bakthita primary,PRI,Central Equatoria,Morobo,3.713572167,30.94429167
St. Bartholomews Primary,PRI,Central Equatoria,Kajo-Keji,3.769622167,31.6643375
St. Daniel Comboni Primary School,PRI,Central Equatoria,Kajo-Keji,3.82735,31.825367
St. Elidio Catholic Primary,PRI,Warrap,Twic,9.125,28.407499
St. Elizabeth Orphans Primary,PRI,Northern Bahr el Ghazal,Aweil West,8.840072333,27.38975533
St. James School,PRI,Central Equatoria,Yei River,4.517129816,30.60963066
St. Joseph Comboni Primary School,PRI,Northern Bahr el Ghazal,Aweil West,8.7788,27.3106005
St Augustine Secondary School,SEC,Eastern Equatoria,Ikotos,4.1967625,33.17111325
St. Joseph Lutaya Primary School,PRI,Central Equatoria,Yei River,4.078233,30.64785
St. Joseph primary,PRI,Central Equatoria,Juba,5.018422,31.72436167
St. Joseph Primary,PRI,Northern Bahr el Ghazal,Aweil Town,8.769628,27.39880567
St. Joseph Secondary,SEC,Central Equatoria,Yei River,4.517129816,30.60963066
Sunday Basic School,PRI,Upper Nile,Renk,11.744533,32.807751
St. Augustine Primary School,PRI,Lakes,Yirol West,6.4488,30.059099
St. Bakhita primary school,PRI,Warrap,Gogrial West,7.755077667,28.191147
Salam United Methodist Primary School,PRI,Central Equatoria,Yei River,4.517129816,30.60963066
Masumbu Primary School,PRI,Western Equatoria,Yambio,4.510767,28.385532
Supiri Two Secondary,SEC,Central Equatoria,Juba,4.98589713,31.67994678
St. Vincent De-Paul Primary School,PRI,Central Equatoria,Juba,4.698508,31.293958
St. Joseph Catholic Primary School,PRI,Warrap,Twic,9.124935471,28.40741571
St. Peter Apostle Primary School,PRI,Central Equatoria,Juba,5.018422,31.72436167
St Thomas Secondary School,SEC,Central Equatoria,Juba,4.9349,30.587566
Masiya Primary School,PRI,Western Equatoria,Yambio,4.593796629,28.46359406
Rumwut Primary School,PRI,Warrap,Tonj North,7.8674835,28.79580825
Atiaba Primary School,PRI,Lakes,Rumbek East,6.632067,29.916149
Atadau Primary School.,PRI,Northern Bahr el Ghazal,Aweil East,9.053334667,27.76141083
Tarnaba Primary School,PRI,Central Equatoria,Juba,4.8877735,31.48765774
Athor-Ajiep Primary School,PRI,Warrap,Twic,9.155249923,28.02942154
Tualie Primary School,PRI,Warrap,Twic,8.995583,28.212868
Mobaiku Primary School Tambura,PRI,Western Equatoria,Tambura,5.567983,27.442266
Talapari Primary School,PRI,Western Equatoria,Mvolo,6.84115,30.757931
Taar Primary School,PRI,Eastern Equatoria,Lafon,5.099983,32.462467
Thiangrial Basic School,PRI,Upper Nile,Malut,10.266817,32.2705
Michael Tawil Primary School,PRI,Western Equatoria,Maridi,4.904767,29.453234
Tayar Primary School,PRI,Unity,Panyinjiar,7.36197,30.4395932
Taban Primary,PRI,Western Bahr el Ghazal,Wau,7.367283,27.965767
Tiboro,PRI,Western Equatoria,Mvolo,6.84117,30.75795
Matbar Primary School,PRI,Lakes,Yirol West,6.46012925,30.5799705
Thuoye Basic School,PRI,Upper Nile,Maban,9.9654,33.807117
Tabuor Primary School,PRI,Eastern Equatoria,Lafon,4.724667,32.700115
Tonj Academy Secondary School,SEC,Warrap,Tonj South,7.212461167,28.65363917
Toch Primary School,PRI,Jonglei,Old Fangak,8.969167,30.709133
Tuocloka Primary,PRI,Unity,Mayom,9.088242429,29.14095971
Utach Primary,PRI,Unity,Mayom,9.088242429,29.14095971
Ngungua Primary School,PRI,Western Equatoria,Ibba,4.631233,29.201584
Tit Chok Mareng Primary School,PRI,Northern Bahr el Ghazal,Aweil East,8.8612,27.528883
Tadu Primary,PRI,Western Bahr el Ghazal,Wau,7.6449335,27.883883
Thiet-dit Primary School,PRI,Warrap,Tonj South,7.491375348,28.94489365
Maper Dut Thou Primary School,PRI,Northern Bahr el Ghazal,Aweil North,9.13580585,27.25816525
Torit East Primary School,PRI,Eastern Equatoria,Torit,4.4061983,32.575492
Tharkueng ECS B,PRI,Western Bahr el Ghazal,Jur River,8.016488833,28.0883725
Ateda Primary School,PRI,Eastern Equatoria,Ikotos,3.905972333,33.51602667
Atende Primary School,PRI,Central Equatoria,Yei River,4.1286,30.745501
Terekeka Primary School,PRI,Central Equatoria,Terekeka,5.453567,31.753517
Ateriu Primary School,PRI,Lakes,Yirol West,6.544966667,30.27968333
Teachers Union Secondary School,SEC,Western Equatoria,Mundri West,5.386698222,30.26264278
Tiemata Girls Primary,PRI,Northern Bahr el Ghazal,Aweil West,8.068367,27.270018
Thangnyang Primary School,PRI,Jonglei,Pibor,6.8029632,33.1299904
Tuongtuol Primary School,PRI,Unity,Mayom,9.088242429,29.14095971
Tegye,PRI,Western Equatoria,Mundri East,5.704967,30.551434
Athou primary,PRI,Warrap,Gogrial East,8.27125,28.50995714
Atheer Primary School,PRI,Lakes,Yirol West,6.537083,30.156799
Thaker Primary School,PRI,Unity,Mayiandit,8.39445,30.053232
Athiiro Primary,PRI,Western Bahr el Ghazal,Jur River,7.694476,28.12680056
Thakayen Primary School,PRI,Warrap,Twic,9.135332444,28.18868711
Athiengpuol Primary School,PRI,Warrap,Tonj North,8.349383,29.072201
Lol thou primary,PRI,Western Bahr el Ghazal,Jur River,8.016488833,28.0883725
Tharkueng,PRI,Western Bahr el Ghazal,Jur River,8.01305,27.999149
Thempiny Primary School,PRI,Jonglei,Uror (Wunror),8.048633,32.10965
Thiou primary,PRI,Warrap,Gogrial East,8.214,28.299801
Itingi Primary School,PRI,Eastern Equatoria,Budi,4.384568525,32.86773956
Tiit Noon Primary School,PRI,Warrap,Twic,9.1159,27.980301
Tonj Academy primary school,PRI,Warrap,Tonj South,7.212461167,28.65363917
Tijor Primary School,PRI,Central Equatoria,Juba,5.144525,31.2509165
Tonj Girls Primary School,PRI,Warrap,Tonj South,7.212461167,28.65363917
TOKIMAN Primary School,PRI,Central Equatoria,Juba,4.698508,31.293958
Tikajak Primary School,PRI,Warrap,Twic,9.11945,28.3734
Thiek thou primary school,PRI,Warrap,Gogrial East,8.686733167,28.475536
Thone Kuach Primary,PRI,Jonglei,Nyirol (Diror),8.3864525,32.10917275
Atlaba Bara East Basic,PRI,Central Equatoria,Juba,4.8330266,31.6651966
Tali Secondary,SEC,Central Equatoria,Terekeka,5.820216714,30.91641214
Tulugi Primary School,PRI,Eastern Equatoria,Budi,4.384568525,32.86773956
Otallo Primary School,PRI,Jonglei,Pochalla,7.151367,33.860218
Lito Primary School,PRI,Central Equatoria,Kajo-Keji,3.785493955,31.58015764
Tulyang Primary School,PRI,Central Equatoria,Juba,4.8209,30.919434
Tiit Marier Primary School,PRI,Lakes,Yirol West,6.52575,30.518299
Tambura Secondary school,SEC,Western Equatoria,Tambura,5.5207,27.466801
Tiam Primary School,PRI,Unity,Leer,8.312167,30.2904
Tomagi Primary School,PRI,Upper Nile,Maban,9.9654,33.807117
TALI MODEL Primary School,PRI,Central Equatoria,Terekeka,5.897517,30.7733
Tambura Primary School,PRI,Western Equatoria,Tambura,5.603267,27.479233
Itohom Primary School,PRI,Eastern Equatoria,Ikotos,4.2879,33.182629
St. Kizito Boarding Day School,PRI,Eastern Equatoria,Ikotos,4.238167,33.076248
Tang Primary School,PRI,Upper Nile,Maiwut,8.6017375,33.9518585
Tindel Primary School,PRI,Western Bahr el Ghazal,Jur River,7.301533,28.437851
Tangnyang Primary,PRI,Jonglei,Akobo,8.091983,32.391449
Tong Mixed Primary School,PRI,Jonglei,Bor,6.400567,31.568899
Tong-Liet Primary School,PRI,Warrap,Twic,9.267817,28.4638
Tongair Primary,PRI,Upper Nile,Renk,11.04625,32.679699
Tonggoi Primary School,PRI,Northern Bahr el Ghazal,Aweil East,9.1249,27.2188
Tonj Secondary School,SEC,Warrap,Tonj South,7.212461167,28.65363917
Tindilo Basic School,PRI,Central Equatoria,Terekeka,5.59558,31.347269
Tuonygeu Primary School,PRI,Jonglei,Bor,6.499701435,31.04911048
Torit Model Primary School,PRI,Eastern Equatoria,Torit,4.405233,32.579567
Atiokuel Primary School,PRI,Warrap,Twic,9.039533,28.260183
NYORI Primary School,PRI,Central Equatoria,Yei River,4.172367,30.459351
Panyijiar Secondary,SEC,Unity,Panyinjiar,7.45915,30.283434
Tiap Primary School,PRI,Unity,Panyinjiar,7.44345,30.4489
Tipere Primary School,PRI,Central Equatoria,Kajo-Keji,3.861583,31.651583
Tambua Primary School,PRI,Western Equatoria,Yambio,4.593796629,28.46359406
Thonbouth Primary School,PRI,Unity,Mayom,9.19503,29.763651
Torit Day Secondary School,SEC,Eastern Equatoria,Torit,4.409567,32.569599
Atar Primary,PRI,Jonglei,Piji,9.220825,31.4640055
Tar-Weng Primary School,PRI,Northern Bahr el Ghazal,Aweil East,8.9783,27.712116
Tar-Weng Primary School,PRI,Northern Bahr el Ghazal,Aweil East,9.1278,27.769382
Tarweng Primary School,PRI,Warrap,Gogrial East,8.352467,28.354851
Tore Primary School,PRI,Central Equatoria,Yei River,4.491917,30.162416
Tore-Wandi Primary School,PRI,Western Equatoria,Mundri West,5.3743241,30.27476595
Torit One Primary School,PRI,Eastern Equatoria,Torit,4.405233,32.579567
Terekeka Secondary,SEC,Central Equatoria,Terekeka,5.464675,31.74193275
Tiarliet Primary School,PRI,Northern Bahr el Ghazal,Aweil South,8.772633,27.874884
Tirrangore Primary School,PRI,Eastern Equatoria,Torit,4.464583,32.816368
Tiret Primary School.,PRI,Warrap,Twic,9.242033,28.598583
Turalei,PRI,Warrap,Twic,9.15805,28.4408
Tarweng Primary,PRI,Unity,Panyinjiar,7.443433,30.448868
Turuw Primary School,PRI,Upper Nile,Maiwut,8.6017375,33.9518585
Otese Primary School,PRI,Eastern Equatoria,Torit,4.411795,32.6270445
Toby Basic Primary School,PRI,Western Bahr el Ghazal,Wau,7.950166207,28.06916507
St. Mary Primary School Tambura,PRI,Western Equatoria,Tambura,5.61195,27.4744
Tsereteny Primary School,PRI,Eastern Equatoria,Ikotos,4.288104125,33.13794413
TEST SCHOOL,PRI,Eastern Equatoria,Magwi,4.1151,32.356201
Atap Primary School,PRI,Warrap,Tonj North,7.9582934,28.3911568
Tiit-Cok Primary School,PRI,Warrap,Twic,8.944117,28.2882
Titchok Primary School,PRI,Northern Bahr el Ghazal,Aweil North,9.13580585,27.25816525
Teten Primary School,PRI,Eastern Equatoria,Budi,4.384568525,32.86773956
Titagok Primary School,PRI,Lakes,Rumbek East,6.554417,29.89925
Tot Primary School,PRI,Lakes,Yirol East,6.694133,30.856805
Tutnyang Primary School,PRI,Unity,Mayiandit,8.3941066,30.0824968
Matt Academy Primary School,PRI,Lakes,Awerial,6.5190366,30.9980864
Totenyieth Primary,PRI,Warrap,Twic,9.135366667,28.50899267
Tukoro Basic School,PRI,Central Equatoria,Juba,4.8877735,31.48765774
Atuet Primary School,PRI,Northern Bahr el Ghazal,Aweil East,9.053334667,27.76141083
Atukuel Primary School,PRI,Warrap,Gogrial West,8.528033,28.104733
Atoung Primary School,PRI,Warrap,Twic,9.33445,28.664467
Aturo Primaryschool,PRI,Western Bahr el Ghazal,Jur River,7.579217,28.098984
Mayen-Kuel Primary School,PRI,Warrap,Tonj North,8.243413833,28.875333
Town Primary,PRI,Western Equatoria,Maridi,4.993398333,29.41142376
Torit West Primary School,PRI,Eastern Equatoria,Torit,4.559886167,32.5946115
Kangi,PRI,Western Bahr el Ghazal,Jur River,7.7781025,28.0818325
Tayau Primary School,PRI,Lakes,Rumbek Centre,6.807861,29.6728335
Malou-Abiem Primary School,PRI,Warrap,Tonj North,7.9582934,28.3911568
Panwel Primary School,PRI,Jonglei,Bor,5.931983,31.696449
Udom Community Primary School,PRI,Northern Bahr el Ghazal,Aweil East,8.99374,27.4690836
Akuem-Agook Primary School,PRI,Western Bahr el Ghazal,Jur River,7.8339932,28.0474766
St. Paul Rhoda,PRI,Western Bahr el Ghazal,Wau,7.711067,28.001867
Pinydit Primary School,PRI,Warrap,Gogrial East,8.419767,28.347816
Abukloi Secondary School,SEC,Lakes,Rumbek Centre,6.808237375,29.6204
Amuol Primary School,PRI,Northern Bahr el Ghazal,Aweil South,8.8968332,27.8366772
United Methodist Primary School,PRI,Central Equatoria,Lainya,4.059209571,30.98984
Umora Upper Primary School,PRI,Northern Bahr el Ghazal,Aweil Centre,9.04765,26.5665
Uyoon Primary School,PRI,Northern Bahr el Ghazal,Aweil East,9.232047571,27.66688586
Panyana Primary School,PRI,Central Equatoria,Morobo,3.655067,30.683617
Agor Primary,PRI,Western Bahr el Ghazal,Jur River,7.694476,28.12680056
Rumtiit Primary School,PRI,Warrap,Tonj North,8.11195,28.62774175
Udhum Orphan Primary School,PRI,Northern Bahr el Ghazal,Aweil West,8.6402566,27.2525764
Thur - akoon Primary School,PRI,Warrap,Gogrial West,8.806167,28.167368
Udici Secondary School,SEC,Western Bahr el Ghazal,Jur River,8.007211111,27.73421689
Udhum Upper Primary School,PRI,Northern Bahr el Ghazal,Aweil West,8.6402566,27.2525764
Warlac Primary,PRI,Northern Bahr el Ghazal,Aweil South,8.6084468,27.8235462
Vision Bearers Primary School,PRI,Central Equatoria,Juba,4.853290368,31.55675447
St.Juveline Primary School,PRI,Central Equatoria,Juba,4.8330266,31.6651966
Pannyok Primary School,PRI,Warrap,Twic,9.070167,28.175867
Nyebitek Primary School,PRI,Unity,Mayom,9.028783,28.935801
 POC A primary school,PRI,Unity,Rubkona,9.2803956,29.79389653
Valley Hill Secondary School,SEC,Central Equatoria,Yei River,4.517129816,30.60963066
Nyori II primary,PRI,Central Equatoria,Yei River,4.051143875,30.47216063
Wunkir Primary School,PRI,Upper Nile,Maiwut,8.63915,33.8339
Valine Primary School,PRI,Western Equatoria,Yambio,4.693072333,28.42156167
Wath Malual Primary School,PRI,Northern Bahr el Ghazal,Aweil East,8.868717,27.415318
War-Chum Primari School,PRI,Northern Bahr el Ghazal,Aweil Centre,8.71097,27.645797
Awach Primary,PRI,Lakes,Rumbek East,6.513607143,29.86474057
Wut Adhoot Primary,PRI,Northern Bahr el Ghazal,Aweil North,9.1330766,27.1597499
Wac- jank primary school,PRI,Warrap,Twic,9.092392105,28.31931411
Wa-Agot primary school,PRI,Warrap,Tonj South,7.212461167,28.65363917
Awakening Secondary,SEC,Jonglei,Bor,6.4998,31.0492
Warrap comboni primary,PRI,Warrap,Tonj North,8.11195,28.62774175
Awangnhom Primary School.,PRI,Northern Bahr el Ghazal,Aweil North,9.180385,26.94400482
Waka Up Primary School,PRI,Western Equatoria,Tambura,5.520666615,27.46683438
Wanhalel Basic School,PRI,Warrap,Tonj South,7.356933,27.223417
S/Yubu Primary School,PRI,Western Equatoria,Tambura,5.4279,27.319384
Wau Co Agricultural Secondary,SEC,Western Bahr el Ghazal,Jur River,7.694476,28.12680056
Wechjal Primary School,PRI,Jonglei,Akobo,7.874908958,32.73703583
Wechkey Primary School,PRI,Jonglei,Uror (Wunror),8.11065,31.962317
Wanglei CMS Primary School,PRI,Jonglei,Twic East,5.551483,31.710283
Wech Reat Primary School,PRI,Jonglei,Akobo,8.162167,32.382
Wau Commercial Seconadary School,SEC,Western Bahr el Ghazal,Jur River,7.694476,28.12680056
Wudabi Primary School,PRI,Central Equatoria,Morobo,3.773433,30.618799
Wadupe Primary School,PRI,Central Equatoria,Yei River,3.88585,30.540449
Wudu Primary School,PRI,Central Equatoria,Kajo-Keji,3.84235,31.654751
Wech Deng Primary,PRI,Jonglei,Nyirol (Diror),8.230633,32.141018
Wadha-lelo Basic School,PRI,Western Bahr el Ghazal,Jur River,7.73945,28.206667
Wedwiel Primary School,PRI,Northern Bahr el Ghazal,Aweil West,8.708375,27.2887345
Aweet Primary School,PRI,Warrap,Tonj North,8.690844667,28.57242767
Wedweil Community Girls School,SEC,Northern Bahr el Ghazal,Aweil West,8.708375,27.2887345
Aweil Freedom Sec.School,SEC,Northern Bahr el Ghazal,Aweil Town,8.7660532,27.3341302
Aweng Primary School,PRI,Warrap,Twic,9.08445,28.558767
Wenepai Primary School,PRI,Western Equatoria,Nzara,4.6573817,28.2566353
Wech Gai Primary,PRI,Jonglei,Nyirol (Diror),8.38648,32.1092
Wau Girls Secondary,SEC,Western Bahr el Ghazal,Wau,7.950166207,28.06916507
Wulu Gedim,PRI,Lakes,Wulu,6.797332216,29.99964754
Wun-Ngot Primary School,PRI,Western Bahr el Ghazal,Jur River,7.8339932,28.0474766
Wichdeng Primary School,PRI,Jonglei,Ayod,8.1773804,31.35943567
Wathok Basic Primary School,PRI,Northern Bahr el Ghazal,Aweil North,9.1359,27.258301
Owiny Ki-Bul Central Primary,PRI,Eastern Equatoria,Magwi,3.76308,32.166531
Wik jak primary,PRI,Warrap,Gogrial East,8.5941,28.6097915
Wuji Primary School,PRI,Central Equatoria,Lainya,4.3364875,31.1230375
Wako Primary School,PRI,Lakes,Wulu,6.797332216,29.99964754
Wek Primary School,PRI,Jonglei,Uror (Wunror),7.782,31.785732
Woko Primary School,PRI,Western Equatoria,Maridi,5.3297,29.5844
Wokoapai Primary School,PRI,Western Equatoria,Maridi,4.928367,29.503017
Wuk-Wuk Primary School,PRI,Eastern Equatoria,Ikotos,4.288104125,33.13794413
Nyoc-Anoon Primary,PRI,Northern Bahr el Ghazal,Aweil South,8.72693,27.858101
Thonyor Primary School,PRI,Unity,Leer,8.205817,30.229267
Warkuac Primary School,PRI,Northern Bahr el Ghazal,Aweil Town,8.7660532,27.3341302
Wech Kuary Primary,PRI,Jonglei,Akobo,8.25105825,32.20035725
Awulu Primary School,PRI,Unity,Ruweng,9.8425,30.144583
Walgat Primary School,PRI,Jonglei,Akobo,8.1594,32.238132
Weel Primary School,PRI,Warrap,Gogrial West,8.996033,28.16275
Wel Primary School,PRI,Lakes,Cueibet,7.013517,29.079218
Awilgik Primary School,PRI,Warrap,Twic,9.0922,28.319201
Nyau I Primary School,PRI,Western Equatoria,Mundri West,5.312067,30.362482
Wolungo Primary School,PRI,Central Equatoria,Yei River,3.91405,30.790318
Warbuoi Location Primary School,PRI,Lakes,Cueibet,7.17135,29.2456
Wuluturu Primary School,PRI,Central Equatoria,Yei River,4.082483,30.677317
Ustratuna Primary School,PRI,Central Equatoria,Juba,4.842767,31.61455
Wathalel Comboni Primary,PRI,Northern Bahr el Ghazal,Aweil North,9.13580585,27.25816525
Tii-Ndoka Primary School,PRI,Western Equatoria,Yambio,4.602617,28.386732
Owinykibul Primary School,PRI,Eastern Equatoria,Magwi,3.76308,32.166531
Owangasa Primary,PRI,Western Equatoria,Maridi,4.993398333,29.41142376
Wang-Chuk Primary School,PRI,Warrap,Twic,9.183817,28.052433
Wangchot Primary School.,PRI,Jonglei,Old Fangak,8.938322333,30.73224967
Wangkei Primary School,PRI,Unity,Mayom,9.088242429,29.14095971
Wanglel Primary School,PRI,Jonglei,Old Fangak,9.3455105,30.762006
Wangmok Primary,PRI,Jonglei,Old Fangak,9.0874,30.956182
Wenyal Primary,PRI,Jonglei,Nyirol (Diror),8.4881,31.915199
Wonduruba Primary School,PRI,Central Equatoria,Juba,4.551283,31.006783
Wongoboro Primary School,PRI,Central Equatoria,Morobo,3.828363833,30.722275
Wun - Giir,PRI,Northern Bahr el Ghazal,Aweil West,8.708385,27.288745
Wun-Chum Basic School,PRI,Northern Bahr el Ghazal,Aweil East,8.006413727,28.66000464
Wun-Cuei Primary School,PRI,Warrap,Twic,9.202733,28.019283
Wun-Cum Primary School,PRI,Warrap,Gogrial West,8.749916714,28.03164543
Owiny-Ki Bul Senior S. S,SEC,Eastern Equatoria,Magwi,4.115011,32.3561355
Wun-Kuel Basic School,PRI,Northern Bahr el Ghazal,Aweil East,9.140933,27.86545
War Pach Primary,PRI,Northern Bahr el Ghazal,Aweil North,9.018667,27.332867
War Apei Primary School,PRI,Northern Bahr el Ghazal,Aweil North,9.406517,27.144432
Wupiru Primary School,PRI,Central Equatoria,Lainya,4.0592,30.989901
Wech Puot Primary,PRI,Jonglei,Akobo,8.25105825,32.20035725
Warabiei Primary School,PRI,Warrap,Gogrial East,8.5941,28.609783
War Aheer Primary School,PRI,Northern Bahr el Ghazal,Aweil Centre,8.5447,27.499416
War Baai Primary School,PRI,Northern Bahr el Ghazal,Aweil East,9.363738833,27.65452483
War Chuei Primary School.,PRI,Northern Bahr el Ghazal,Aweil North,9.11149275,26.69668969
War-Agany Primary School.,PRI,Northern Bahr el Ghazal,Aweil East,9.4532,27.495199
War-Kou Primary School,PRI,Northern Bahr el Ghazal,Aweil East,7.699567,27.989
War-pac primary,PRI,Warrap,Tonj North,8.11195,28.62774175
War-Pach Primary,PRI,Northern Bahr el Ghazal,Aweil North,9.13580585,27.25816525
Warak Primary School,PRI,Warrap,Tonj South,7.212461167,28.65363917
Warakan Primary School,PRI,Lakes,Yirol West,6.4488165,30.059104
Warakoon Primary School.,PRI,Northern Bahr el Ghazal,Aweil East,9.001221,27.50272525
Warallel Primary School,PRI,Northern Bahr el Ghazal,Aweil West,8.7788,27.3106005
Warbeek Primary School.,PRI,Jonglei,Uror (Wunror),8.1865968,32.030403
Warbek Primary School,PRI,Northern Bahr el Ghazal,Aweil East,9.309483,27.872984
Warchuei Primary School,PRI,Northern Bahr el Ghazal,Aweil North,9.180385,26.94400482
War-cum primary,PRI,Western Bahr el Ghazal,Jur River,7.7781025,28.0818325
Warawar Primary School,PRI,Northern Bahr el Ghazal,Aweil East,9.2908534,27.692356
Wardong Primary School,PRI,Northern Bahr el Ghazal,Aweil East,9.243817,27.405701
Warayat Primary,PRI,Warrap,Gogrial West,7.721683,27.997116
Warewar Primary,PRI,Jonglei,Uror (Wunror),8.059691722,31.98400461
Wudu Standary Academy Secondary,SEC,Central Equatoria,Kajo-Keji,3.785493955,31.58015764
Western Star Primary School,PRI,Central Equatoria,Juba,4.846283,31.57625
Wau Day Seconadary School,SEC,Western Bahr el Ghazal,Wau,7.709817,27.9921
Rumtit Primary School,PRI,Northern Bahr el Ghazal,Aweil Centre,8.751833,27.236549
Wandi Tapari Primary School,PRI,Western Equatoria,Mundri East,5.665597167,30.65709183
Waat Primary,PRI,Jonglei,Nyirol (Diror),8.179267,32.151917
Wathmuok Primary School,PRI,Northern Bahr el Ghazal,Aweil South,8.687817,27.666283
Wathlang Secondary School,SEC,Warrap,Gogrial East,8.488110375,28.52268138
Wutkoro Primary School,PRI,Jonglei,Twic East,7.046933,31.430901
Iwatoka Primary School,PRI,Central Equatoria,Morobo,3.737983,30.650949
Wundhiot Pabic Primary School,PRI,Lakes,Rumbek North,6.9322,29.601667
Wunchuei Primary School,PRI,Warrap,Tonj North,8.11195,28.62774175
Wulu Senior Secondary School,SEC,Lakes,Wulu,6.797332216,29.99964754
Wunkec Primary School,PRI,Warrap,Tonj South,7.379961167,28.88066967
Wunaruol Community School,PRI,Northern Bahr el Ghazal,Aweil North,9.196033,27.025618
Wake up Primary,PRI,Western Equatoria,Maridi,4.993398333,29.41142376
Wulu Girls Primary School,PRI,Lakes,Wulu,6.797332216,29.99964754
Awut-Wut Primary School,PRI,Warrap,Gogrial East,8.607383,28.586983
Nyatok Primary School,PRI,Upper Nile,Maiwut,8.6017375,33.9518585
Wowo Primary School,PRI,Western Equatoria,Mvolo,6.84119,30.75797
War Awar Primary school,PRI,Northern Bahr el Ghazal,Aweil East,9.2908534,27.692356
Wanyjok St. Bakhita Primary School,PRI,Northern Bahr el Ghazal,Aweil East,9.1606585,27.624316
Wunlang Primary School,PRI,Northern Bahr el Ghazal,Aweil East,8.879533,27.498383
Warrap Secondary,SEC,Warrap,Tonj North,8.0907,28.635233
Mangok-Tit Primary School,PRI,Warrap,Tonj North,7.8674835,28.79580825
Nyongwe Primary School,PRI,Central Equatoria,Yei River,4.517129816,30.60963066
Panyume Primary School,PRI,Central Equatoria,Morobo,3.7824,30.951683
Oguruny Primary School,PRI,Eastern Equatoria,Torit,4.396,32.903168
Thur-Bang Primary School,PRI,Warrap,Twic,8.943133,28.326332
Nyau II(Anigo) Primary School,PRI,Western Equatoria,Mundri West,5.2862,30.343884
Yabongo Girls Day Secondary School,SEC,Western Equatoria,Yambio,4.593796629,28.46359406
Yabongo 2 Primary School,PRI,Western Equatoria,Yambio,4.607517,28.411966
Yei Academy Primary School,PRI,Central Equatoria,Yei River,4.123117,30.621634
Yai Primary School,PRI,Unity,Panyinjiar,7.36197,30.4395932
Ayaga Primary,PRI,Western Bahr el Ghazal,Jur River,7.718433,27.994417
Yar Arol Girl Primary School,PRI,Warrap,Tonj North,8.111083,28.941883
Aya-Akat Primary School,PRI,Warrap,Tonj North,8.11195,28.62774175
Yith Aluk Primary,PRI,Northern Bahr el Ghazal,Aweil Town,8.759575,27.472224
Mayam Ariech Primary School,PRI,Warrap,Gogrial West,7.9766055,28.03039483
Mayang Primary School,PRI,Northern Bahr el Ghazal,Aweil East,9.2908534,27.692356
Ayat Secondary School,SEC,Northern Bahr el Ghazal,Aweil West,8.7788,27.3106005
Yeiba Primary School,PRI,Central Equatoria,Yei River,3.911883,30.681351
Biey Primary School,PRI,Jonglei,Ayod,7.956,31.439667
Yabongo Girls Primary School,PRI,Western Equatoria,Yambio,4.57225,28.393517
Yebisak Primary School,PRI,Central Equatoria,Terekeka,5.67805,31.730818
Yabua Primary School,PRI,Western Equatoria,Nzara,4.61655,28.284416
Yacob Primary School,PRI,Upper Nile,Maban,9.931767,33.693184
Yangiri Primary School centre,PRI,Western Equatoria,Ezo,5.179267,27.9571
Yangu community Girls School,PRI,Western Equatoria,Tambura,5.6477,27.480984
Yom Chiir Primary School,PRI,Jonglei,Bor,6.522683,31.532949
Yei Day Secondary School,SEC,Central Equatoria,Yei River,4.110167,30.674417
Standard Secondary,PRI,Warrap,Gogrial West,8.58682925,28.12137525
Yei Demonstrationn Primary School,PRI,Central Equatoria,Yei River,4.517129816,30.60963066
Yiik Adoor Primary School,PRI,Warrap,Gogrial East,8.24575,28.463867
Mayen Dau Communit Primary School,PRI,Warrap,Gogrial East,8.27125,28.50995714
Ywam Redeem Primary School,PRI,Central Equatoria,Yei River,4.5171,30.6096
Yeri Centre Primary School,PRI,Western Equatoria,Mvolo,6.84117,30.75795
Yei Girls Secondary School,SEC,Central Equatoria,Yei River,4.654833,28.546749
Mayeke Primary School,PRI,Lakes,Wulu,6.797332216,29.99964754
Ayen Mayar Primary School,PRI,Lakes,Wulu,6.797332216,29.99964754
Mayen Balla Primary School,PRI,Warrap,Twic,9.155249923,28.02942154
Iyeba 2 Primary School,PRI,Western Equatoria,Mundri East,5.252880583,30.50908325
Yei Public Secondary,SEC,Central Equatoria,Yei River,4.517129816,30.60963066
Yabongo Evening Secondary school,SEC,Western Equatoria,Yambio,4.593796629,28.46359406
Ayigak Primary School.,PRI,Warrap,Tonj South,7.421167,28.860582
YABONGO GIRLS BOARDING SECONDARY SCHOOL,SEC,Western Equatoria,Yambio,4.54145,28.452032
Yugufe Primary School,PRI,Central Equatoria,Morobo,3.719,30.691917
Yei Child Protection Centre Primary School,PRI,Central Equatoria,Yei River,4.517129816,30.60963066
Yinhayuar Primary School,PRI,Lakes,Cueibet,6.935483333,29.43480583
Yabongo Primary School,PRI,Western Equatoria,Nzara,4.68045,28.30545
Yiik-Thon Primary School,PRI,Warrap,Twic,9.23495,28.056299
Thokchak Primary School,PRI,Jonglei,Old Fangak,9.177167,30.747967
Yadit Kueth Primary,PRI,Jonglei,Nyirol (Diror),8.3551,31.907801
Christ the King Primary School,PRI,Warrap,Gogrial West,8.54345,28.102449
Yali Primary School,PRI,Lakes,Yirol East,6.659133,30.480066
Nyeli Primary School,PRI,Central Equatoria,Juba,4.8877735,31.48765774
Mayom Akot Primary School,PRI,Northern Bahr el Ghazal,Aweil East,9.051937625,27.37396888
Ayom Primary School,PRI,Warrap,Tonj South,7.3055,28.759018
Yambio Primary School,PRI,Western Equatoria,Yambio,4.563783,28.46685
Yembesanza -Asiri Primary School,PRI,Central Equatoria,Yei River,3.908459815,30.59346674
YMCA (Hai Mauna),PRI,Central Equatoria,Juba,4.853290368,31.55675447
Mayom Kawach Primary school,PRI,Northern Bahr el Ghazal,Aweil North,9.2125934,27.0225031
Ayien Primary School,PRI,Warrap,Twic,8.896267,28.3983
Yang Primary School,PRI,Unity,Leer,8.205817,30.229267
Yangkonye Primary School,PRI,Central Equatoria,Yei River,4.096283,30.668034
Yondoru Primary School,PRI,Central Equatoria,Lainya,4.223783,30.761984
"Yondu E Prim,ary school",PRI,Central Equatoria,Morobo,4.945333,31.572599
Yinh Kuel Primary School,PRI,Warrap,Tonj South,7.491375348,28.94489365
Yapa Primary,PRI,Central Equatoria,Juba,4.8877735,31.48765774
Wur-Kot Primary School,PRI,Northern Bahr el Ghazal,Aweil East,9.43135,27.945
Our Lady Of Assamption Primary,PRI,Eastern Equatoria,Torit,4.4061983,32.575492
Yeki Primary School,PRI,Central Equatoria,Terekeka,5.59557,31.34726
Yenet Pre & Basic School,PRI,Central Equatoria,Juba,4.860117,31.585068
Yaradau Primary School,PRI,Jonglei,Bor,6.105533,31.786283
Eyira Secondary School,SEC,Western Equatoria,Maridi,5.020025167,29.789614
Oyere Primary,PRI,Eastern Equatoria,Magwi,4.046483,32.421982
Yari Primary School,PRI,Central Equatoria,Yei River,3.793683,30.751301
Yaribe Primary School,PRI,Central Equatoria,Morobo,3.906933,30.9758
Yere primary,PRI,Western Equatoria,Mvolo,6.84117,30.75795
Yargot Upper Primary School,PRI,Northern Bahr el Ghazal,Aweil East,9.02115,27.445732
Yeri Secondary school,SEC,Western Equatoria,Mvolo,6.84117,30.75795
Yirol Girls Primary School,PRI,Lakes,Yirol West,6.566583,30.50885
Yerimozo,PRI,Western Equatoria,Mvolo,6.84117,30.75795
Yirol Boys Primary School,PRI,Lakes,Yirol West,6.56805,30.512716
St. Mathew Secondary,SEC,Eastern Equatoria,Ikotos,4.288104125,33.13794413
Yambio Senior Secondary School,SEC,Western Equatoria,Yambio,4.593796629,28.46359406
Yargot Secondary School,SEC,Northern Bahr el Ghazal,Aweil East,9.1606585,27.624316
Yith-Magok Primary School,PRI,Lakes,Cueibet,6.963525,29.380016
Nyasi Primary School,PRI,Western Equatoria,Ezo,6.099583,28.279083
Magordit Primary School,PRI,Warrap,Tonj South,7.212461167,28.65363917
Ayuang Primary School,PRI,Warrap,Gogrial West,8.419853667,28.481243
Ayueldit Primary School,PRI,Jonglei,Duk,7.7104,31.344075
Young Angels 2 Primary School,PRI,Western Equatoria,Yambio,4.593796629,28.46359406
Young angles nur primary,PRI,Western Equatoria,Yambio,4.593796629,28.46359406
Wunbut Primary School,PRI,Jonglei,Akobo,8.25105825,32.20035725
Nyuwa Primary School,PRI,Central Equatoria,Juba,4.9349,30.587566
Yondu West Primary School,PRI,Central Equatoria,Morobo,3.6971,30.6271
Wunliet Primary,PRI,Jonglei,Bor,6.063306,31.73462675
Nyatuat Primary,PRI,Jonglei,Old Fangak,9.0778165,30.919724
Nazereda Primary School,PRI,Western Equatoria,Tambura,5.520666615,27.46683438
Zogolona (Alel-Chok(A)) Primary School,PRI,Western Bahr el Ghazal,Wau,7.950166207,28.06916507
Zharbor Primary School,PRI,Unity,Koch,8.507017,30.073999
Oduho Memorial Primary School,PRI,Eastern Equatoria,Ikotos,4.4768,33.116402
Nyieth Primary School,PRI,Warrap,Gogrial West,8.579867,28.102583
Zamai Primary School,PRI,Western Equatoria,Nagero,6.37968,27.7684632
St.Denis Comboni Primary,PRI,Northern Bahr el Ghazal,Aweil North,9.1330766,27.1597499
Zangia Primary School,PRI,Western Equatoria,Tambura,5.632,27.5341
Zionn primary,PRI,Central Equatoria,Morobo,3.713572167,30.94429167
Zangada Primary School,PRI,Western Equatoria,Nzara,4.593133,28.225367
St. Raphael Basic School,PRI,Western Bahr el Ghazal,Wau,7.729533,27.996218
Zion Mussary Primary School,PRI,Eastern Equatoria,Torit,4.4118,32.627048
Pullual Primary School,PRI,Jonglei,Uror (Wunror),8.024033333,32.009578
Zambasende Primary School,PRI,Western Equatoria,Yambio,4.693072333,28.42156167
Zoreak Primary School,PRI,Jonglei,Old Fangak,9.034733,30.709766
Zirah Primary School,PRI,Northern Bahr el Ghazal,Aweil Town,8.776267,27.398933
Zereda Primary,PRI,Western Equatoria,Nzara,4.6574,28.256599
War-Rieth,PRI,Western Bahr el Ghazal,Jur River,7.77812,28.08185
Zulek Primary school,PRI,Unity,Mayom,9.223717,29.1651
Nyekuola Primary School,PRI,Unity,Mayom,9.088242429,29.14095971
Wunriang Primary School,PRI,Warrap,Gogrial West,8.419853667,28.481243
St. Poul Naagarawo Priamry,PRI,Western Equatoria,Yambio,4.593796629,28.46359406
Ungebe Primary School,PRI,Eastern Equatoria,Lafon,4.781133,32.472168
Thol Primary,PRI,Jonglei,Nyirol (Diror),8.499783,32.08345
Nyang Secondary School,SEC,Lakes,Yirol East,6.704517,30.597349
Mathiang Thel Primary School,PRI,Warrap,Gogrial West,8.58682925,28.12137525
Naanzari Community Girls School,PRI,Western Equatoria,Yambio,4.593796629,28.46359406
Napere Community Primary School,PRI,Western Equatoria,Yambio,4.593796629,28.46359406
Nanzeme Community Girls School,PRI,Western Equatoria,Yambio,4.462278714,28.45263614
Udhaba Primary School,PRI,Northern Bahr el Ghazal,Aweil Centre,10.32605,32.563232
Akuak Machar Primary School,PRI,Northern Bahr el Ghazal,Aweil North,9.117933,26.637068
Anak Akot,PRI,Lakes,Cueibet,7.2363,29.386967
Akony Bany Primary,PRI,Jonglei,Bor,6.4997,31.049101
Anglel Parents Primary,PRI,Eastern Equatoria,Magwi,3.574972,32.20202267
Apiam Basic,PRI,Western Bahr el Ghazal,Jur River,8.0072,27.7342
Aboba Primary School,PRI,Northern Bahr el Ghazal,Aweil West,8.70836,27.288719
Abinyay Primary School,PRI,Upper Nile,Fashoda,9.844183,32.0063
Adok Bhar Primary School,PRI,Unity,Leer,8.271,30.2337
Abiel Nyang Primary,PRI,Warrap,Tonj North,8.690844667,28.57242767
A/C Basic Primary School,PRI,Eastern Equatoria,Torit,4.4061983,32.575492
Abanin Primary School,PRI,Upper Nile,Fashoda,9.728433,31.858982
Atar Boys Secondary School,SEC,Upper Nile,Malakal,9.519844667,31.64543267
Abyei Chok Basic Primary School,PRI,Northern Bahr el Ghazal,Aweil North,9.1357,27.258101
Africa Inland Church Secondary,SEC,Eastern Equatoria,Lafon,4.5931,32.876701
Amel Community School,PRI,Northern Bahr el Ghazal,Aweil North,9.07425,27.19375
Achimoro Prmary School,PRI,Eastern Equatoria,Magwi,4.115011,32.3561355
Akual Deng Primary,PRI,Jonglei,Bor,6.5584,31.5331
Mayen Adhot Primary,PRI,Northern Bahr el Ghazal,Aweil East,9.2321,27.666901
Akaac Dong,PRI,Lakes,Rumbek North,7.215414889,29.67398689
Adong Boys Primary,PRI,Upper Nile,Baliet,9.239817,32.160118
Adeny Primary School,PRI,Northern Bahr el Ghazal,Aweil South,8.663217,27.720484
ATIT dudu Primary School,PRI,Central Equatoria,Terekeka,5.820216714,30.91641214
Ariath Ecs Primary School,PRI,Northern Bahr el Ghazal,Aweil North,9.1330766,27.1597499
Arop Co Education Secondary School,SEC,Upper Nile,Malakal,9.527407727,31.65685009
Ayiei Primary School,PRI,Jonglei,Piji,9.33295,31.586533
Aweil Senior Secondary School,SEC,Northern Bahr el Ghazal,Aweil Town,8.7660532,27.3341302
Nyiel Primary School,PRI,Unity,Ruweng,9.890672333,29.91127233
Afro Standard Model Primary School,PRI,Central Equatoria,Kajo-Keji,3.7856,31.580299
 Ror Bar Pimary school,PRI,Lakes,Rumbek North,7.6691,29.7132835
Adong Girls Primary School,PRI,Upper Nile,Baliet,9.239817,32.160118
Agangrial Comboni Primary School,PRI,Lakes,Cueibet,6.849517,29.225967
Achak Deng Secondary,SEC,Northern Bahr el Ghazal,Aweil West,8.7788,27.3106005
Achot jaang primary,PRI,Warrap,Gogrial West,8.749916714,28.03164543
Adeeri Mixed Primary School.,PRI,Upper Nile,Manyo,11.0119,32.519901
Wunadol Primary School,PRI,Jonglei,Piji,9.2296534,31.745704
Ayod Girls Primary School,PRI,Jonglei,Ayod,8.1242,31.410601
Ajak -Kuac primary School,PRI,Warrap,Twic,9.2677634,28.6625164
Abu Khadra Basic School,PRI,Upper Nile,Renk,11.826383,32.79995
Akotweng Primary,PRI,Upper Nile,Akoka,9.79750425,32.134388
Akoc-dong primary school,PRI,Lakes,Rumbek North,7.215414889,29.67398689
Akol Chol Primary School,PRI,Jonglei,Piji,9.28575,31.759434
Ayen Kok Primary,PRI,Lakes,Rumbek East,6.623367,29.744432
Makuach Lower Primary School,PRI,Northern Bahr el Ghazal,Aweil Centre,8.892267,26.92415
Gaakmarpiny Primary School,PRI,Lakes,Cueibet,7.118477833,29.23402167
Akuem Primary School,PRI,Northern Bahr el Ghazal,Aweil East,8.99374,27.4690836
Akok Primary School,PRI,Unity,Ruweng,9.63255,30.26675
Awan Kuek Primary,PRI,Lakes,Cueibet,6.9355,29.434799
Alel One Primary School,PRI,Lakes,Cueibet,7.1185,29.233999
Alok Secondary School,SEC,Northern Bahr el Ghazal,Aweil Centre,8.4012,27.5963
A/C Modern Nursery and Primary School,PRI,Central Equatoria,Juba,4.8534,31.5569
Albunj Complex Secondary School,SEC,Upper Nile,Maban,9.9654,33.807117
Akoong Lower Primary School,PRI,Northern Bahr el Ghazal,Aweil Centre,8.727117,27.373501
Amel Primary School,PRI,Northern Bahr el Ghazal,Aweil North,9.1331,27.1598
Anak Mathok Primary School,PRI,Lakes,Cueibet,7.31818725,29.36898325
Achana Primary,PRI,Northern Bahr el Ghazal,Aweil West,8.70836,27.288719
Kon Anok secondary school,SEC,Lakes,Awerial,6.5190366,30.9980864
A.I.C Namurpus Primary School,PRI,Eastern Equatoria,Kapoeta East,4.579079444,34.11462444
Kuang Tong Primary School,PRI,Northern Bahr el Ghazal,Aweil North,9.1359,27.258301
Amat Nyang Primary School,PRI,Jonglei,Piji,9.257283,31.206266
Abobo Primary School,PRI,Western Equatoria,Mundri West,5.497617,30.124001
Amok Primary School,PRI,Lakes,Rumbek North,7.556117,29.7882
Assosa complex primary,PRI,Upper Nile,Malakal,9.527317,31.654318
Andrea Parjalla Primary School,PRI,Central Equatoria,Juba,4.698508,31.293958
Abiok Primary,PRI,Warrap,Tonj East,8.068500333,29.29072233
Adiei Primary School,PRI,Unity,Ruweng,9.847522333,30.184283
Akoy Primary School,PRI,Jonglei,Duk,7.46385,31.381166
Asomuko Primaery school,PRI,Central Equatoria,Morobo,3.713572167,30.94429167
Abua Primary School,PRI,Central Equatoria,Yei River,3.9061,30.592199
Ayemkar Presbyterian Primary School,PRI,Upper Nile,Panyikang,9.37807,31.53764
Ariath Girls Primary School,PRI,Northern Bahr el Ghazal,Aweil North,9.1330766,27.1597499
Ayod Secondary School,SEC,Jonglei,Ayod,8.1324,31.309099
Aweil North Senior Secondary School,SEC,Northern Bahr el Ghazal,Aweil North,9.2125934,27.0225031
Assosa Girls Secondary School,SEC,Upper Nile,Malakal,9.51555,31.658167
Aleel Primary School,PRI,Lakes,Awerial,6.224967,31.167168
Afro Standard Model Primary School,PRE,Central Equatoria,Kajo-Keji,3.785493955,31.58015764
Assosa New Primary,PRI,Upper Nile,Malakal,9.51395825,31.659659
Aru Jur Primary School,PRI,Warrap,Tonj North,8.5320834,28.9142668
Atuong Rial Primary,PRI,Northern Bahr el Ghazal,Aweil East,9.33635,27.76425
Akot Primary School,PRI,Unity,Ruweng,9.436,30.2334
Abel Thon Malek Primary,PRI,Upper Nile,Baliet,9.239817,32.160118
Athieng Primary School,PRI,Upper Nile,Malut,10.091,32.352299
Agout primary,PRI,Upper Nile,Manyo,11.0119684,32.5199819
Abushaka Basic Education,PRI,Western Bahr el Ghazal,Wau,7.714933,27.832916
Akuak Tit Primary School,PRI,Northern Bahr el Ghazal,Aweil North,9.106867,26.585251
Aluel Primary,PRI,Jonglei,Piji,9.22084,31.46402
Achana Umora Primary School,PRI,Northern Bahr el Ghazal,Aweil West,8.70836,27.288719
Machar Adhot Primary School,PRI,Northern Bahr el Ghazal,Aweil West,8.7788,27.3106005
Awai Nhom Community School,PRI,Northern Bahr el Ghazal,Aweil North,9.150867,26.888582
Amet Weer Primary School,PRI,Northern Bahr el Ghazal,Aweil South,8.7608,27.659401
Aweil West High School,SEC,Northern Bahr el Ghazal,Aweil West,8.840072333,27.38975533
Aweil Intergrated Primary School,PRI,Northern Bahr el Ghazal,Aweil West,8.840072333,27.38975533
Agape Youth Care Primary,PRI,Upper Nile,Malut,10.09105262,32.35229962
Ayom Them Primary School,PRI,Jonglei,Piji,9.1373375,31.75145075
Anyan Yom Primary School,PRI,Lakes,Rumbek North,7.215414889,29.67398689
Agoy Primary School,PRI,Jonglei,Pibor,6.8029632,33.1299904
Akuong Yok Primary School,PRI,Northern Bahr el Ghazal,Aweil West,8.70836,27.288719
Ayen Girls Primary,PRI,Jonglei,Bor,6.4094,31.574301
Ayot Primary School,PRI,Jonglei,Piji,9.14025,31.752518
Mamer Ayouk Primary School,PRI,Lakes,Rumbek North,7.2154,29.674
Obay abouib primary,PRI,Upper Nile,Panyikang,9.378062,31.53763533
Baliet Secondary School,SEC,Upper Nile,Baliet,9.294617,32.057667
Panyok Primary School.,PRI,Jonglei,Duk,7.66343,31.489723
Weal Baptist Primary,PRI,Unity,Leer,8.316434389,30.21096106
Bakindo Primary School,PRI,Western Equatoria,Ezo,5.076714077,27.48552069
Ayod Basic School,PRI,Jonglei,Ayod,8.125733,31.413982
Buath Anyar Secondary,SEC,Northern Bahr el Ghazal,Aweil North,9.2125934,27.0225031
Belawich Primary School,PRI,Jonglei,Piji,9.22084,31.46402
Boro Boys Secondary School,SEC,Western Bahr el Ghazal,Raja,8.475834667,25.55363042
Nyarenge Primary School,PRI,Upper Nile,Nasir,8.696967,33.395134
Bongo Primary School,PRI,Warrap,Tonj South,7.212461167,28.65363917
Buk Primary School,PRI,Jonglei,Ayod,7.956,31.439667
Bol Buop Primary School,PRI,Unity,Guit,9.10799,30.03746
Bander Boys Primary,PRI,Upper Nile,Malakal,9.525983,31.658667
Bright Day Academy,PRI,Western Bahr el Ghazal,Raja,8.475834667,25.55363042
Obayi Dheego Primary,PRI,Upper Nile,Panyikang,9.378062,31.53763533
Baidit Primary School,PRI,Jonglei,Bor,6.430867,31.547001
Both Duel Primary,PRI,Jonglei,Ayod,8.1242,31.410601
Bettei Primary School,PRI,Warrap,Tonj North,8.088939,29.153428
Obel (3) Basic School,PRI,Upper Nile,Panyikang,9.37807,31.53764
Obel (3) Basic School,PRI,Upper Nile,Panyikang,9.378062,31.53763533
Bier Primary School,PRI,Jonglei,Ayod,7.956,31.439667
Beliek Primary School,PRI,Northern Bahr el Ghazal,Aweil South,8.72693,27.858101
Bei Primary,PRI,Jonglei,Old Fangak,9.1662,30.7502
Beliek Primary School,PRI,Northern Bahr el Ghazal,Aweil South,8.72693,27.858101
IbrahimSham Eldeen,PRI,Upper Nile,Renk,11.750283,32.815399
Bieny Primary,PRI,Unity,Rubkona,9.2803,29.7938
Bentiu School for the Deaf,PRI,Unity,Rubkona,8.898817,29.685183
Banzimi Foki Primary School,PRI,Western Equatoria,Yambio,4.693072333,28.42156167
Bander Girls Basic school,PRI,Upper Nile,Malakal,9.527317,31.654367
Bentiu Girls Primary,PRI,Unity,Rubkona,9.166654167,29.76707308
Bhar Gok Primary School,PRI,Unity,Mayiandit,8.3941066,30.0824968
Buong Primary,PRI,Upper Nile,Ulang,10.27941861,32.65857108
Baguga Primary School,PRI,Western Equatoria,Yambio,4.58825,28.319134
Bar-Atong Primary,PRI,Western Bahr el Ghazal,Jur River,7.694476,28.12680056
Bhal Primary School,PRI,Unity,Ruweng,9.436021,30.2334125
Bhol Primary School,PRI,Unity,Koch,8.563067,30.011467
Bhor Primary School,PRI,Unity,Mayiandit,8.3591,30.023701
Ibahany Primary School,PRI,Eastern Equatoria,Ikotos,4.272265292,33.19093292
Bor High Secondary,SEC,Jonglei,Bor,6.288342857,31.69537614
Bright Future Primary School,PRI,Western Equatoria,Maridi,4.993398333,29.41142376
Biar Primary School,PRI,Lakes,Rumbek North,7.53237,29.69022
Obel II Primary School,PRI,Upper Nile,Panyikang,9.378433,31.49095
Bol Diong Primary School,PRI,Warrap,Tonj South,7.491375348,28.94489365
Bar-yar IDP Primary,PRI,Western Bahr el Ghazal,Jur River,8.0072,27.7342
Manyiel Secondary School,SEC,Northern Bahr el Ghazal,Aweil North,9.11149275,26.69668969
Borjani Primary School,PRI,Unity,Panyinjiar,7.679952286,30.25305214
Bijalok Primary School,PRI,Upper Nile,Nasir,8.6344335,33.235075
Bakhita Narsery and Primary School,PRI,Unity,Panyinjiar,7.36197,30.4395932
Biokloc Primary School,PRI,Northern Bahr el Ghazal,Aweil East,9.152867,27.805849
Bukteng Primary School,PRI,Upper Nile,Ulang,10.27941861,32.65857108
Bichul Kuon Primary,PRI,Jonglei,Old Fangak,9.177233368,30.76679611
Biel Primary,PRI,Upper Nile,Ulang,10.27941861,32.65857108
Biel Primary School,PRI,Unity,Rubkona,9.25455,29.792999
Baliet Primary School,PRI,Upper Nile,Baliet,9.294617,32.057667
Billing Primary School,PRI,Lakes,Rumbek East,6.3401,29.794483
Bilnyang Primary,PRI,Unity,Rubkona,9.166654167,29.76707308
Bol Primary School,PRI,Upper Nile,Fashoda,9.728433,31.858982
Bolekeay Primary School,PRI,Jonglei,Uror (Wunror),8.059691722,31.98400461
Bool Primary School,PRI,Jonglei,Uror (Wunror),8.166933,32.052399
Bulbuong Primary,PRI,Upper Nile,Ulang,10.27941861,32.65857108
Belwang Primary School,PRI,Upper Nile,Longchok,8.92645,33.752167
Buol Primary,PRI,Upper Nile,Nasir,8.6344335,33.235075
BimBim Primary,PRI,Upper Nile,Ulang,10.27941861,32.65857108
Biemkat Primary,PRI,Unity,Abiemnom,9.3877,28.8235
Bishop Mazzolari Memorial School,SEC,Lakes,Rumbek Centre,6.808237375,29.6204
Baan Primary School,PRI,Jonglei,Duk,7.71625,31.6896495
Bangkhor Primary School.,PRI,Unity,Mayiandit,8.406183,30.028601
Banglai Primary,PRI,Upper Nile,Baliet,9.291867,32.0376665
Bankita Primary,PRI,Upper Nile,Maban,10.1606415,33.5554675
BanyJiel Primary School,PRI,Upper Nile,Longchok,9.022392,33.4701575
Bentiu A Primary,PRI,Unity,Rubkona,9.1666,29.767
Bentiu B Secondary,SEC,Unity,Rubkona,9.166654167,29.76707308
Bentiu Secondary School,SEC,Unity,Rubkona,9.166654167,29.76707308
Bienythiang primary,PRI,Upper Nile,Akoka,9.82895,32.034851
Boaw Two Primary,PRI,Unity,Koch,8.72018325,29.84255425
Boma Upper Primary School,PRI,Jonglei,Pibor,6.8029632,33.1299904
Bongki Primary School,PRI,Unity,Ruweng,4.4421,30.26671
Buordeng Primary School,PRI,Unity,Ruweng,9.436021,30.2334125
Burping Primary,PRI,Unity,Guit,9.10798,30.03744975
Biu Primary School,PRI,Unity,Ruweng,9.647067,30.30015
Bura Primary School,PRI,Eastern Equatoria,Lafon,5.10145,32.483967
Baraka Primary School,PRI,Central Equatoria,Lainya,4.262333,30.941317
Abara Secondary,SEC,Eastern Equatoria,Magwi,3.76308,32.166531
Baar Primary School,PRI,Warrap,Twic,9.10345,28.227833
Aboroch Primary School,PRI,Upper Nile,Fashoda,9.844183,32.0063
Bariak Primary,PRI,Jonglei,Nyirol (Diror),8.540367,31.942551
Barjiek Primary School,PRI,Lakes,Cueibet,7.308,29.290701
Bari Rumbek Primary,PRI,Central Equatoria,Terekeka,5.81375,31.684183
Barmalual Primary,PRI,Unity,Rubkona,9.258783,29.796516
Barmarch Primary School,PRI,Upper Nile,Ulang,10.27941861,32.65857108
Binfazan Basic School,PRI,Upper Nile,Renk,11.73422268,32.82643359
Majook primary school,PRI,Warrap,Tonj South,8.1069166,28.6594268
Bir Primary School,PRI,Unity,Rubkona,9.255067,29.793432
Biet Primary School,PRI,Northern Bahr el Ghazal,Aweil North,9.1115,26.696699
Bieth Primary School,PRI,Unity,Koch,8.4328,30.157467
Buoth Primary School,PRI,Unity,Koch,8.808367,29.617767
Buoth Primary School,PRI,Unity,Mayiandit,8.31352,30.026871
Betoi Primary school,PRI,Lakes,Yirol West,6.5487,30.4921
Birisi Primary,PRI,Western Equatoria,Yambio,4.427033,28.402933
Bentiu National Secondary School,SEC,Unity,Rubkona,9.1666,29.767099
Bouth 2 Primary,PRI,Unity,Koch,8.718042,29.6765585
Buluk B Teacher Training Union,SEC,Central Equatoria,Juba,4.9861,31.680099
Ibunyak Primary School,PRI,Eastern Equatoria,Ikotos,3.905972333,33.51602667
Warwut Primary School,PRI,Warrap,Tonj South,7.491375348,28.94489365
Buom Diew Primary School,PRI,Unity,Leer,8.316434389,30.21096106
Buremanga Primary School,PRI,Western Equatoria,Nzara,4.56935,28.216084
Abuot-Bai Primary School,PRI,Lakes,Awerial,6.3194,31.097334
Burbur Primary,PRI,Unity,Guit,9.1285335,30.03817635
Abuyung Primary School,PRI,Lakes,Awerial,6.351167,31.126499
Buoytong Primary,PRI,Unity,Rubkona,9.2546,29.792999
Banishiew Zenk Primary School,PRI,Upper Nile,Maban,9.931767,33.693184
Chol Mabuai primary school,PRI,Jonglei,Ayod,8.311875,31.2529655
Christian Assembly Primary,PRI,Central Equatoria,Yei River,4.5171,30.6096
Chotbora Basic school,PRI,Upper Nile,Longchok,9.206433,33.756233
Chan Chow Primary School,PRI,Upper Nile,Nasir,8.677417,33.1143585
City Dove Academy,PRI,Central Equatoria,Juba,4.8534,31.5569
Malek Academy Secondary,SEC,Jonglei,Bor,6.0633,31.734699
Celele Primary School,PRI,Eastern Equatoria,Budi,4.384568525,32.86773956
St. Stephen Primary,PRI,Upper Nile,Fashoda,9.959933,32.153618
Panhiam-Achot Primary School,PRI,Lakes,Rumbek North,7.5324,29.69025
Aciguel Primary School,PRI,Lakes,Cueibet,7.196633,29.930332
Achak Primary,PRI,Upper Nile,Fashoda,9.728433,31.858982
Achol Primary School,PRI,Warrap,Tonj North,8.692167,28.911667
Makuei Primary School,PRI,Lakes,Rumbek North,7.7124,29.713449
Chahan Primary School,PRI,Unity,Rubkona,9.0287445,29.68204417
Chikol Primary School,PRI,Jonglei,Akobo,7.639533,33.016018
ChotYiel Primary,PRI,Upper Nile,Longchok,9.2500915,33.479416
Chuei,PRI,Jonglei,Piji,9.219867,31.3032
Chuei Primary,PRI,Jonglei,Piji,9.22083,31.46401
Child of hope Natinga,PRI,Eastern Equatoria,Kapoeta East,4.22205,33.971876
Cielet Primary School,PRI,Warrap,Tonj East,7.609233,28.8671
Charles Lwaga Primary,PRI,Western Bahr el Ghazal,Wau,7.720454,27.98908775
Chuei Magoon Primary School,PRI,Jonglei,Bor,6.17575,31.772432
Comboni Secondary School,SEC,Upper Nile,Renk,11.7343,32.8265
Canal Primary School,PRI,Jonglei,Ayod,8.21099,31.34787
Wunbut primary,PRI,Upper Nile,Nasir,8.785317,33.040085
Chuor Primaty School,PRI,Unity,Rubkona,9.028767,29.682068
Chorokol Primary School,PRI,Eastern Equatoria,Ikotos,4.1968,33.171101
Chang Rer Primary School,PRI,Unity,Mayiandit,8.348267,30.041267
ECS Episcopal St. Peters Secondary School,SEC,Upper Nile,Malakal,9.527407727,31.65685009
Chatom Primary School (POK),PRI,Lakes,Rumbek North,7.69709,29.7198204
Chinese TTU Secondary School,SEC,Central Equatoria,Juba,4.986,31.680099
Dawa primary school for boys,PRI,Upper Nile,Renk,11.7343,32.8265
Dilal Ajack Primary,PRI,Upper Nile,Manyo,11.37923,32.485001
Dhieu Alam Secondary School,SEC,Lakes,Yirol West,6.54162075,30.51389975
Adanwal Primary,PRI,Warrap,Tonj East,7.8203068,29.409353
Adau Primary School.,PRI,Warrap,Tonj North,8.227267,29.1901
Dak Awan Primary,PRI,Jonglei,Duk,7.744917,31.690166
Dibole Primary School,PRI,Jonglei,Akobo,7.809778571,33.01718857
Dar Salam Boys Primary School,PRI,Upper Nile,Malakal,9.503433,31.658817
Dichin Primary School,PRI,Upper Nile,Nasir,8.949667,32.929516
Dincuk Primary School,PRI,Upper Nile,Akoka,9.8113085,32.1643165
Daniel Comboni Primary School,PRI,Unity,Panyinjiar,7.36197,30.4395932
Daniel Comboni Primary,PRI,Central Equatoria,Terekeka,5.820216714,30.91641214
Thorpay Primary School,PRI,Jonglei,Uror (Wunror),8.031083333,31.96098933
Dual Dap Primary,PRI,Upper Nile,Ulang,10.27941861,32.65857108
Ding Ding Primary,PRI,Unity,Rubkona,9.2804,29.7939
Detong Basic school,PRI,Upper Nile,Malakal,9.571783,31.642134
Dururei Primary School,PRI,Lakes,Wulu,6.797332216,29.99964754
Gudele East 11 Primary School,PRI,Central Equatoria,Juba,4.853290368,31.55675447
Kuer Deng Primary School,PRI,Jonglei,Old Fangak,8.938322333,30.73224967
Dawa evening primary,PRI,Upper Nile,Renk,11.7342,32.826401
Adheth primary school,PRI,Warrap,Gogrial West,8.529933,28.102533
Dungjiak Primary School,PRI,Unity,Leer,8.316434389,30.21096106
Dingimo Community Primary School,PRI,Western Equatoria,Tambura,5.520666615,27.46683438
Dhongyip Primary School,PRI,Lakes,Cueibet,9.7624,31.953617
Adhal Primary School,PRI,Northern Bahr el Ghazal,Aweil North,9.199483,26.959032
Dhek_Dheek Primary School,PRI,Upper Nile,Nasir,8.702867,33.119167
Dhokalal primary,PRI,Upper Nile,Panyikang,9.378062,31.53763533
Dhornor Primary School,PRI,Jonglei,Old Fangak,8.915067,30.745234
Dhornyal Primary School,PRI,Unity,Leer,8.205817,30.229267
Dhorreng Primary School,PRI,Unity,Guit,9.1811,30.1066
Dhalap Primary,PRI,Upper Nile,Nasir,8.6575615,33.11169173
Dhoryiel Primary School,PRI,Unity,Mayiandit,8.3568,30.088417
Dhuony Primary School,PRI,Jonglei,Uror (Wunror),8.059691722,31.98400461
Dhuoridieng primary,PRI,Upper Nile,Nasir,8.6575615,33.11169173
Dhorkan Primary,PRI,Unity,Rubkona,9.2804,29.7939
Dhormangang Primary School,PRI,Unity,Panyinjiar,7.402633,30.3661
Dhiemo Primary,PRI,Western Bahr el Ghazal,Jur River,7.6945,28.126801
Manyok Diang Primary,PRI,Northern Bahr el Ghazal,Aweil East,9.2072083,27.7017518
Hameed Ibn Rashed Primary,PRI,Unity,Rubkona,9.254083,29.79315
Dom-Kuat Primary School,PRI,Warrap,Tonj North,8.11195,28.62774175
Dokul Primary School,PRI,Northern Bahr el Ghazal,Aweil South,8.586733,27.600317
Duka primary,PRI,Upper Nile,Ulang,10.27941861,32.65857108
Dekech Primary School,PRI,Upper Nile,Fashoda,9.728433,31.858982
Duok Primary School,PRI,Jonglei,Uror (Wunror),8.12455,32.044048
Dukiir Primary,PRI,Jonglei,Nyirol (Diror),8.343317,31.952618
Dor Matit Kol Primary,PRI,Jonglei,Ayod,8.1242305,31.41061167
Dokuni Primary School,PRI,Central Equatoria,Juba,4.531417,31.060932
Dr. Kunjwok Secondary,SEC,Upper Nile,Panyikang,9.378062,31.53763533
Dol Primary School,PRI,Unity,Rubkona,9.2543835,29.7981085
Dolieb Hill Primary School,PRI,Upper Nile,Panyikang,9.378433,31.49095
Domoloto primary school,PRI,Lakes,Wulu,6.797332216,29.99964754
delewana Primary School,PRI,Western Equatoria,Mundri East,5.2529,30.5091
Doma Primary School,PRI,Upper Nile,Ulang,10.27941861,32.65857108
Domkur Primary School,PRI,Lakes,Cueibet,7.1185,29.233999
Dimeth Primary,PRI,Upper Nile,Manyo,11.37920833,32.4849785
Mading Apuk Primary School,PRI,Warrap,Tonj South,7.399379,29.9520335
Dienyding Primary,PRI,Upper Nile,Ulang,10.27941861,32.65857108
Dindin Primary School,PRI,Unity,Leer,8.300983,30.229982
DingKar Primary School,PRI,Upper Nile,Nasir,8.6575615,33.11169173
Dini Primary School,PRI,Jonglei,Nyirol (Diror),8.3864525,32.10917275
Dondor Primary School,PRI,Lakes,Cueibet,6.975883,28.960367
Dong Primary School,PRI,Upper Nile,Nasir,8.76864175,33.08151725
Dongchak Primary School,PRI,Jonglei,Duk,7.66343,31.489723
Dongol Primary School,PRI,Unity,Mayiandit,8.142567,30.00065
Dungkoyo Primary School,PRI,Central Equatoria,Terekeka,5.309383,31.751699
Don Bosco Secondary School,SEC,Central Equatoria,Juba,4.698508,31.293958
Duk Padiet Primary School,PRI,Jonglei,Duk,7.751183,31.393467
Darpwojo pakang primary,PRI,Upper Nile,Panyikang,9.378062,31.53763533
Deng Jack Primary,PRI,Unity,Rubkona,9.2804,29.7939
Dar El Salam Girls Primary School,PRI,Upper Nile,Malakal,9.51395825,31.659659
Dari Primary School,PRI,Central Equatoria,Terekeka,5.820216714,30.91641214
DR. JOHN GARANG BOYS Primary School,PRI,Upper Nile,Malakal,9.51395825,31.659659
Dr. John Garang girls primary,PRI,Upper Nile,Malakal,9.51395825,31.659659
Dr. John Garang Primary School,PRI,Upper Nile,Malut,10.091,32.352299
Dr. John Garang Primary School,PRI,Eastern Equatoria,Torit,4.4061983,32.575492
Dosho Primary School,PRI,Western Equatoria,Mundri East,5.464883,30.466284
Dajo Primary School,PRI,Upper Nile,Longchok,9.22315,34.092117
Displace primary,PRI,Central Equatoria,Lainya,4.3618,30.922501
Dut Primary School,PRI,Upper Nile,Baliet,9.258383,32.091267
Dithwok Primary School,PRI,Upper Nile,Fashoda,9.844183,32.0063
Dhor Tuol Primary School,PRI,Unity,Leer,8.3261,30.2232
Dumbata Tumba Primary School,PRI,Western Equatoria,Yambio,4.593796629,28.46359406
Duar Primary,PRI,Unity,Guit,9.181094333,30.10659717
Maduc-Wol Community Primary School,PRI,Northern Bahr el Ghazal,Aweil East,9.363738833,27.65452483
Madul - Wol Primary Scholl,PRI,Northern Bahr el Ghazal,Aweil East,9.017517,27.652067
Marial Duol Primary School,PRI,Lakes,Rumbek East,6.5136,29.864799
Dura Primary School,PRI,Upper Nile,Ulang,10.27941861,32.65857108
Duk Duk Primary School,PRI,Upper Nile,Renk,12.01881392,32.81814275
Dual Nyol primary,PRI,Upper Nile,Ulang,10.27941861,32.65857108
Dawan Primary School,PRI,Upper Nile,Maiwut,8.6017375,33.9518585
Duut West Primary,PRI,Upper Nile,Baliet,9.2765,32.074467
Pantot Primary School.,PRI,Unity,Mayiandit,8.4217,30.048782
Panyikang Primary,PRI,Upper Nile,Panyikang,9.37807,31.53764
Daystar Primary,PRI,Northern Bahr el Ghazal,Aweil Town,8.76425,27.401983
Tuah Primary School,PRI,Unity,Leer,8.3261,30.2232
ECS Basic,PRI,Jonglei,Piji,9.3223,31.589899
ECS Basic Primary,PRI,Upper Nile,Malakal,9.527407727,31.65685009
Mahad TTU Secondary School,SEC,Central Equatoria,Juba,4.98589713,31.67994678
E.C.S Epicapal Basic School,PRI,Upper Nile,Malakal,9.5159,31.657284
Nyingaro Primary School,PRI,Upper Nile,Fashoda,9.728433,31.858982
El Giadda Girls Primary School,PRI,Central Equatoria,Juba,4.853290368,31.55675447
E.P.C. Harvesters Primary School,PRI,Central Equatoria,Yei River,4.117417,30.656467
Omkhor Primary School,PRI,Upper Nile,Nasir,8.677417,33.1143585
Excel International Academy,SEC,Central Equatoria,Lainya,4.203930667,30.72064167
Excel International secodary,PRI,Central Equatoria,Morobo,3.706216667,30.71054278
El Jinubia Primary,PRI,Upper Nile,Malakal,9.519844667,31.64543267
Ekana Basic Primary School,PRI,Western Bahr el Ghazal,Jur River,7.2989,28.386499
El Kwek Basic school,PRI,Upper Nile,Manyo,11.9459,32.718868
Ekema Primary,PRI,Western Bahr el Ghazal,Jur River,7.301533,28.437851
Elhegera Basic School,PRI,Upper Nile,Renk,11.76055,32.813568
Obel I Primary School,PRI,Upper Nile,Panyikang,9.378433,31.49095
El-Remella Basic School,PRI,Upper Nile,Renk,12.078833,32.781967
Emmunuel Model Secondary,SEC,Central Equatoria,Yei River,4.517129816,30.60963066
El Muktar Girls Secondary School,SEC,Western Bahr el Ghazal,Wau,7.727517,27.988501
Eastern Bank Complex Primary,PRI,Western Bahr el Ghazal,Jur River,7.694476,28.12680056
E.C.S.Sunday Basic School (ECS),PRI,Upper Nile,Malut,10.4416,32.199883
E.C.S Rumbek One Primary School,PRI,Lakes,Rumbek Centre,6.684372167,29.4582385
Wunlem Primary School,PRI,Jonglei,Piji,9.2296,31.745701
ECS Primary School,PRI,Jonglei,Pibor,6.8029632,33.1299904
Equatorial College,SEC,Central Equatoria,Yei River,4.517129816,30.60963066
Mother Teresa Primary School,PRI,Warrap,Twic,9.125,28.407499
Kuer Diek Primary School,PRI,Jonglei,Uror (Wunror),8.031083333,31.96098933
Kuermock Primary School,PRI,Unity,Rubkona,9.19501,29.76363
Kuertur Primary School,PRI,Unity,Rubkona,9.195026667,29.763647
El Salaam Private S. S,SEC,Western Bahr el Ghazal,Wau,7.950166207,28.06916507
Maina Primary School,PRI,Upper Nile,Renk,11.206586,32.75948267
El Salaam S. S,SEC,Western Bahr el Ghazal,Wau,7.950166207,28.06916507
Majok Primary School,PRI,Northern Bahr el Ghazal,Aweil South,8.8968332,27.8366772
Africa Arise Primary School,PRI,Eastern Equatoria,Magwi,3.77148696,32.1434993
Faustino Puok Majok Primary,PRI,Unity,Mayom,9.048005667,29.09198833
Fatina Fokru Secondary School,SEC,Central Equatoria,Juba,4.8330266,31.6651966
Wunkuel Primary School.,PRI,Warrap,Tonj North,8.034567,29.197201
Nyathor Primary School,PRI,Upper Nile,Ulang,10.27941861,32.65857108
Firka Primary School,PRI,Western Bahr el Ghazal,Raja,8.475834667,25.55363042
Wunliet Primary,PRI,Unity,Koch,8.718042,29.6765585
Rumwel Primary School,PRI,Northern Bahr el Ghazal,Aweil East,8.0064,28.66
Nyathoar Primary School.,PRI,Unity,Guit,9.3142,30.009083
Agaak Primary School,PRI,Jonglei,Piji,9.2294,31.163
Gameth Waluak Primary,PRI,Jonglei,Bor,6.4095,31.5744
Giada Boys primary,PRI,Upper Nile,Malakal,9.527317,31.654318
Gateway Senior Secondary School,SEC,Northern Bahr el Ghazal,Aweil Town,8.7660532,27.3341302
Gbwu-Gbwu Primary,PRI,Eastern Equatoria,Magwi,3.580679354,32.08492622
Gborokorong Primary School,PRI,Central Equatoria,Morobo,3.7136,30.9443
Gerbanat Basic School,PRI,Upper Nile,Renk,12.037567,33.029366
Magbuka Community Girls School,PRI,Western Equatoria,Yambio,4.704790889,28.70675544
Gbawuru Primary School,PRI,Lakes,Wulu,6.797332216,29.99964754
Gachreng Primary School,PRI,Upper Nile,Nasir,8.89965,33.027985
Kassia Community Girls School,PRI,Western Equatoria,Yambio,4.704790889,28.70675544
PonyJal Primary,PRI,Upper Nile,Maiwut,8.63915,33.8339
Agada Primary School,PRI,Jonglei,Pochalla,7.151367,33.860218
Good Shepherd Basic School (PCOS),PRI,Upper Nile,Malut,10.437217,32.193684
Gudhuec Primary School.,PRI,Northern Bahr el Ghazal,Aweil East,9.0403,27.6637
Gezira Koat Primary,PRI,Unity,Rubkona,9.2803,29.7938
Gieda Girls school,PRI,Upper Nile,Malakal,9.527407727,31.65685009
GuelGuk Primary,PRI,Upper Nile,Longchok,9.2500915,33.479416
Gabat East primary,PRI,Central Equatoria,Lainya,4.361821769,30.92252185
Geiger everning primary,PRI,Upper Nile,Renk,12.0188,32.818199
Malakal El Gezira Primary School,PRI,Upper Nile,Malakal,9.547433,31.63665
Agugo Primary School,PRI,Warrap,Tonj South,6.9815,28.716066
Gieger Secondary School,SEC,Upper Nile,Renk,11.989367,32.759018
Gugumaba Primary School,PRI,Western Bahr el Ghazal,Wau,7.2927,27.952299
Rikito Community Primary School,PRI,Western Equatoria,Yambio,4.594,28.4638
Good Hope Primary School,PRI,Unity,Rubkona,9.166654167,29.76707308
Green Hill Primary,PRI,Central Equatoria,Juba,4.98589713,31.67994678
Kirika Girls Primary School,PRI,Jonglei,Pibor,6.80192475,33.13068775
Nyatew primary,PRI,Upper Nile,Ulang,10.27941861,32.65857108
Gatkuoth Kam Primary School,PRI,Unity,Rubkona,9.166654167,29.76707308
Agak Primary School,PRI,Jonglei,Piji,9.32229,31.5898332
Gak Primary,PRI,Warrap,Tonj North,8.690844667,28.57242767
Gak Primary School,PRI,Jonglei,Bor,6.159733,31.728783
Guk Primary School,PRI,Unity,Koch,8.628871,29.9866585
Malek Gok Primary School,PRI,Lakes,Cueibet,6.962057615,29.50787562
Gokanuor Primary School,PRI,Northern Bahr el Ghazal,Aweil North,9.1114,26.6966
Gelachol Primary,PRI,Upper Nile,Baliet,9.101583,32.374817
Guol Primary,PRI,Upper Nile,Ulang,10.27941861,32.65857108
Guol Primary School,PRI,Unity,Koch,8.535733,30.028618
Gollocombine Primary School.,PRI,Upper Nile,Fashoda,9.959933,32.153618
Gangleat Primary School,PRI,Unity,Koch,8.5035,30.975134
Gambella Primary,PRI,Upper Nile,Longchok,9.301442,33.5941335
Giama Primary,PRI,Unity,Rubkona,9.1666,29.767
Gum Primary School,PRI,Upper Nile,Nasir,8.827633,33.006832
Gumriak Primary School,PRI,Unity,Ruweng,9.63255,30.26675
Wuring Primary,PRI,Upper Nile,Baliet,9.2765,32.074467
Gumriak,PRI,Jonglei,Piji,9.1428,31.753117
Gany Primary School,PRI,Unity,Koch,8.47705,30.958151
Guenom Primary School,PRI,Upper Nile,Nasir,8.949667,32.929516
Ginana Primary School,PRI,Central Equatoria,Juba,4.8529,31.5564
Guenye Primary School,PRI,Upper Nile,Nasir,8.6575615,33.11169173
Guiy Primary School,PRI,Unity,Rubkona,9.19503,29.763651
Gunmooch Primary School,PRI,Upper Nile,Nasir,8.6344335,33.235075
Ganwat Primary School,PRI,Upper Nile,Manyo,11.012,32.52
Good sheperd Presbyterian Basic,PRI,Upper Nile,Malakal,9.523417,31.65535
Ogod West Primary,PRI,Upper Nile,Malakal,9.394183,31.584417
Good Shepherd Secondary,SEC,Upper Nile,Malut,10.0911,32.352299
Garrison Primary School,PRI,Western Equatoria,Nagero,6.37968,27.7684632
Good Shepherd Primary School,PRI,Northern Bahr el Ghazal,Aweil North,9.180385,26.94400482
OgotEast primary,PRI,Upper Nile,Malakal,9.394183,31.584417
Goz Fami Basic School,PRI,Upper Nile,Renk,11.925267,32.873348
Garam Rum Primary,PRI,Northern Bahr el Ghazal,Aweil East,8.99374,27.4690836
Ngap primary school,PRI,Lakes,Yirol West,6.5487066,30.4920466
Agor Bar Primary School,PRI,Lakes,Awerial,6.5190366,30.9980864
Gor Primary School,PRI,Unity,Koch,8.638717,29.968718
Gordhim Comboni Primary School,PRI,Northern Bahr el Ghazal,Aweil East,8.987983,27.59305
Greenland Secondary,SEC,Eastern Equatoria,Magwi,3.77148696,32.1434993
Grinti Secondary,SEC,Western Bahr el Ghazal,Wau,7.733267,27.991333
Garison Primary School,PRI,Western Equatoria,Nagero,6.37968,27.7684632
GuirngutongPrimary School,PRI,Upper Nile,Nasir,8.76864175,33.08151725
Gurnyang Primary School,PRI,Upper Nile,Nasir,8.696967,33.395134
Gurwal primary,PRI,Upper Nile,Ulang,10.27941861,32.65857108
Gap Primary School,PRI,Unity,Koch,8.43595,30.914949
Gotongo School,PRI,Western Bahr el Ghazal,Jur River,8.0072,27.7342
Galanju SDA Primary School,PRI,Western Equatoria,Mundri East,5.252880583,30.50908325
Good Shephered Presbyterian Secondary,SEC,Upper Nile,Malakal,9.527407727,31.65685009
Gulele Secondary School,SEC,Central Equatoria,Juba,4.853290368,31.55675447
Gateway Primary School,PRI,Northern Bahr el Ghazal,Aweil Town,8.769628,27.39880567
Guit Primary,PRI,Unity,Guit,9.10797,30.037439
Guit Secondary,SEC,Unity,Guit,9.0345,29.986099
Gut- Thom Primary School,PRI,Lakes,Awerial,6.4015,31.165667
 Lobwaye Primary School,PRI,Eastern Equatoria,Ikotos,4.287883333,33.18261233
Aguerdiet primary,PRI,Warrap,Gogrial West,7.755077667,28.191147
Agukrot Primary School,PRI,Warrap,Tonj South,7.3075,28.7107165
Paguong primary school,PRI,Jonglei,Ayod,8.311875,31.2529655
Aguoth Primary school,PRI,Northern Bahr el Ghazal,Aweil East,9.2321,27.666901
Guukic Upper Primary School,PRI,Northern Bahr el Ghazal,Aweil East,9.0519,27.373899
Wunbut Primary School,PRI,Upper Nile,Ulang,10.27941861,32.65857108
Gawjal Primary,PRI,Unity,Guit,9.034502833,29.98610483
Goweng Primary,PRI,Upper Nile,Ulang,10.27941861,32.65857108
Gabaat west primary,PRI,Central Equatoria,Lainya,4.361821769,30.92252185
Guiy Primary School,PRI,Unity,Guit,9.16645,29.908667
Guiy Primary School (2),PRI,Jonglei,Uror (Wunror),8.1865968,32.030403
Humanitarian Akobo primary school,PRI,Jonglei,Akobo,7.809778571,33.01718857
Hamdan Bin Rashid Secondary School,SEC,Upper Nile,Malakal,9.527407727,31.65685009
Bieh Primary School,PRI,Unity,Rubkona,9.166654167,29.76707308
Obor Primary School,PRI,Jonglei,Akobo,7.67821025,32.77773513
Omaro Primary school,PRI,Upper Nile,Manyo,11.724483,32.772732
Herald Academy IDP Primary School,PRI,Central Equatoria,Juba,4.8330266,31.6651966
Hai Elmater Complex primary,PRI,Upper Nile,Malakal,9.519844667,31.64543267
Milestone Primary School,PRI,Eastern Equatoria,Magwi,3.831602833,31.958733
Warweng Primary School,PRI,Upper Nile,Longchok,8.994467,33.512867
Wunkiir,PRI,Jonglei,Piji,9.2297,31.745701
um-dulus Primary,PRI,Upper Nile,Renk,12.01881392,32.81814275
Rumdier Primary School,PRI,Northern Bahr el Ghazal,Aweil East,9.2908534,27.692356
Hilieu Hill Seal Primary School,PRI,Eastern Equatoria,Torit,4.41179,32.627041
Haam Primary,PRI,Jonglei,Ayod,8.363683,31.3535575
Hamdok Primary,PRI,Upper Nile,Renk,11.995267,32.761333
Nhomalau Primary School,PRI,Unity,Ruweng,9.917277833,29.98103933
Hope Nursery and Primary School,PRI,Central Equatoria,Juba,4.853290368,31.55675447
Hongkou Primary,PRI,Northern Bahr el Ghazal,Aweil North,9.1330766,27.1597499
Hoor Primary School,PRI,Lakes,Awerial,6.280667,31.0495
Hope For Sudan Primary School,PRI,Eastern Equatoria,Kapoeta South,5.067633,33.5784
Ponypiot,PRI,Jonglei,Piji,9.32229,31.5898332
Heap Primary School,PRI,Unity,Guit,9.1285335,30.03817635
Hope Primary,PRI,Upper Nile,Malakal,9.527407727,31.65685009
Mentor Nursery and Primary School,PRI,Central Equatoria,Juba,4.8535,31.5569
Hai-Salam primary,PRI,Upper Nile,Malakal,9.527407727,31.65685009
Hai police primary,PRI,Central Equatoria,Lainya,4.361821769,30.92252185
Hasimoro Primary School,PRI,Eastern Equatoria,Magwi,3.76308,32.166531
Hart primary,PRI,Upper Nile,Ulang,10.27941861,32.65857108
khor Hajar primary school,PRI,Western Bahr el Ghazal,Raja,8.475834667,25.55363042
Hat Primary,PRI,Upper Nile,Longchok,9.022392,33.4701575
Khat Primary School,PRI,Unity,Guit,9.034502833,29.98610483
Hai Tenmia primary,PRI,Upper Nile,Malakal,9.51395825,31.659659
Ahou Primary school,PRI,Lakes,Awerial,6.5190366,30.9980864
Nyangore Primary School,PRI,Upper Nile,Maiwut,8.63915,33.8339
Wunthoou Primary School,PRI,Lakes,Awerial,6.188983,31.474016
Hong Wet Jok Primary School,PRI,Northern Bahr el Ghazal,Aweil West,8.720585,27.29911044
Nyinthok,PRI,Jonglei,Piji,9.3223,31.5898
Nigel Primary,PRI,Jonglei,Bor,6.4996,31.049
Thon Primary,PRI,Unity,Koch,8.718042,29.6765585
Malou-Abiem Primary School,PRI,Warrap,Tonj North,7.9582934,28.3911568
Irpiro Ophans primary,PRI,Western Equatoria,Yambio,4.5938,28.4636
Irret Primary School,PRI,Jonglei,Pibor,6.8029632,33.1299904
International Vision Primary,PRI,Eastern Equatoria,Torit,4.4061983,32.575492
Majak Primary School,PRI,Unity,Panyinjiar,7.8603,30.357883
Juo-awan Primary School,PRI,Northern Bahr el Ghazal,Aweil Centre,7.17003325,28.31417525
Juba Commercial T.T.U Secondary School,SEC,Central Equatoria,Juba,4.9859,31.68
Juba Girls T.T.U Secondary School,SEC,Central Equatoria,Juba,5.448667,31.750717
Juba II Primary School,PRI,Warrap,Tonj East,7.8203068,29.409353
Ajobie Primary School,PRI,Jonglei,Pochalla,7.151367,33.860218
Juach Primary School,PRI,Unity,Rubkona,9.2803956,29.79389653
Nyuarweng primary,PRI,Upper Nile,Maiwut,8.6017375,33.9518585
Jolclei Primary School,PRI,Lakes,Rumbek East,6.5289415,30.033434
Juba Day TTU Secondary School,SEC,Central Equatoria,Juba,4.98589713,31.67994678
Jude Primary School,PRI,Central Equatoria,Yei River,4.517129816,30.60963066
Jie Primary School,PRI,Eastern Equatoria,Kapoeta East,4.49973,34.08289
Jeberona IDP primary school,PRI,Central Equatoria,Juba,4.8330266,31.6651966
Jer Akol Primary,PRI,Northern Bahr el Ghazal,Aweil East,9.1706,27.382401
Ajieth Primary School,PRI,Northern Bahr el Ghazal,Aweil South,8.784472333,27.66910633
John Garang Primary School,PRI,Lakes,Rumbek Centre,6.54314575,29.562691
Monari Primary School,PRI,Western Equatoria,Maridi,4.993398333,29.41142376
Jaguor Primary School.,PRI,Unity,Mayiandit,8.31353,30.02688
Jaak Primary,PRI,Unity,Koch,8.784517,30.149599
Joke primary,PRI,Upper Nile,Ulang,10.27941861,32.65857108
Jok Rial 1 Primary,PRI,Jonglei,Uror (Wunror),8.024033333,32.009578
Jonkok Basic Primary School,PRI,Central Equatoria,Terekeka,5.5286875,31.3140875
Majok Amuol Primary School,PRI,Warrap,Twic,9.124935471,28.40741571
Juma Koyango Primary,PRI,Western Bahr el Ghazal,Wau,7.950166207,28.06916507
Jalcak Primary School,PRI,Jonglei,Bor,6.288342857,31.69537614
Jelhak Integrated S. School,SEC,Upper Nile,Renk,11.206586,32.75948267
Joljo Primary School,PRI,Lakes,Cueibet,9.7624,31.953617
Wunhol Primary School,PRI,Upper Nile,Maiwut,8.6017375,33.9518585
Jangok Primary School,PRI,Upper Nile,Longchok,9.050317,33.427448
Juong Primary School,PRI,Upper Nile,Nasir,8.827633,33.006832
Jinkwota Primary School,PRI,Upper Nile,Maban,10.01350714,33.77117914
Ajiengo Primary School,PRI,Jonglei,Pochalla,7.095366667,34.168116
Maker Jiel Primary School,PRI,Northern Bahr el Ghazal,Aweil West,8.720585,27.29911044
Joshua Dei Wang primary,PRI,Upper Nile,Malakal,9.519844667,31.64543267
Wunchuei Primary School,PRI,Warrap,Tonj East,8.01585,29.444033
Joluaw Primary School,PRI,Northern Bahr el Ghazal,Aweil Centre,4.847833,31.589083
Nyarkueth Primary School,PRI,Upper Nile,Ulang,10.27941861,32.65857108
Jarangala primary,PRI,Western Equatoria,Mundri West,5.386698222,30.26264278
Joor Primary School,PRI,Lakes,Cueibet,7.1184,29.233999
Jorbioch Primary School,PRI,Northern Bahr el Ghazal,Aweil North,9.1115,26.696699
Jor Primary School,PRI,Central Equatoria,Terekeka,5.509633,31.711033
Jerusalem Primary School,PRI,Upper Nile,Maiwut,8.6017375,33.9518585
Jur River Primary School,PRI,Western Bahr el Ghazal,Jur River,7.694476,28.12680056
Jarweng Primary School,PRI,Jonglei,Bor,6.167233,31.557917
Juba Day Secondary School,SEC,Central Equatoria,Juba,4.98589713,31.67994678
Jesus Shepard Primary School,PRI,Upper Nile,Malakal,9.394183,31.584417
Juitjuit Primary School,PRI,Lakes,Rumbek North,7.2154,29.674
Nyijwado Primary School.,PRI,Upper Nile,Panyikang,9.378062,31.53763533
Juba Technical TTU Secondary School,SEC,Central Equatoria,Juba,4.98589713,31.67994678
Ajuba Primary School,PRI,Upper Nile,Baliet,9.291867,32.0376665
Juba One Girls Primary School,PRI,Central Equatoria,Juba,4.98589713,31.67994678
Maju Basic School,PRI,Western Bahr el Ghazal,Wau,7.7498,27.6364
Jesus the Shepherd Primary School,PRI,Upper Nile,Fashoda,9.959933,32.153618
Pulluah Primary School,PRI,Unity,Mayiandit,8.16985,30.055817
Kor Banat primary,PRI,Central Equatoria,Lainya,4.3618,30.922501
Kuerthoah Primary School,PRI,Unity,Guit,9.3142,30.0091
Koloma Primary,PRI,Upper Nile,Ulang,10.27941861,32.65857108
Kaka Girls primary,PRI,Upper Nile,Manyo,11.0119,32.52
Kaka Basic,PRI,Upper Nile,Manyo,11.2904,32.619999
Koank Primary School,PRI,Unity,Mayom,9.028783,28.935801
Akayiechprimary,PRI,Jonglei,Bor,6.4095,31.5744
Kodok Boys Primary,PRI,Upper Nile,Fashoda,9.959933,32.153618
Kuer Buai Primary,PRI,Jonglei,Old Fangak,8.930733,30.742382
Keach Primary School,PRI,Upper Nile,Ulang,10.27941861,32.65857108
Kechpii Primary School.,PRI,Jonglei,Nyirol (Diror),8.386448,32.1091674
Kuac Primary School,PRI,Unity,Guit,9.0345,29.986099
Kuach Primary School,PRI,Unity,Guit,8.902567,30.063566
Kaka Complex Secondary School,SEC,Upper Nile,Manyo,11.012,32.52
Kuich Primary School,PRI,Upper Nile,Ulang,10.27941861,32.65857108
Kactong Primary School,PRI,Jonglei,Uror (Wunror),8.059691722,31.98400461
Kodok Girls Basic School,PRI,Upper Nile,Fashoda,9.959933,32.153618
Kodok Secondary School,SEC,Upper Nile,Fashoda,9.959933,32.153618
St. Peter Complex Primary School,PRI,Upper Nile,Fashoda,9.959933,32.153618
Kodiet Secondary,SEC,Upper Nile,Renk,11.73422268,32.82643359
Kuerchuor Primary School.,PRI,Unity,Guit,9.1811,30.1066
Kuembor Primary School,PRI,Upper Nile,Longchok,9.0283585,33.4980755
Kuer Pon Primary School,PRI,Jonglei,Old Fangak,9.105458333,30.73948017
Kuertet Primary School,PRI,Jonglei,Old Fangak,8.938322333,30.73224967
Kuler Primary,PRI,Unity,Koch,8.466883,30.10355
 KUEV-BACH PRIMARY SCHOOL,PRI,Warrap,Tonj East,7.82403325,29.26314175
K5 Basic School,PRI,Upper Nile,Renk,12.0189,32.818199
Kigile Primary School,PRI,Upper Nile,Maiwut,8.68785,34.026833
Kondial Private Church,PRI,Unity,Rubkona,9.1667,29.7672
Kugi Nursery and primary school,PRI,Central Equatoria,Juba,4.853290368,31.55675447
Kuerenge Primary School,PRI,Upper Nile,Nasir,8.561017,33.088032
Kholchur Primary School,PRI,Jonglei,Piji,9.238217,31.168167
Kholiet Primary School,PRI,Jonglei,Piji,9.2322,31.121367
Khorfulus Primary School,PRI,Jonglei,Piji,9.3116,31.593134
Khormalang Primary,PRI,Western Bahr el Ghazal,Wau,7.749816571,27.63635471
Khorwach Primary School,PRI,Jonglei,Piji,9.2419,31.194633
Khor Ajer Primary School,PRI,Western Bahr el Ghazal,Raja,7.8769,26.5599
Khat Primary School,PRI,Unity,Guit,9.0345,29.986099
Upuo Primary School,PRI,Eastern Equatoria,Lafon,4.79465,32.465881
Kodok IDP Primary School,PRI,Upper Nile,Fashoda,9.959933,32.153618
Kuerguine Primary,PRI,Unity,Guit,9.1811,30.1066
Kajokeji High Secondary school,SEC,Central Equatoria,Kajo-Keji,3.898199273,31.62598939
Kiech II Primary School,PRI,Upper Nile,Nasir,8.949667,32.929516
Korwai Primary School,PRI,Jonglei,Ayod,8.363683,31.3535575
Konbeek Mixed Primary School,PRI,Jonglei,Bor,6.269433,31.690233
Kuajiena Secondary School,SEC,Western Bahr el Ghazal,Jur River,7.298895286,28.38646386
kejijuba Primary School,PRI,Central Equatoria,Terekeka,5.309383,31.751699
Kuerjech Primary,PRI,Jonglei,Ayod,7.956,31.439667
Kochkoch Primary School,PRI,Unity,Mayom,9.028783,28.935801
Koat kel Primary School,PRI,Upper Nile,Maiwut,8.6017375,33.9518585
Konge kongo Primary School,PRI,Central Equatoria,Morobo,3.686521259,30.81149592
Kings Primary School,PRI,Central Equatoria,Morobo,3.713572167,30.94429167
Kiech Kuon I Primary School,PRI,Upper Nile,Nasir,8.949667,32.929516
Kimba Girls Community School,PRI,Central Equatoria,Morobo,3.713572167,30.94429167
Kukango Primary School,PRI,Central Equatoria,Yei River,4.5172,30.609699
Thor Primary School,PRI,Unity,Mayiandit,8.32905,29.955633
Kwor Primary School,PRI,Unity,Rubkona,9.178843824,29.75526433
Kuckyian primary school,PRI,Jonglei,Ayod,8.311875,31.2529655
Kalabong Primary School,PRI,Eastern Equatoria,Ikotos,4.28787,33.182598
Kali,PRI,Eastern Equatoria,Budi,4.384568525,32.86773956
Kaljaak Primary School,PRI,Unity,Rubkona,9.2545,29.792999
Kalthok Primary School,PRI,Lakes,Awerial,6.882767,31.574432
KalKur Primary,PRI,Warrap,Tonj South,7.491375348,28.94489365
Kilo-Seven Primary School,PRI,Lakes,Cueibet,6.849517,29.225967
Kolang Primary School,PRI,Upper Nile,Renk,12.0188,32.8181
Kolangap Primary,PRI,Northern Bahr el Ghazal,Aweil North,9.1271,26.772867
Kalita Primary,PRI,Upper Nile,Ulang,10.27941861,32.65857108
Koldeng,PRI,Jonglei,Piji,9.117167,31.749701
Kolmarek Primary School,PRI,Jonglei,Bor,6.619667,31.515232
Kolnyang Primary School,PRI,Jonglei,Bor,6.137283,31.7337
Kamic Primary School,PRI,Lakes,Awerial,6.5190366,30.9980864
Kumkei Lower Primary School,PRI,Northern Bahr el Ghazal,Aweil Centre,10.32605,32.563232
Khar Buga Community Primary School,PRI,Western Bahr el Ghazal,Raja,8.4759,25.553699
Kaming Primary School,PRI,Lakes,Wulu,6.797332216,29.99964754
Kuel Primary School,PRI,Upper Nile,Baliet,9.2765,32.074467
Kanyawal primary,PRI,Central Equatoria,Terekeka,5.59557,31.34726
Kanynhial Primary School,PRI,Unity,Panyinjiar,7.77895,30.117884
Kenyira Primary School,PRI,Central Equatoria,Yei River,3.87315,30.8235
Kings College,SEC,Central Equatoria,Yei River,4.5172,30.609699
Kon-Cibek Basic School,PRI,Northern Bahr el Ghazal,Aweil East,9.007583,27.6292
Kong Primary School,PRI,Unity,Ruweng,9.837983,30.026217
Kanyaji Primary School,PRI,Upper Nile,Maban,9.931767,33.693184
Koat Nyakoang Primary,PRI,Jonglei,Old Fangak,9.3455105,30.762006
Kuernori Primary School,PRI,Jonglei,Uror (Wunror),8.024033333,32.009578
Kuerthuom Primary School,PRI,Jonglei,Uror (Wunror),8.059691722,31.98400461
Kulo Primary,PRI,Western Bahr el Ghazal,Jur River,7.298895286,28.38646386
Kuanyrow Primary School,PRI,Unity,Guit,9.1811,30.1066
Kapaat1 Primary School,PRI,Jonglei,Bor,6.293233,31.680134
Kuch Primary School,PRI,Unity,Rubkona,9.25455,29.792999
Koap Primary School.,PRI,Jonglei,Uror (Wunror),8.031083333,31.96098933
Kopuot Primary School,PRI,Upper Nile,Nasir,8.827633,33.006832
Kpelikiri Primary School,PRI,Western Equatoria,Mvolo,6.84119,30.757971
Kapkoang Primary School,PRI,Jonglei,Uror (Wunror),8.1865968,32.030403
Kpanangbara Primary School,PRI,Western Equatoria,Nagero,6.37968,27.7684632
Kopuot Primary,PRI,Upper Nile,Baliet,9.291867,32.0376665
Makpandu 2 Primary School,PRI,Western Equatoria,Yambio,4.7048,28.7068
Kporokele Secondary School,SEC,Central Equatoria,Yei River,4.398147875,30.23400825
Akuor Secondary,SEC,Warrap,Twic,9.135366667,28.50899267
Keer Primary,PRI,Jonglei,Ayod,8.132405667,31.309094
Kerchoat Primary,PRI,Upper Nile,Ulang,10.27941861,32.65857108
Kier Primary School,PRI,Jonglei,Akobo,7.95785,33.012981
Kier Primary School,PRI,Upper Nile,Nasir,8.785317,33.040085
Kierwan Primary School,PRI,Upper Nile,Nasir,8.827633,33.006832
Kor - Ardep Primary School,PRI,Jonglei,Pibor,6.8029632,33.1299904
Kuer Guan-Nyabil Primary School,PRI,Jonglei,Uror (Wunror),7.94255,31.900017
Akorwa Primary,PRI,Upper Nile,Manyo,10.756317,32.297268
Kuerbiey Primary School,PRI,Jonglei,Old Fangak,9.372467,30.761999
Kuerbouna Primary School,PRI,Unity,Mayom,9.223717,29.1651
Kingstone Seconday,SEC,Northern Bahr el Ghazal,Aweil East,9.232047571,27.66688586
Kuang Primary School.,PRI,Unity,Mayiandit,8.313533333,30.02688333
Khan Primay School,PRI,Jonglei,Piji,9.2296534,31.745704
KUI Primary School,PRI,Central Equatoria,Terekeka,5.52555,31.544649
Kur lueth Secondary,SEC,Warrap,Tonj South,7.491375348,28.94489365
Kapoeta South Secondary,SEC,Eastern Equatoria,Kapoeta South,4.697,33.610802
Akotdit Primary School.,PRI,Warrap,Tonj North,8.046883,28.88685
Katen Primary School,PRI,Upper Nile,Maiwut,8.68785,34.026833
Ketbek Primary School.,PRI,Upper Nile,Nasir,8.554355667,33.12656167
Keth Primary,PRI,Jonglei,Nyirol (Diror),8.48809575,31.91523725
Ketpiol Basic School,PRI,Upper Nile,Renk,11.29855,32.664799
Koat Primary,PRI,Upper Nile,Ulang,10.27941861,32.65857108
Koat Primary,PRI,Unity,Koch,8.526840429,30.54233386
Koat Primary,PRI,Jonglei,Nyirol (Diror),8.1915,32.132999
Koat Primary School,PRI,Upper Nile,Nasir,8.651967,33.10955
Koat Primary School,PRI,Unity,Mayiandit,8.374583,30.076567
Kueu Lights Academy Primary,PRI,Eastern Equatoria,Kapoeta South,4.69700825,33.6108095
Akuem/Awai-Nhom Primary School,PRI,Northern Bahr el Ghazal,Aweil East,8.99374,27.4690836
Kuany Lual Thor Primary School,PRI,Upper Nile,Ulang,10.27941861,32.65857108
Kuem Rony Primary School,PRI,Jonglei,Old Fangak,9.35325,30.718733
Kuor Tong Primary School,PRI,Jonglei,Akobo,9.291333,29.786617
Kuit Primary School,PRI,Unity,Koch,8.541683,30.980917
Kuomkou Primary School,PRI,Northern Bahr el Ghazal,Aweil East,9.0534,27.761499
Kuach Nyanga Primary School,PRI,Upper Nile,Nasir,8.6344335,33.235075
Kavachoch Primary School,PRI,Jonglei,Pibor,6.80192475,33.13068775
Kew Primary,PRI,Jonglei,Nyirol (Diror),8.1915,32.132999
Okaw Primary,PRI,Jonglei,Akobo,7.809778571,33.01718857
Okwer Primary School,PRI,Jonglei,Akobo,7.743083,33.266918
Kwajok Secondary school,SEC,Warrap,Gogrial West,7.755077667,28.191147
Koro-Kago Communiy School,PRI,Western Equatoria,Mundri East,5.6656,30.657101
Kuel Yesio Primary,PRI,Central Equatoria,Terekeka,5.309383,31.751699
Konyrot Yikong Primary,PRI,Warrap,Tonj South,7.212461167,28.65363917
Kenway Primary School,PRI,Upper Nile,Maban,9.931767,33.693184
Nyayin Primary,PRI,Upper Nile,Ulang,10.27941861,32.65857108
Kalusi Primary School,PRI,Western Equatoria,Maridi,5.3099832,29.598337
Nyelcier Primary,PRI,Unity,Guit,9.1285335,30.03817635
Laadow Primary School,PRI,Jonglei,Uror (Wunror),8.059691722,31.98400461
Luang-Wien,PRI,Upper Nile,Nasir,8.76864175,33.08151725
Lam Primary School,PRI,Western Equatoria,Mvolo,6.84122,30.757999
Belawich Primary School,PRI,Jonglei,Piji,9.1246,31.746834
Labang Primary School,PRI,Unity,Ruweng,9.8475,30.184299
Libya Basic School (Morning),PRI,Central Equatoria,Juba,4.8535,31.5569
Longiro Basic Primary School,PRI,Eastern Equatoria,Lafon,4.768817,32.632969
Albushara Primary School,PRI,Upper Nile,Manyo,11.5366,32.469898
Liech Primary School,PRI,Unity,Rubkona,9.1666,29.767
Liech Secondary School,SEC,Unity,Koch,8.628871,29.9866585
Langic Primary School,PRI,Northern Bahr el Ghazal,Aweil West,8.7788,27.3106005
Malek Biet Primary School,PRI,Northern Bahr el Ghazal,Aweil East,9.0706,27.455999
Lemo Complex Primary School,PRI,Upper Nile,Fashoda,9.959933,32.153618
Liep Gok Primary School,PRI,Unity,Mayom,9.223717,29.1651
Alel Primary School,PRI,Upper Nile,Panyikang,9.377683,31.584316
Alenger Primary,PRI,Lakes,Rumbek North,7.215414889,29.67398689
Loguni Primary,PRI,Central Equatoria,Morobo,3.828363833,30.722275
Leah,PRI,Unity,Koch,8.576233,29.923
Leah Primary School,PRI,Unity,Leer,8.396233667,30.14911667
Leah Primary School,PRI,Unity,Mayiandit,8.3941,30.0825
Lohucha,PRI,Eastern Equatoria,Budi,4.384568525,32.86773956
Lohilawaca Primary School,PRI,Eastern Equatoria,Torit,4.4117825,32.62703325
Libya Basic Schol,PRI,Central Equatoria,Juba,4.859883,31.572283
Loang Lieth Primary School,PRI,Unity,Mayiandit,8.331,30.0433915
Wunlaac Primary,PRI,Warrap,Tonj East,7.7017398,28.9292266
LUJULO SECONDARY SCHOOL,SEC,Central Equatoria,Morobo,3.706216667,30.71054278
Alek Primary School,PRI,Northern Bahr el Ghazal,Aweil East,8.995783,27.7638
Lokuma Primary School,PRI,Eastern Equatoria,Kapoeta East,4.49973,34.08289
Lokiding,PRI,Eastern Equatoria,Budi,4.384568525,32.86773956
Luakkok Primary School,PRI,Jonglei,Akobo,8.25105825,32.20035725
Lekuangole Primary School,PRI,Jonglei,Pibor,6.807117,33.127201
Luakping Primary School,PRI,Upper Nile,Nasir,8.728367,33.035217
Lukurnyang Primary School,PRI,Jonglei,Pibor,6.799683,33.131767
Lekuangole Girls P/S,PRI,Jonglei,Pibor,6.807117,33.127201
Alilang Primary School,PRI,Unity,Ruweng,4.4421,30.266729
Alali Primary School,PRI,Jonglei,Akobo,7.742817,33.266731
Leila Academic Primary,PRI,Upper Nile,Malut,10.091,32.352299
Lel Primary,PRI,Upper Nile,Ulang,10.27941861,32.65857108
Lele Primary,PRI,Unity,Ruweng,9.225017,30.1667
Lelo Primary,PRI,Upper Nile,Malakal,9.547433,31.63665
Liliir Primary School,PRI,Jonglei,Bor,6.59655,31.527884
Lolnyang Primary Aschool,PRI,Upper Nile,Maiwut,8.6017375,33.9518585
Lualeyak Primary School,PRI,Upper Nile,Nasir,8.6575615,33.11169173
Luel Primary School,PRI,Upper Nile,Ulang,10.27941861,32.65857108
Lul I Primary School,PRI,Upper Nile,Fashoda,9.728433,31.858982
Illyangari,PRI,Central Equatoria,Juba,4.8367,31.6092
Alam Primary School,PRI,Jonglei,Piji,9.23515,31.158899
Lomorwo Primary School,PRI,Eastern Equatoria,Torit,4.559886167,32.5946115
Langbar A Primary,PRI,Jonglei,Bor,6.4996,31.049
Lange Primary,PRI,Jonglei,Akobo,7.723,30.335318
Langkey primary,PRI,Upper Nile,Maiwut,8.6017375,33.9518585
Linylok Primary,PRI,Upper Nile,Nasir,8.949667,32.929516
Loang Primary,PRI,Unity,Koch,8.816333,29.778633
Longchok Secondary,SEC,Upper Nile,Longchok,9.03295,33.490932
Longelet Primary School,PRI,Eastern Equatoria,Torit,4.5599,32.594601
Alooch Primary School,PRI,Unity,Ruweng,9.436021,30.2334125
Liorli Primary School,PRI,Unity,Ruweng,9.9213,30.1446
Losok Primary School,PRI,Eastern Equatoria,Torit,4.41179,32.627041
Aliap Primary School,PRI,Unity,Ruweng,9.436,30.2334
Lul 2 Primary School,PRI,Upper Nile,Fashoda,9.728433,31.858982
Loputu Primary,PRI,Central Equatoria,Terekeka,5.5286875,31.3140875
Aloor Primary School,PRI,Lakes,Rumbek North,7.710683,29.715851
Lierbany Primary School,PRI,Jonglei,Uror (Wunror),8.059691722,31.98400461
Alsalam primary,PRI,Upper Nile,Malakal,9.519844667,31.64543267
Losou Primary School,PRI,Eastern Equatoria,Lafon,4.789627833,32.6584415
Alshaid Abdusalam Basic School.,PRI,Upper Nile,Manyo,11.5366,32.470001
Alsalam Girls Basic Primary,PRI,Upper Nile,Renk,11.7343,32.826599
Long - Ajak Primary School,PRI,Northern Bahr el Ghazal,Aweil North,9.136,27.258301
Limuro Secondary School,SEC,Central Equatoria,Lainya,4.3365,31.122999
Lun Primary School,PRI,Central Equatoria,Yei River,3.964867,30.81525
Let Primary School,PRI,Jonglei,Old Fangak,8.938322333,30.73224967
Loathjuat Primary School,PRI,Unity,Mayom,9.088242429,29.14095971
LatJor Primary,PRI,Upper Nile,Nasir,8.6122,33.058449
Lueth Primary School,PRI,Upper Nile,Nasir,8.581533,33.189835
Little Angle Primary,PRI,Jonglei,Bor,6.4996,31.049
Lutjop Primary,PRI,Unity,Guit,9.185683,30.065083
Liteok Primary School,PRI,Unity,Mayom,9.223717,29.1651
Luigi Adwok Secondary,SEC,Upper Nile,Malakal,9.527407727,31.65685009
Alueel Primary School,PRI,Northern Bahr el Ghazal,Aweil South,8.719883,27.823217
Alung-kuoc,PRI,Western Bahr el Ghazal,Jur River,8.0072,27.7342
Lual Ruum Primary,PRI,Upper Nile,Malut,10.2708,32.460899
Lainya vocational primary,PRI,Central Equatoria,Lainya,4.361821769,30.92252185
Lwakat Basic School,PRI,Upper Nile,Malakal,9.519844667,31.64543267
Lwala Primary School,PRI,Eastern Equatoria,Lafon,4.7949,32.464401
Loryier Primary School,PRI,Upper Nile,Akoka,9.79750425,32.134388
Lony Primary School,PRI,Upper Nile,Baliet,9.101583,32.374817
Loyola Secondary School,SEC,Western Bahr el Ghazal,Wau,7.950166207,28.06916507
Elizalyke Primary School,PRI,Upper Nile,Renk,11.73422268,32.82643359
Nyileaj Primary,PRI,Upper Nile,Manyo,11.37921,32.484982
Lizira Primary School,PRI,Central Equatoria,Yei River,4.09815,30.686016
Long - Ajak Primary School,PRI,Northern Bahr el Ghazal,Aweil North,9.13580585,27.25816525
Amannyang Primary School,PRI,Jonglei,Piji,9.208017,31.126301
Machar Tuop Primary School,PRI,Northern Bahr el Ghazal,Aweil East,9.1705665,27.3823455
Mareng Mixed Primary School,PRI,Jonglei,Bor,6.1927,31.7635
Mabil Ayel Primary,PRI,Northern Bahr el Ghazal,Aweil East,9.2908534,27.692356
Malual-Kodi Primary School,PRI,Lakes,Rumbek Centre,6.807861,29.6728335
Mabil Primary School,PRI,Unity,Panyinjiar,7.520425,30.3524665
Mabek Primary School,PRI,Upper Nile,Ulang,10.27941861,32.65857108
Mabil Primary School,PRI,Northern Bahr el Ghazal,Aweil East,8.0063,28.659901
Mabok-Akot Basic School,PRI,Northern Bahr el Ghazal,Aweil Centre,8.587017,26.895399
Mabor Ngap (One),PRI,Lakes,Rumbek East,6.7245,29.755899
Mabor Primary,PRI,Upper Nile,Longchok,8.92645,33.752167
Mabor Primary School,PRI,Upper Nile,Nasir,8.6344335,33.235075
Maborjila Primary School,PRI,Lakes,Awerial,6.1124,31.21310533
Machakose Primary,PRI,Unity,Rubkona,9.258683,29.796516
Machakos Primary School,PRI,Western Bahr el Ghazal,Wau,7.950166207,28.06916507
Maiwut Complex Secondary,SEC,Upper Nile,Maiwut,8.603967,33.921066
Mayom Dohok Community School,PRI,Northern Bahr el Ghazal,Aweil East,9.195367,26.943268
Malual Acot Primary School,PRI,Warrap,Twic,9.186167,28.392933
Millenium College Yei,SEC,Central Equatoria,Yei River,4.517129816,30.60963066
Madgo Primary School,PRI,Unity,Ruweng,9.63255,30.26675
Madhol Primary,PRI,Western Bahr el Ghazal,Jur River,7.834,28.047501
Mading Primary School,PRI,Upper Nile,Nasir,8.534317,33.119183
Madol Primary,PRI,Unity,Mayiandit,8.130067,30.016899
Malakal East Primary School,PRI,Upper Nile,Malakal,9.523083,31.631166
Mayung primary,PRI,Central Equatoria,Terekeka,5.309383,31.751699
Malakal West Primary School,PRI,Upper Nile,Malakal,9.547433,31.63665
Ameth Primary School,PRI,Northern Bahr el Ghazal,Aweil East,8.006413727,28.66000464
Martyrs Primary School,PRI,Unity,Ruweng,9.9172,29.981001
Mabior Pagong Primary School,PRI,Warrap,Gogrial West,8.529933,28.102533
Mariik Primary School,PRI,Warrap,Tonj East,7.874,29.01465
Manyajak Primary,PRI,Jonglei,Old Fangak,9.3455105,30.762006
Malou Ajal Primary School.,PRI,Northern Bahr el Ghazal,Aweil North,9.1804,26.944
Maridi High Secondary School,PRI,Western Equatoria,Maridi,6.73625,28.195
Malual-Akon Primary School,PRI,Lakes,Rumbek Centre,6.807861,29.6728335
Maridi High Secondary School,PRI,Western Equatoria,Mundri West,5.5167032,30.3707632
MINA Primary School,PRI,Central Equatoria,Terekeka,5.820216714,30.91641214
Magaal Primary School,PRI,Jonglei,Bor,6.383617,31.563368
Magbiri Primary School,PRI,Western Equatoria,Tambura,5.596467,27.4786
Man gany Primary,PRI,Upper Nile,Ulang,10.27941861,32.65857108
Matong Primary,PRI,Northern Bahr el Ghazal,Aweil East,9.2908534,27.692356
Murwan Basic School,PRI,Jonglei,Pibor,6.80192475,33.13068775
Mayuo Primary,PRI,Western Bahr el Ghazal,Jur River,7.2989,28.386499
Mahad Basic,PRI,Central Equatoria,Juba,4.831533,31.6106
Marol Ajuong Primary School.,PRI,Northern Bahr el Ghazal,Aweil East,8.9077,27.751699
Mercy Primary,PRI,Eastern Equatoria,Torit,4.4063,32.5756
Manhiany Primary School,PRI,Lakes,Yirol East,6.737133,30.630951
Majok Biar Primary School,PRI,Northern Bahr el Ghazal,Aweil East,9.103233,27.420816
Makuei-Abuoc Primary School,PRI,Warrap,Twic,9.165767,28.202868
Mider Primary School,PRI,Warrap,Tonj East,7.848825,29.077329
Mayom Primary School,PRI,Lakes,Awerial,6.05065,31.286182
Mokabiik Primary School.,PRI,Northern Bahr el Ghazal,Aweil East,9.070603667,27.45598689
Marial Ding Primary,PRI,Northern Bahr el Ghazal,Aweil East,9.040316667,27.6637245
MOGEI staff placeholder school,PRI,Central Equatoria,Juba,4.98589713,31.67994678
Majak Primary School,PRI,Upper Nile,Akoka,9.79750425,32.134388
Majak Primary School,PRI,Upper Nile,Renk,11.425833,32.713165
Majiok Primary School,PRI,Upper Nile,Ulang,10.27941861,32.65857108
Majok Amuol Primary School,PRI,Warrap,Twic,9.124935471,28.40741571
Majok Lob Primary School.,PRI,Northern Bahr el Ghazal,Aweil North,9.180385,26.94400482
Makak Primary,PRI,Upper Nile,Ulang,10.27941861,32.65857108
Maker Primary School,PRI,Upper Nile,Nasir,8.696967,33.395134
Maker Auei Primary School.,PRI,Northern Bahr el Ghazal,Aweil East,9.035067,27.432283
Maker-Aramthai Primary School,PRI,Northern Bahr el Ghazal,Aweil East,9.1705665,27.3823455
Makpaturu Primary School,PRI,Western Equatoria,Yambio,4.720917,28.386749
Makuac Primary School,PRI,Lakes,Rumbek North,7.53238,29.690229
Makuac-Abeb Primary School,PRI,Lakes,Rumbek Centre,6.84065,29.515249
Malakia Boys Basic School,PRI,Upper Nile,Malakal,9.54375,31.654066
Malakia primary,PRI,Central Equatoria,Lainya,4.3811,31.047083
Malaya Primary School,PRI,Eastern Equatoria,Torit,4.4061,32.575401
Malek Primary School,PRI,Upper Nile,Nasir,8.827633,33.006832
Malakia girls Basic school,PRI,Upper Nile,Malakal,9.544517,31.654066
Mading Luit Primary,PRI,Warrap,Twic,9.111267,28.151583
Malith Alek Yai Basic School,PRI,Northern Bahr el Ghazal,Aweil East,9.438933,27.714783
Mamer Primary School,PRI,Lakes,Rumbek Centre,6.1323,29.0422
Malakal Commercial Secondary School,SEC,Upper Nile,Malakal,9.527407727,31.65685009
Melut Mix Secondary school,SEC,Upper Nile,Malut,10.4442,32.200382
Mama Jejuku Basic School,PRI,Western Bahr el Ghazal,Wau,7.720454,27.98908775
Moumkuan Primary School,PRI,Unity,Guit,8.902567,30.030233
Makuer Deng Mawier,PRI,Northern Bahr el Ghazal,Aweil East,9.2072083,27.7017518
Makuach Mixed Primary School,PRI,Jonglei,Bor,6.260867,31.730867
Manajang Primary School,PRI,Jonglei,Old Fangak,9.332383,30.709383
Manbai Primary School,PRI,Jonglei,Piji,9.149133,31.750467
Manchom primary,PRI,Upper Nile,Ulang,10.27941861,32.65857108
Mandeeng Primary School,PRI,Warrap,Gogrial West,8.2967,28.967051
Mandeng Primary School,PRI,Upper Nile,Nasir,8.52995,33.120483
Manga Primary School,PRI,Unity,Guit,9.1285335,30.03817635
Mangar Primary,PRI,Unity,Mayom,9.088242429,29.14095971
Merkolong Primary School,PRI,Central Equatoria,Juba,5.0184,31.7244
Matong Secondary,SEC,Northern Bahr el Ghazal,Aweil East,9.053334667,27.76141083
Nying Primary School,PRI,Unity,Guit,9.10796,30.03743
Mangok Primary School,PRI,Upper Nile,Longchok,9.29375,33.202599
Malou Primary School.,PRI,Jonglei,Duk,7.66343,31.489723
Maper Ping Dong Primary School,PRI,Northern Bahr el Ghazal,Aweil East,9.193517,27.47925
Maper Primary School,PRI,Lakes,Rumbek North,7.6971,29.716932
Maper Secondary,SEC,Northern Bahr el Ghazal,Aweil West,8.6402566,27.2525764
Maper South(Mathiang B) Primary,PRI,Northern Bahr el Ghazal,Aweil Town,8.759575,27.472224
Maper-Atok Primary School,PRI,Warrap,Tonj North,8.11195,28.62774175
Mangar Piol Primary School,PRI,Northern Bahr el Ghazal,Aweil North,9.171833,26.838484
Mangual Primary School,PRI,Unity,Rubkona,9.2543835,29.7981085
Manuyment Primary School,PRI,Jonglei,Pibor,6.80192475,33.13068775
Malual Tuk Primary School,PRI,Lakes,Awerial,6.5190366,30.9980864
Malkuer Primary School,PRI,Unity,Mayiandit,8.162983,29.943483
Malou B Primary School,PRI,Jonglei,Bor,6.288342857,31.69537614
Mareng Primary,PRI,Upper Nile,Ulang,10.27941861,32.65857108
Mareng Primary,PRI,Jonglei,Duk,7.669617,31.294683
Mareng Primary School,PRI,Jonglei,Piji,9.278617,31.73085
Marial Lou Girls,PRI,Warrap,Tonj North,7.9582934,28.3911568
Mareng Teng Primary School,PRI,Northern Bahr el Ghazal,Aweil East,9.232,27.666901
Marial Primary,PRI,Upper Nile,Ulang,10.27941861,32.65857108
Marial Primary School,PRI,Lakes,Awerial,6.333233,31.179567
Marial Primary School,PRI,Unity,Koch,8.79825,29.704384
Musa Manyok Primary School,PRI,Jonglei,Bor,6.4998,31.0492
Manyang School,PRI,Western Bahr el Ghazal,Jur River,8.046683,28.203251
Malual Bur Primary Shool,PRI,Jonglei,Bor,6.069133,31.794367
Manirang Primary School,PRI,Jonglei,Pibor,6.80192475,33.13068775
Mabil Tokyep Primary,PRI,Northern Bahr el Ghazal,Aweil East,8.006413727,28.66000464
Mankai Primary School,PRI,Unity,Rubkona,9.262517,29.785
Maringindo Primary School,PRI,Western Equatoria,Maridi,5.0663,29.773968
mary two Primary,PRI,Upper Nile,Nasir,8.6575615,33.11169173
Mathiang Dut Akot Community School,PRI,Northern Bahr el Ghazal,Aweil East,9.08085,27.81885
Mathiang Primary School,PRI,Jonglei,Bor,6.501583,31.558666
Mathiang Primary School,PRI,Northern Bahr el Ghazal,Aweil Town,8.7696,27.3988
Mathiang Basic school,PRI,Upper Nile,Longchok,9.023767,33.505219
Maiwut two Primary,PRI,Upper Nile,Maiwut,8.68785,34.026833
MOROB PUBLIC Primary School,PRI,Central Equatoria,Morobo,3.6858,30.812201
Mantieu Primary School,PRI,Lakes,Rumbek North,7.53239,29.690241
Majok-Palueel Basic School,PRI,Northern Bahr el Ghazal,Aweil East,6.5234,29.570749
Martyrs Junior Primary,PRI,Jonglei,Bor,6.499701435,31.04911048
MUNDARI BURA Primary School,PRI,Central Equatoria,Terekeka,5.59558,31.347269
Mangar Amol Primary School,PRI,Northern Bahr el Ghazal,Aweil East,8.0065,28.660101
Muony Primary School,PRI,Northern Bahr el Ghazal,Aweil North,9.11149275,26.69668969
Maridi High Secondary School,PRI,Western Equatoria,Maridi,4.993398333,29.41142376
Mannam Basic,PRI,Upper Nile,Manyo,11.0119684,32.5199819
Majak Deng Aguer Primary School,PRI,Northern Bahr el Ghazal,Aweil East,9.0404,27.663799
Meer Primary School,PRI,Warrap,Tonj East,7.848825,29.077329
Manpit Primary School,PRI,Jonglei,Uror (Wunror),8.024033333,32.009578
Miiralek Primary School,PRI,Northern Bahr el Ghazal,Aweil East,8.99374,27.4690836
Mawier Primary School,PRI,Northern Bahr el Ghazal,Aweil South,8.6409,28.176901
Mayom Wac Geng Primary,PRI,Northern Bahr el Ghazal,Aweil East,9.052,27.374001
Malual Chum Primary School.,PRI,Warrap,Tonj South,7.491375348,28.94489365
Malow Primary School,PRI,Upper Nile,Longchok,8.934,33.571949
Marwo Primary,PRI,Jonglei,Pibor,6.8029632,33.1299904
Manwalbar Primary School,PRI,Unity,Rubkona,9.195026667,29.763647
Machartiit Primary School,PRI,Northern Bahr el Ghazal,Aweil East,9.070603667,27.45598689
Morota primary,PRI,Central Equatoria,Lainya,4.3619,30.9226
Mer Primary School,PRI,Jonglei,Akobo,7.732217,33.022316000000004
Panlou Primary School,PRI,Unity,Ruweng,9.917277833,29.98103933
Majak Primary School,PRI,Unity,Panyinjiar,7.679952286,30.25305214
Mayenramthiong,PRI,Warrap,Tonj East,7.806233,28.970617
Marol Ayual Primary,PRI,Northern Bahr el Ghazal,Aweil East,8.006413727,28.66000464
Mayiandit Secondary,SEC,Unity,Mayiandit,8.3591,30.023701
Malakal Boys Secondary School,SEC,Upper Nile,Malakal,9.51395825,31.659659
Mayom Achuil Primary,PRI,Northern Bahr el Ghazal,Aweil South,8.598083,27.7742
Menime Primary School.,PRI,Jonglei,Ayod,8.1773804,31.35943567
Muni B Primary School,PRI,Central Equatoria,Terekeka,5.6513,31.337545
Malual Primary,PRI,Warrap,Tonj East,7.82403325,29.26314175
Mangar Amol Primary School,PRI,Northern Bahr el Ghazal,Aweil East,9.051937625,27.37396888
Mayom-Akot Primary School,PRI,Northern Bahr el Ghazal,Aweil East,8.9428,27.371317
Malual primary,PRI,Upper Nile,Longchok,8.913,33.562035
Malou Primary,PRI,Warrap,Tonj East,7.8203068,29.409353
Ananatak Primary School,PRI,Warrap,Tonj East,7.732267,29.0261
Nachukut Basic School,PRI,Eastern Equatoria,Kapoeta South,4.695067,33.676998
Nguany Primary School.,PRI,Jonglei,Uror (Wunror),8.12455,32.044048
Nyilwak 1 Basic School,PRI,Upper Nile,Panyikang,9.37807,31.53764
Nagbaka Community Girls School,PRI,Western Equatoria,Yambio,4.704790889,28.70675544
New Building Junior School,PRI,Upper Nile,Longchok,9.0283585,33.4980755
Manbule Primary School,PRI,Central Equatoria,Lainya,4.1767,30.697067
Nasir complex secondary,SEC,Upper Nile,Nasir,8.6122,33.058449
Nyadida Primary School,PRI,Eastern Equatoria,Lafon,5.104317,32.465717
Nhial Diu Primary School,PRI,Unity,Rubkona,9.0287,29.681999
Ndaruro Primary School,PRI,Western Equatoria,Yambio,4.6535,28.417282
Nyariew I Primary School,PRI,Upper Nile,Nasir,8.502233,33.161667
New Gofa Primary School,PRI,Upper Nile,Maban,9.9587,33.929006
Nehemiah Orphanage Secondary School,SEC,Central Equatoria,Yei River,4.517129816,30.60963066
New Generation Primary,PRI,Jonglei,Duk,7.46385,31.381166
Ngueng Primary,PRI,Jonglei,Nyirol (Diror),8.38646,32.10918
Ngovedego Primary,PRI,Western Bahr el Ghazal,Wau,7.6332,27.728283
ENyif Primary School,PRI,Eastern Equatoria,Torit,4.2847395,32.5117865
Angot Primary School,PRI,Northern Bahr el Ghazal,Aweil East,9.2908534,27.692356
Anguei Girls Primary School.,PRI,Jonglei,Bor,6.267933,31.6782
Ngalongoro Primary School,PRI,Jonglei,Pibor,6.8029632,33.1299904
Ngapakot Primary School,PRI,Northern Bahr el Ghazal,Aweil North,9.152233,27.1231
Ngaphal Primary School,PRI,Lakes,Rumbek North,7.6971,29.719801
Nhialdiu Highland School,PRI,Unity,Rubkona,9.0287,29.681999
Naminit Primary School,PRI,Unity,Ruweng,9.9173,29.981001
New Hope Nakwa primary School,PRI,Eastern Equatoria,Kapoeta North,4.8833,33.4893265
Panyana Senior Sec. School,PRI,Central Equatoria,Morobo,3.706216667,30.71054278
Nyariew II Primary School,PRI,Upper Nile,Nasir,8.554355667,33.12656167
Nyayoik Basic School,PRI,Upper Nile,Malut,10.138417,32.302235
Injili girls primary,PRI,Central Equatoria,Morobo,3.686521259,30.81149592
Nyuel Juol Primary,PRI,Unity,Rubkona,9.2804,29.7939
Natapar Basic School,PRI,Eastern Equatoria,Kapoeta South,4.619683,33.673367
Aninyaki Primary School,PRI,Western Equatoria,Yambio,4.593796629,28.46359406
Nyokjok Primary School,PRI,Upper Nile,Baliet,9.1573335,32.205732
Panyang Primary School,PRI,Jonglei,Uror (Wunror),7.782,31.785732
Nukta Magot Primary School,PRI,Lakes,Wulu,6.797332216,29.99964754
Naktong primary,PRI,Upper Nile,Maiwut,8.6017375,33.9518585
Nakware Basic School,PRI,Eastern Equatoria,Kapoeta South,4.7543,33.6633
Nile Secondary School,SEC,Central Equatoria,Juba,4.98589713,31.67994678
Nyalekka Primary School,PRI,Unity,Rubkona,9.19502,29.763639
Nile High School,SEC,Central Equatoria,Yei River,4.5172,30.609699
Nyueljuol Community Primary School,PRI,Unity,Rubkona,9.166654167,29.76707308
Ngolimbo (A) Primary School,PRI,Western Bahr el Ghazal,Wau,7.749816571,27.63635471
Noami Memorial Primary,PRI,Western Equatoria,Mundri West,5.386698222,30.26264278
Naangbimo Primary School,PRI,Western Equatoria,Yambio,4.532883,28.436333
Nangatuny Primary School,PRI,Eastern Equatoria,Kapoeta East,4.49973,34.08289
Non Gak Primary School,PRI,Unity,Mayiandit,8.3941066,30.0824968
Noun Primary School,PRI,Upper Nile,Manyo,11.012,32.52
Nyinken Comboni Primary,PRI,Northern Bahr el Ghazal,Aweil North,9.13755,26.84565
Ondako Primary School,PRI,Central Equatoria,Morobo,3.713433375,30.63307288
Ngong Primary School,PRI,Jonglei,Piji,9.238767,31.186968
Nyinalel Lower Primary School,PRI,Northern Bahr el Ghazal,Aweil Centre,8.94855,26.904284
Nyang Primary School,PRI,Jonglei,Twic East,7.4321195,31.3767055
Ndudra Primary School,PRI,Central Equatoria,Morobo,3.706216667,30.71054278
Nor -Lamwel,PRI,Unity,Rubkona,9.0288,29.6821
Nordeng Primary School,PRI,Upper Nile,Nasir,8.592917,33.038982
Norchiengnyapir Primary School,PRI,Unity,Rubkona,9.19501,29.76363
Ngoro Primary,PRI,Warrap,Tonj North,7.8674835,28.79580825
Nyikijo Primary,PRI,Western Bahr el Ghazal,Jur River,7.694476,28.12680056
ngerjebi Primary School,PRI,Central Equatoria,Juba,4.8877735,31.48765774
Nur Shirkat Primary School,PRI,Central Equatoria,Juba,4.698508,31.293958
New site primary,PRI,Central Equatoria,Lainya,4.3619,30.9226
Ngoku Primary School,PRI,Western Bahr el Ghazal,Wau,7.645,27.884001
Nintok Primary School,PRI,Northern Bahr el Ghazal,Aweil South,8.8968332,27.8366772
Piantok (One Heart) Primary,PRI,Western Bahr el Ghazal,Wau,7.7098,27.993299
Nile Model TTU Secondary School,SEC,Central Equatoria,Juba,4.98589713,31.67994678
Ngauro Primary School,PRI,Eastern Equatoria,Budi,4.384568525,32.86773956
Ngueny Primary School,PRI,Upper Nile,Nasir,8.677417,33.1143585
Nauyapuru Primary School.,PRI,Jonglei,Pibor,6.8029632,33.1299904
Naivasha Primary School,PRI,Northern Bahr el Ghazal,Aweil West,8.840072333,27.38975533
New Generation Dreamlandnursery & Primary Sch,PRI,Central Equatoria,Yei River,4.5174,30.6099
New Sudan Model Academy (NSMA),PRI,Northern Bahr el Ghazal,Aweil Town,8.769628,27.39880567
Niew-Niew Primaryschool,PRI,Jonglei,Akobo,8.091983,32.391449
Nasir west Primary School,PRI,Upper Nile,Nasir,8.6122,33.058449
Wunkuel Primary School,PRI,Upper Nile,Ulang,10.27941861,32.65857108
New Generation Secondary,SEC,Northern Bahr el Ghazal,Aweil Town,8.7660532,27.3341302
Nayar primary,PRI,Upper Nile,Nasir,8.6575615,33.11169173
Nyabile Primary,PRI,Unity,Ruweng,9.63255,30.26675
Nyakang Primary,PRI,Upper Nile,Nasir,8.497183,33.136368
Nyakor Primary School,PRI,Jonglei,Uror (Wunror),8.12455,32.044048
Nyalok Primary School,PRI,Unity,Koch,8.718042,29.6765585
Nyambor Primary,PRI,Jonglei,Nyirol (Diror),8.38643,32.10915
Nyamini Primary School,PRI,Central Equatoria,Juba,4.9349,30.587566
Anyuat Primary School,PRI,Warrap,Gogrial West,7.755,28.191
Ngop Primary School,PRI,Unity,Rubkona,9.19504,29.76366
Nyazogo Primary School,PRI,Jonglei,Pibor,6.807117,33.127201
Malo Primary School,PRI,Upper Nile,Fashoda,9.844183,32.0063
Majiu Primary,PRI,Western Bahr el Ghazal,Jur River,7.694476,28.12680056
Pulpam Primary School,PRI,Jonglei,Old Fangak,9.0778165,30.919724
Panriang Co-Education Sec. School,SEC,Unity,Ruweng,9.63252,30.26672
Pulrira Primary,PRI,Jonglei,Nyirol (Diror),8.48809575,31.91523725
Nyaromna Primary School,PRI,Unity,Rubkona,8.9288,29.616199
Panikang primary,PRI,Upper Nile,Manyo,11.37919,32.484959
Pulita Primary School.,PRI,Jonglei,Old Fangak,9.254517,30.637783
Pamach Basic school,PRI,Upper Nile,Longchok,8.92645,33.752167
Apabuong Primary School,PRI,Lakes,Rumbek North,7.2154,29.674
Peace Academy Primary,PRI,Jonglei,Bor,6.499701435,31.04911048
Precious Stone,PRI,Eastern Equatoria,Magwi,3.831602833,31.958733
Padeah Primary School,PRI,Unity,Mayiandit,8.331,30.0433915
Manyak Pastrolist School,PRI,Jonglei,Uror (Wunror),8.12455,32.044048
Marial patemkou primary,PRI,Warrap,Gogrial East,8.214,28.299801
Panwet Kuek Primary School,PRI,Northern Bahr el Ghazal,Aweil North,9.1357,27.257999
Pagai Primary School,PRI,Warrap,Twic,9.1354,28.188801
Panamat Primary School,PRI,Lakes,Yirol West,6.33919575,30.0721375
Panrieng Secondary School,SEC,Unity,Ruweng,9.917277833,29.98103933
Pabor Primary,PRI,Upper Nile,Ulang,10.27941861,32.65857108
Pabuot Primary School,PRI,Jonglei,Uror (Wunror),8.031083333,31.96098933
Pabuong Dhorthier Primary School.,PRI,Unity,Mayiandit,8.124783,29.982384
Pibor Basic School,PRI,Jonglei,Pibor,6.8003,33.129284
Panda Academic Primary School,PRI,Northern Bahr el Ghazal,Aweil West,8.7788,27.3106005
Pachal Primary,PRI,Upper Nile,Panyikang,9.378062,31.53763533
Pachat Primary School,PRI,Unity,Ruweng,4.4421,30.26672667
Pacong Seconday School,SEC,Lakes,Rumbek East,6.606,29.790001
Pochalla Secondary School,SEC,Jonglei,Pochalla,7.095366667,34.168116
Pier Jack primary,PRI,Upper Nile,Nasir,8.949667,32.929516
POC B primary school,PRI,Unity,Rubkona,9.254367,29.798117
POC 2 Primary School,PRI,Upper Nile,Malut,10.09105262,32.35229962
Padar Primary School,PRI,Lakes,Awerial,6.5190366,30.9980864
Padeah Primary School,PRI,Unity,Mayiandit,8.359094444,30.02364856
Padek Primary,PRI,Jonglei,Ayod,8.1773804,31.35943567
Padit Primary,PRI,Upper Nile,Malakal,9.394183,31.584417
Padiu,PRI,Jonglei,Duk,7.66343,31.489723
Padhuony Primary School,PRI,Unity,Guit,9.1285335,30.03817635
Pador Primary School,PRI,Upper Nile,Fashoda,9.844183,32.0063
Panamdit Modern Basic school,PRI,Upper Nile,Malut,10.09105262,32.35229962
Mapel Secondary School,SEC,Western Bahr el Ghazal,Jur River,7.298895286,28.38646386
Maper agel primary school,PRI,Warrap,Gogrial East,8.488110375,28.52268138
Makur Primary School,PRI,Lakes,Awerial,6.353889,31.1275
Pagor Primary,PRI,Jonglei,Nyirol (Diror),8.523183,32.064281
Pagor Primary School,PRI,Lakes,Cueibet,7.208683,29.407383
Pagalang Primary School,PRI,Jonglei,Duk,7.687583,31.689133
Pageng Primary School,PRI,Unity,Guit,9.108,30.03747
Pabar Girls Primary School,PRI,Unity,Panyinjiar,7.36325,30.4324
Pah Primary,PRI,Jonglei,Old Fangak,9.3455105,30.762006
Phom Primary,PRI,Jonglei,Old Fangak,9.177233368,30.76679611
Pochalla Secondary School,SEC,Jonglei,Pochalla,7.095366667,34.168116
Majak Primary School,PRI,Unity,Panyinjiar,7.520425,30.3524665
Presbyterian Church Secondary,SEC,Upper Nile,Renk,11.73422268,32.82643359
Pantiit Primary School,PRI,Warrap,Twic,9.135332444,28.18868711
Mambere Primary School,PRI,Western Equatoria,Yambio,4.593796629,28.46359406
Paliau Mix Primary School,PRI,Jonglei,Twic East,7.047972917,31.41733967
Piji Primary,PRI,Jonglei,Piji,9.22084,31.46402
Pajomar Primary,PRI,Jonglei,Uror (Wunror),8.059691722,31.98400461
Pajieng Primary,PRI,Warrap,Tonj East,7.7017398,28.9292266
Pajut Primary School,PRI,Jonglei,Uror (Wunror),8.059691722,31.98400461
Pakam Primary School,PRI,Jonglei,Duk,7.66343,31.489723
Pakum Primary,PRI,Jonglei,Nyirol (Diror),8.4881,31.9153
Pakur Primary,PRI,Jonglei,Ayod,8.1773804,31.35943567
Pakang Primary,PRI,Upper Nile,Panyikang,9.378062,31.53763533
Pakur Primary School,PRI,Unity,Rubkona,9.293217,29.79615
Puok Bor Primary School.,PRI,Jonglei,Nyirol (Diror),8.5115,32.073898
Apial Primary School,PRI,Northern Bahr el Ghazal,Aweil East,9.232047571,27.66688586
Palabaach Primary School,PRI,Jonglei,Bor,6.2884,31.6954
Palek Primary School,PRI,Warrap,Tonj South,7.399379,29.9520335
Paliey Primary School,PRI,Unity,Panyinjiar,7.679952286,30.25305214
Paluony Primary School.,PRI,Jonglei,Uror (Wunror),8.031083333,31.96098933
Peldiarowei Primary School,PRI,Upper Nile,Akoka,9.79750425,32.134388
Palam/Kurager Primary School,PRI,Warrap,Tonj East,7.82403325,29.26314175
Paleng Primary School,PRI,Warrap,Twic,9.145783,28.657301
Police Primary,PRI,Upper Nile,Renk,11.7341,32.826302
Pul Baar Primary,PRI,Jonglei,Nyirol (Diror),8.156417,32.118267
Pulbet Primary School,PRI,Lakes,Rumbek Centre,6.6703,29.416983
Pulchuor Primary School,PRI,Jonglei,Uror (Wunror),8.031083333,31.96098933
Pamath Primary School,PRI,Upper Nile,Malakal,9.394183,31.584417
Pamoju Girls S.S,SEC,Central Equatoria,Kajo-Keji,3.785493955,31.58015764
Pimpiny,PRI,Jonglei,Uror (Wunror),7.782,31.785732
Pom Girls Primary,PRI,Jonglei,Old Fangak,9.177233368,30.76679611
Parieng Primary School,PRI,Unity,Ruweng,9.917277833,29.98103933
Pan Akok Primary,PRI,Jonglei,Bor,6.558361167,31.53309683
Pan Kou Primary School,PRI,Northern Bahr el Ghazal,Aweil East,9.1705,27.382299
Panbaai Primary School.,PRI,Warrap,Twic,9.1354,28.1887
Pandanyang Primary School,PRI,Upper Nile,Nasir,8.601067,33.100216
Pangack,SEC,Jonglei,Old Fangak,9.0778165,30.919724
Pibor Complex Secondary School,SEC,Jonglei,Pibor,6.80192475,33.13068775
Parion Primary School,PRI,Unity,Mayom,9.223717,29.1651
Piircook Primary School,PRI,Lakes,Yirol West,6.4601,30.58
Pioryom Primary School,PRI,Northern Bahr el Ghazal,Aweil East,8.0064,28.66
Prophet Moses Primary,PRI,Upper Nile,Malakal,9.527407727,31.65685009
Pioyukwan Secondary School,SEC,Upper Nile,Manyo,11.53662273,32.46998491
Pariak Basic School,PRI,Upper Nile,Malut,10.44175,32.210049
Papiew Primary School,PRI,Jonglei,Piji,9.32229,31.5898332
Papendeer Primary School,PRI,Jonglei,Duk,7.71625,31.6896495
Puor Primary School,PRI,Unity,Mayom,9.048005667,29.09198833
Papwojo Primary,PRI,Upper Nile,Panyikang,9.378062,31.53763533
Pagook Primary School,PRI,Warrap,Tonj East,7.82403325,29.26314175
Makur Primary School,PRI,Lakes,Awerial,6.3539,31.127501
Parial Primary School,PRI,Upper Nile,Ulang,10.27941861,32.65857108
Parents Primary,PRI,Western Bahr el Ghazal,Wau,7.950166207,28.06916507
Pan Ring Girls Primary,PRI,Lakes,Rumbek North,7.2155,29.674
Paroch Primary School,PRI,Upper Nile,Fashoda,9.844183,32.0063
Pariang Secondary School,SEC,Unity,Ruweng,9.63252,30.26672
ECSS Primary School,PRI,Lakes,Cueibet,7.118477833,29.23402167
Makuach primary school,PRI,Jonglei,Bor,6.063306,31.73462675
Pathiel Primary,PRI,Jonglei,Nyirol (Diror),8.38643,32.10915
Pathieng Primary,PRI,Unity,Ruweng,9.63255,30.26675
Patuenoi,PRI,Jonglei,Duk,7.66343,31.489723
Wunarop Primary School,PRI,Jonglei,Piji,9.3223,31.5898
Pukuka U.M.C primary school,PRI,Central Equatoria,Yei River,3.908459815,30.59346674
Pulnyang Primary School,PRI,Unity,Rubkona,9.2803956,29.79389653
Pouk Majok Primary School,PRI,Unity,Mayom,9.048,29.091999
POC UNIMISS Primary School,PRI,Upper Nile,Malut,10.09105262,32.35229962
Puor Akoon Primary School,PRI,Northern Bahr el Ghazal,Aweil North,9.1330766,27.1597499
Apuuk-Lian Primary School,PRI,Warrap,Tonj East,8.054778,29.38144467
Machat Primary School,PRI,Warrap,Twic,9.092392105,28.31931411
Pawieng Primary,PRI,Upper Nile,Ulang,10.27941861,32.65857108
Pawjapdit Primary,PRI,Northern Bahr el Ghazal,Aweil South,8.782755667,27.88064967
Payaak Primary School.,PRI,Jonglei,Duk,7.66343,31.489723
Payii Primary School,PRI,Lakes,Rumbek North,7.6691,29.713301
Pio Yukwan P,PRI,Upper Nile,Manyo,11.628517,32.728134
Payuel Primary School,PRI,Jonglei,Duk,7.46385,31.381166
Warmel Primary School,PRI,Warrap,Tonj South,7.212461167,28.65363917
Mabior Leek Primary School,PRI,Jonglei,Bor,6.1927,31.763599
Nyawit Primary,PRI,Jonglei,Ayod,8.21099,31.34787
Madiria Primary School,PRI,Northern Bahr el Ghazal,Aweil Town,8.76425,27.401983
Wunbut Primary School,PRI,Upper Nile,Baliet,9.157367,32.206165
Wun-Ngap Primary School,PRI,Warrap,Tonj South,7.491375348,28.94489365
Royal Junior Academy Primary,PRI,Jonglei,Bor,6.4997,31.049101
Ras college Secondary,PRI,Central Equatoria,Morobo,3.713572167,30.94429167
Arany Primary School,PRI,Lakes,Cueibet,9.7624,31.953617
Riak Previd School,PRI,Warrap,Twic,9.2677634,28.6625164
Renk Girls Basic School,PRI,Upper Nile,Renk,11.743983,32.804798
Ariath Primary School,PRI,Northern Bahr el Ghazal,Aweil North,9.102,27.227333
Riang Aweil Primary School,PRI,Northern Bahr el Ghazal,Aweil East,9.2908534,27.692356
Rebath Primary School,PRI,Northern Bahr el Ghazal,Aweil Town,8.766517,27.072067
Rubkona Secondary School,PRI,Unity,Rubkona,9.2804,29.7939
Rubkuay Primary School.,PRI,Unity,Mayiandit,8.313533333,30.02688333
Rubnor Primary School,PRI,Unity,Mayiandit,8.31355,30.026899
Rubguey Primary,PRI,Unity,Mayom,9.088242429,29.14095971
Rubkona Primary School,PRI,Unity,Rubkona,9.2804,29.7939
Rebath Senior Secondary School,SEC,Northern Bahr el Ghazal,Aweil Town,8.769933,27.4051
Renk Boys Secondary School,SEC,Upper Nile,Renk,11.7342,32.826401
Rup Chak Primary,PRI,Jonglei,Nyirol (Diror),8.386448,32.1091674
Ricethece Primary School,PRI,Northern Bahr el Ghazal,Aweil North,9.1359,27.258301
Raad Primary School,PRI,Jonglei,Pibor,6.8029632,33.1299904
Wunlith Primary School,PRI,Jonglei,Piji,9.236661167,31.19535
Renk Episcopal Secondary School,SEC,Upper Nile,Renk,11.7342,32.8265
Renk Everning Secondary,SEC,Upper Nile,Renk,11.7343,32.8265
Rumpadhel Girls Primary,PRI,Northern Bahr el Ghazal,Aweil East,8.0065,28.66
Orgin Primary School,PRI,Jonglei,Pibor,6.8029632,33.1299904
Orphanage Primary School,PRI,Upper Nile,Baliet,9.291867,32.0376665
Raildit Primary School,PRI,Warrap,Gogrial West,7.755077667,28.191147
RAJAF Primary School,PRI,Central Equatoria,Terekeka,5.59558,31.347269
Rokonye primary,PRI,Upper Nile,Maiwut,8.603967,33.921066
Marik Primary School,PRI,Lakes,Awerial,6.5190366,30.9980864
Rokon T.T.U Secondary School,SEC,Central Equatoria,Juba,5.259667,31.235666
Rokrok Primary School,PRI,Upper Nile,Nasir,8.677417,33.1143585
Dourlai Primary School,PRI,Lakes,Wulu,6.797332216,29.99964754
Nyori Primary School,PRI,Central Equatoria,Terekeka,5.309383,31.751699
Rolkeer Primary School,PRI,Jonglei,Uror (Wunror),8.059691722,31.98400461
Brilliant Primary School,PRI,Jonglei,Bor,6.115833,31.585684
Marol Anei Primary School,PRI,Northern Bahr el Ghazal,Aweil West,8.708385,27.288745
Arilo Primary School,PRI,Eastern Equatoria,Lafon,4.815791261,32.62831235
Aram Primary,PRI,Warrap,Twic,9.092392105,28.31931411
Roam Primary School,PRI,Upper Nile,Nasir,8.865017,33.073032
Rom Primary,PRI,Upper Nile,Akoka,9.882917,32.155499
Rom-Alol Primary School,PRI,Lakes,Rumbek North,7.6971,29.719801
Rumdhuk-Ayuop Primary School,PRI,Northern Bahr el Ghazal,Aweil East,9.1705665,27.3823455
Riang Awang Primary School.,PRI,Northern Bahr el Ghazal,Aweil East,9.2908534,27.692356
Renk 1 Boys Basic School,PRI,Upper Nile,Renk,11.7465,32.800266
Riang Primary,PRI,Upper Nile,Ulang,10.27941861,32.65857108
Riang Primary,PRI,Jonglei,Nyirol (Diror),8.38642,32.109138
Riang Primary School,PRI,Jonglei,Uror (Wunror),8.102067,31.873301
Rine Primary School,PRI,Jonglei,Akobo,7.793267,33.007233
Runmanyiel Primary School,PRI,Northern Bahr el Ghazal,Aweil East,9.125,27.2188
Renk 3 Basic School,PRI,Upper Nile,Renk,11.7343,32.8265
Roordit Primary School,PRI,Lakes,Awerial,6.5190366,30.9980864
Rubakach Primary,PRI,Northern Bahr el Ghazal,Aweil South,8.7845,27.6691
Rupbuot Primary School,PRI,Upper Nile,Ulang,10.27941861,32.65857108
Ruplet Primary,PRI,Upper Nile,Ulang,10.27941861,32.65857108
Rupmakher Primary School,PRI,Jonglei,Uror (Wunror),8.151167,32.025867
Orik Primay School,PRI,Jonglei,Akobo,7.646883,33.666698
Rieri Primary School,PRI,Unity,Mayiandit,8.331,30.0433915
Rirnyang Primary,PRI,Upper Nile,Ulang,10.27941861,32.65857108
Arise And Shine Academy,PRI,Eastern Equatoria,Kapoeta East,4.579079444,34.11462444
Rahy Salah Primary School,PRI,Unity,Ruweng,9.9173,29.981001
Root Primary,PRI,Warrap,Gogrial West,7.755077667,28.191147
Rock the Desert Primary School,PRI,Central Equatoria,Morobo,3.683133,30.78595
Ramateer,PRI,Lakes,Cueibet,7.308046,29.290721
Riwoto Secondary School,SEC,Eastern Equatoria,Kapoeta North,4.876367,33.523869
Rotriak Primary School,PRI,Unity,Rubkona,8.9288,29.616301
Rol Tuam Primary School,PRI,Northern Bahr el Ghazal,Aweil North,9.1330766,27.1597499
Renk 3 evening primary,PRI,Upper Nile,Renk,11.73422268,32.82643359
Rum Aguer Abiem Primary,PRI,Northern Bahr el Ghazal,Aweil East,9.2908534,27.692356
Rualbet Boys Primary School,PRI,Warrap,Tonj North,8.115483,28.942833
Thokjok Primary School,PRI,Upper Nile,Nasir,8.76864175,33.08151725
War Adhot Primary School,PRI,Northern Bahr el Ghazal,Aweil West,8.6402566,27.2525764
Riwoto Secondary School,SEC,Eastern Equatoria,Kapoeta North,4.876367,33.523869
Riwoto Secondary School,SEC,Eastern Equatoria,Kapoeta North,4.876367,33.523869
Rubnyagai Primary School,PRI,Unity,Rubkona,9.19501,29.76363
Royal International Primary,PRI,Central Equatoria,Yei River,4.5171,30.6096
Santo Ayang (Wunyiik) Primary School,PRI,Northern Bahr el Ghazal,Aweil East,9.051937625,27.37396888
Seven Day Advantist Primary,PRI,Upper Nile,Malakal,9.527407727,31.65685009
Sobat Secondary School,SEC,Upper Nile,Malakal,9.527407727,31.65685009
St. Obadiya Memorial Secondary School,SEC,Central Equatoria,Morobo,3.6857,30.812201
St Joseph Bakindo Primary School,PRI,Western Equatoria,Yambio,4.593796629,28.46359406
St. Bakita Primary School,PRI,Unity,Mayom,9.223717,29.1651
Sunday Basic School,PRI,Upper Nile,Renk,12.140983,32.821884
Shaab Boys primary,PRI,Upper Nile,Malakal,9.535717,31.6555
Star Academy Primary,PRI,Jonglei,Bor,6.4997,31.049101
Sudan Interior Church primary,PRI,Upper Nile,Malakal,9.519867,31.659567
St. Daniel Comboni Primary School,PRI,Warrap,Tonj North,8.088939,29.153428
St. Mary Madagalena Primary School,PRI,Eastern Equatoria,Kapoeta North,4.90823,33.526329
Sora East Girls Primary,PRI,Upper Nile,Malakal,9.519844667,31.64543267
Sopo Girls Secondary School,SEC,Western Bahr el Ghazal,Raja,8.475834667,25.55363042
Nyigier Primary,PRI,Upper Nile,Fashoda,9.959933,32.153618
Singo Community Primary School,PRI,Western Equatoria,Mundri East,5.252880583,30.50908325
Shaabia Primary,PRI,Central Equatoria,Terekeka,5.309383,31.751699
Osho Primary School,PRI,Western Equatoria,Mundri West,5.421433,30.342333
Sikka Haddid Girls Primary School,PRI,Western Bahr el Ghazal,Wau,7.950166207,28.06916507
Shaab girls primary,PRI,Upper Nile,Malakal,9.535817,31.656616
Shining Star Primary School,PRI,Central Equatoria,Juba,4.853290368,31.55675447
Scientific Institute Primary,PRI,Upper Nile,Malakal,9.538233,31.660583
Saint John Primary School,PRI,Jonglei,Bor,6.4998,31.0492
Wunbut Primary,PRI,Unity,Rubkona,8.9288,29.616199
St. Stephen Primary School,PRI,Unity,Ruweng,9.9173,29.9811
Sika-Adao Primary School,PRI,Western Equatoria,Maridi,4.993398333,29.41142376
Salva Kiir Primary,PRI,Western Bahr el Ghazal,Raja,8.4758,25.5536
Isuhak Primary School,PRI,Eastern Equatoria,Ikotos,4.272265292,33.19093292
Salaam (SIDO),PRI,Upper Nile,Malut,8.61795,33.063351
Salam Primary School,PRI,Upper Nile,Baliet,9.2765,32.074467
Salam Primary School,PRI,Unity,Ruweng,9.917277833,29.98103933
Salam Primary School,PRI,Upper Nile,Manyo,10.579883,32.156033
St.Luke Primary School,PRI,Jonglei,Ayod,8.12275,31.407284
Salaameza,PRI,Unity,Rubkona,9.29125,29.789633
Sim Secondary School,SEC,Upper Nile,Maban,9.9587,33.929006
Sanango Primary School,PRI,Western Equatoria,Ibba,4.799333,29.052767
Sunday Basic Co School ECS,PRI,Western Bahr el Ghazal,Wau,7.6449335,27.883883
Sunlight Secondary,SEC,Jonglei,Bor,6.499701435,31.04911048
Sananguse Primary School,PRI,Western Equatoria,Tambura,5.595333,27.537382
St. Mary Primary School,PRI,Unity,Ruweng,9.9173,29.9811
Supiri Teachers Teaching Union Secondary,SEC,Central Equatoria,Juba,4.98589713,31.67994678
St Peter Primary School,PRI,Unity,Rubkona,9.1667,29.767099
Nyigar Primary School,PRI,Unity,Mayom,9.088242429,29.14095971
St. Augustino Primary School,PRI,Unity,Rubkona,9.2543835,29.7981085
St. peter primary,PRI,Warrap,Gogrial West,7.755077667,28.191147
Sora Malakia East Boys Primary,PRI,Upper Nile,Malakal,9.519844667,31.64543267
SiriMalaka Primary School,PRI,Western Bahr el Ghazal,Raja,8.475834667,25.55363042
Ugor Primary School,PRI,Warrap,Tonj East,8.054778,29.38144467
South Sudan Independence Primary,PRI,Western Bahr el Ghazal,Wau,7.950166207,28.06916507
Sic Secondary School,SEC,Upper Nile,Maban,9.9587,33.929001
Southern Sudan Primary,PRI,Northern Bahr el Ghazal,Aweil Town,8.7660532,27.3341302
South Sudan Education Centre Secondary,SEC,Northern Bahr el Ghazal,Aweil Town,8.7660532,27.3341302
St. Dominic Saviomori primary,PRI,Central Equatoria,Juba,4.8877735,31.48765774
St. Joseph,PRI,Western Bahr el Ghazal,Wau,7.70975,27.995283
St Mary Primary,PRI,Unity,Rubkona,9.2804,29.7939
Sudan Interior Church Primary School,PRI,Upper Nile,Malut,10.09105262,32.35229962
Stephen Duol Primary School,PRI,Upper Nile,Nasir,8.554355667,33.12656167
Sawasawa Primary,PRI,Western Bahr el Ghazal,Wau,7.950166207,28.06916507
Sora West Basic school,PRI,Upper Nile,Malakal,9.519844667,31.64543267
Tarawa Basic school,PRI,Upper Nile,Malakal,9.509533,31.667334
Thon Acak primary school,PRI,Lakes,Awerial,7.271733,28.671368
Thon Wai Primary School,PRI,Upper Nile,Akoka,9.82895,32.034851
Tang Kuany Primary School,PRI,Unity,Mayom,9.088242429,29.14095971
Athor Primary School,PRI,Western Bahr el Ghazal,Jur River,7.77814,28.081869
Thora Bander Boys Primary School,PRI,Upper Nile,Malakal,9.52875,31.655466
Tangajon Basic Education School,PRI,Jonglei,Pibor,6.795783,33.128483
Atiabtiab Primary School,PRI,Upper Nile,Akoka,9.7397,32.173134
Tiitchok Primary School,PRI,Northern Bahr el Ghazal,Aweil East,8.9077,27.751699
Tuoch Luak Primary School,PRI,Unity,Rubkona,9.0287,29.681999
Tam Cuk Primary,PRI,Upper Nile,Akoka,9.73845,32.174068
The Daystar Secondary,SEC,Northern Bahr el Ghazal,Aweil Town,8.769628,27.39880567
Thorkuel Primary School,PRI,Northern Bahr el Ghazal,Aweil East,9.0534,27.761499
Man-Awan Academy,PRI,Northern Bahr el Ghazal,Aweil East,9.3638,27.6546
Tanganyika Primary School,PRI,Central Equatoria,Morobo,3.686521259,30.81149592
Titagor Primary School,PRI,Northern Bahr el Ghazal,Aweil North,9.1330766,27.1597499
Thak Basic School,PRI,Upper Nile,Malut,10.7541,32.33395
Athonyprimary School,PRI,Unity,Ruweng,4.4421,30.266741
Athidway Primary School.,PRI,Upper Nile,Manyo,11.3792,32.48497
Teah Primary School,PRI,Unity,Koch,8.72018325,29.84255425
Tharkoon Primary School,PRI,Warrap,Tonj North,8.157417,28.975866
Thajok Primary,PRI,Jonglei,Nyirol (Diror),8.488083,31.915251
Tharjiah Primary School,PRI,Unity,Koch,8.628871,29.9866585
Tharjiathbor Primary School,PRI,Unity,Mayiandit,8.393367,30.077101
Tharkuer Primary,PRI,Unity,Guit,9.034502833,29.98610483
Thargene Primary School,PRI,Unity,Mayom,9.088242429,29.14095971
Tharuob Primary School,PRI,Unity,Leer,8.350917,30.209
The Profesional Bright Academy,PRI,Northern Bahr el Ghazal,Aweil Town,8.759575,27.472224
The Profesional Bright Academy,SEC,Northern Bahr el Ghazal,Aweil Town,8.769628,27.39880567
Thian-Wei Primary School,PRI,Jonglei,Bor,6.1927,31.7635
Thiangdiar Primary School,PRI,Jonglei,Old Fangak,9.215283,30.699083
Thiet Primary School,PRI,Unity,Rubkona,9.195026667,29.763647
Tonga girls Primary,PRI,Upper Nile,Panyikang,9.378062,31.53763533
Tuak Primary,PRI,Unity,Guit,9.3142,30.0091
Tuok Primary School,PRI,Jonglei,Old Fangak,9.0778165,30.919724
Majai,PRI,Western Bahr el Ghazal,Jur River,7.7781025,28.0818325
Tumakon Primary School,PRI,Warrap,Twic,9.135332444,28.18868711
Toko kotul primary,PRI,Central Equatoria,Juba,5.018422,31.72436167
Tang Kuany Primary School,PRI,Unity,Mayom,9.088242429,29.14095971
Tukoro Primary School,PRI,Central Equatoria,Terekeka,5.642117,31.7174
Toalory Primary,PRI,Upper Nile,Ulang,10.27941861,32.65857108
Tier Lul Primary,PRI,Jonglei,Pochalla,7.095366667,34.168116
Tom-rok Primary School,PRI,Lakes,Awerial,6.5190366,30.9980864
Tuometim,PRI,Jonglei,Piji,9.2293835,31.16302525
Timothy Girl Primary School,PRI,Upper Nile,Nasir,8.6122,33.058449
Tim Naliel Primary School,PRI,Eastern Equatoria,Kapoeta East,4.579079444,34.11462444
TimSaha Primary School,PRI,Western Bahr el Ghazal,Raja,8.475834667,25.55363042
Tangnyang Primary School,PRI,Jonglei,Uror (Wunror),8.12455,32.044048
Tindiir,PRI,Jonglei,Duk,7.66343,31.489723
Tindir Primary School,PRI,Jonglei,Uror (Wunror),8.059691722,31.98400461
Tong Primary,PRI,Unity,Rubkona,9.2804,29.7939
Tongadol Primary School,PRI,Unity,Rubkona,9.0288,29.6821
Tongnyang Primary,PRI,Jonglei,Old Fangak,9.356317,30.6469
Tonga Boys Primary,PRI,Upper Nile,Panyikang,9.378062,31.53763533
Tongodol Primary School,PRI,Unity,Koch,8.741917,29.9419
Toikom Primary School,PRI,Unity,Guit,9.0345,29.986099
Imotong Primary School,PRI,Eastern Equatoria,Ikotos,4.287883333,33.18261233
Tiap - Tiap Primary School,PRI,Lakes,Cueibet,7.2925,29.428167
Tip Primary School,PRI,Upper Nile,Nasir,8.696967,33.395134
Pulthaakbil Primary School,PRI,Jonglei,Uror (Wunror),7.782,31.785732
Atar Secondary School,SEC,Jonglei,Piji,9.22083,31.46401
Toor Primary School,PRI,Jonglei,Uror (Wunror),8.200567,32.027618
Torkay Primary,PRI,Jonglei,Ayod,8.311875,31.2529655
Torkech Primary School,PRI,Upper Nile,Nasir,8.473717,33.151749
Atorok Primary School,PRI,Lakes,Awerial,6.1341,31.176517
Torkiel Primary School,PRI,Upper Nile,Ulang,10.27941861,32.65857108
Torpuot Primary School,PRI,Upper Nile,Nasir,8.559767,33.117802
Tiit Ruooc Primary School,PRI,Lakes,Rumbek Centre,6.684372167,29.4582385
Tit-Taba Primary School,PRI,Warrap,Tonj South,7.210233,28.625668
Titcok Primary School,PRI,Northern Bahr el Ghazal,Aweil North,9.1115,26.696699
Tongtuot Primary School,PRI,Unity,Mayom,9.088242429,29.14095971
ThotWat Primary School,PRI,Jonglei,Ayod,8.1242,31.410601
Tuel Kuach Primary School,PRI,Jonglei,Akobo,8.091983,32.391449
Werkhok Primary School,PRI,Jonglei,Bor,6.340767,31.653
Thok Wath Primary School,PRI,Jonglei,Akobo,8.25105825,32.20035725
Minkaman 2 Primary school,PRI,Lakes,Awerial,6.5190366,30.9980864
Akuang Aruol Primary School,PRI,Northern Bahr el Ghazal,Aweil West,8.70838,27.28874
Aguath Primary School,PRI,Northern Bahr el Ghazal,Aweil South,8.638222333,27.63321133
Kings Academy Primary School,PRI,Central Equatoria,Juba,4.8534,31.556801
Wuncuei Primary School,PRI,Warrap,Twic,9.132917,28.5089
Wernyin primary,PRI,Upper Nile,Nasir,8.949667,32.929516
Thoar Primary,PRI,Upper Nile,Ulang,10.27941861,32.65857108
Kulu Primary School,PRI,Lakes,Wulu,6.797332216,29.99964754
Unity National primary,PRI,Upper Nile,Malakal,9.471267,31.628166
Panhiang Primary,PRI,Unity,Rubkona,9.2544,29.7981
Majak Pawiel Upper Primary School,PRI,Northern Bahr el Ghazal,Aweil East,8.006413727,28.66000464
Manyiel Upper Primary school,PRI,Northern Bahr el Ghazal,Aweil East,8.9816,27.525749
Uthol School,PRI,Western Bahr el Ghazal,Jur River,8.007211111,27.73421689
Awutdo (Achot) primary school,PRI,Warrap,Gogrial East,8.5941,28.6097915
.Lual Dieu primary school,PRI,Jonglei,Ayod,8.311875,31.2529655
Auxilium Co-Basic,PRI,Western Bahr el Ghazal,Wau,7.699417,27.996799
St. Peter Primary,PRI,Eastern Equatoria,Magwi,3.587917,32.069866
Nyongrial Primary,PRI,Upper Nile,Baliet,9.291867,32.0376665
Rumkor Primary School,PRI,Lakes,Rumbek North,7.62075,29.719816
Thorgoang Primary School.,PRI,Upper Nile,Manyo,10.989167,32.642651
 Pan-Nhial primary school,PRI,Lakes,Awerial,6.5190366,30.9980864
Vyoon Primary School,PRI,Northern Bahr el Ghazal,Aweil East,9.232,27.6668
Warapac Primary School,PRI,Northern Bahr el Ghazal,Aweil East,9.363738833,27.65452483
Wau Nhom,PRI,Western Bahr el Ghazal,Jur River,8.0165,28.0884
Waibak Girls Primary School,PRI,Lakes,Cueibet,6.9621,29.5079
War Apac Primary School,PRI,Northern Bahr el Ghazal,Aweil East,9.363738833,27.65452483
Welle Basic School,PRI,Central Equatoria,Yei River,4.398147875,30.23400825
Wathwar Primary School,PRI,Upper Nile,Nasir,8.6122,33.058449
Aweng secondary school,PRI,Warrap,Gogrial East,8.6868,28.475599
War Nyiel Primary School,PRI,Northern Bahr el Ghazal,Aweil East,9.363738833,27.65452483
Worduk Basic School,PRI,Central Equatoria,Juba,4.8877735,31.48765774
Warbet Primary School,PRI,Western Bahr el Ghazal,Jur River,7.299,28.386499
Waibhar Primary School,PRI,Jonglei,Uror (Wunror),8.031083333,31.96098933
Wadakona Boys Primary School,PRI,Upper Nile,Manyo,11.5366,32.470001
Wad Bodha Primary Scool,PRI,Upper Nile,Renk,12.0188,32.8181
Owaci Combined Basic School,PRI,Upper Nile,Panyikang,9.377683,31.584316
Wec-Chol,PRI,Upper Nile,Nasir,8.785317,33.040085
Wech Deng Primary School,PRI,Jonglei,Akobo,7.8774,33.000599
Wechdeng Primary School.,PRI,Upper Nile,Nasir,8.677417,33.1143585
Awachier Primary School,PRI,Northern Bahr el Ghazal,Aweil East,9.2908534,27.692356
Wechkuach Primary School,PRI,Upper Nile,Nasir,8.76864175,33.08151725
Wechlita Primary,PRI,Upper Nile,Ulang,10.27941861,32.65857108
WechNyoot Primary School,PRI,Upper Nile,Nasir,8.73455,33.350967
WechTeng Primary,PRI,Upper Nile,Ulang,10.27941861,32.65857108
Wichbuoni Primary School,PRI,Upper Nile,Nasir,8.538872333,33.1037635
Wichluak Primary School,PRI,Upper Nile,Longchok,9.294317,33.495884
Wichock Primary,PRI,Unity,Mayom,9.088242429,29.14095971
Wichpuol Primary School,PRI,Jonglei,Uror (Wunror),8.05725,32.041693
Wichruop Primary School,PRI,Unity,Guit,9.176483,30.1481
Wicmuon Primary School,PRI,Jonglei,Old Fangak,9.177233368,30.76679611
Wicyuak Primary School,PRI,Unity,Rubkona,9.195026667,29.763647
Wadissa Primary School,PRI,Upper Nile,Maiwut,8.68785,34.026833
Wadul Primary School,PRI,Unity,Guit,9.3142,30.00909433
Wau Shilluk East Primary School,PRI,Upper Nile,Malakal,9.394183,31.584417
Wech-Thony Primary School,PRI,Upper Nile,Ulang,10.27941861,32.65857108
Warkeech Primary School,PRI,Northern Bahr el Ghazal,Aweil East,9.2909,27.6924
Moper West Primary School,PRI,Northern Bahr el Ghazal,Aweil Town,8.76425,27.401983
Wech Luak Primary,PRI,Jonglei,Akobo,7.668533,33.041401
Standard Secondary,SEC,Western Bahr el Ghazal,Wau,7.950166207,28.06916507
Wagga Primary School,PRI,Upper Nile,Ulang,10.27941861,32.65857108
Wadakona Girls Primary School,PRI,Upper Nile,Manyo,11.60825,32.729233
Wanglok Primary School,PRI,Unity,Rubkona,9.19502,29.763639
Warrap Girls School,PRI,Warrap,Tonj North,8.11195,28.62774175
Wanlist Aher Primary School,PRI,Northern Bahr el Ghazal,Aweil North,9.13580585,27.25816525
Wau High Secondary,SEC,Western Bahr el Ghazal,Wau,7.950166207,28.06916507
Wunchil Primary School,PRI,Upper Nile,Akoka,9.79750425,32.134388
Wau Nhom,PRI,Western Bahr el Ghazal,Jur River,8.016488833,28.0883725
William Chuol Primary School,PRI,Jonglei,Old Fangak,9.177233368,30.76679611
Wijpathwonh Primary,PRI,Upper Nile,Panyikang,9.37807,31.53764
Wech Jioni Primary School,PRI,Jonglei,Akobo,7.809778571,33.01718857
Wejpatuk Primary,PRI,Upper Nile,Panyikang,9.37807,31.53764
Wajowk Primary,PRI,Upper Nile,Malakal,9.547433,31.63665
Wang Koang Primary School,PRI,Unity,Mayiandit,8.384267,30.000418
Waak Primary,PRI,Unity,Rubkona,8.928817,29.616249
Wadakona Primary School,PRI,Upper Nile,Manyo,11.5367,32.470001
Wakrial primary,PRI,Upper Nile,Nasir,8.57845,33.086967
Warkot Primary school,PRI,Northern Bahr el Ghazal,Aweil North,9.11149275,26.69668969
Wuot Liew,PRI,Unity,Mayiandit,8.409233,29.999083
Wan Machar Primary,PRI,Jonglei,Ayod,8.1773804,31.35943567
Wun Mijak Primary,PRI,Jonglei,Piji,9.22083,31.46401
Waramoth Primary School,PRI,Northern Bahr el Ghazal,Aweil North,9.133,27.1597
War Amuor Primary School,PRI,Northern Bahr el Ghazal,Aweil North,9.1330766,27.1597499
Wanam Primary School,PRI,Unity,Mayom,9.048,29.091999
Wei Naath Primary,PRI,Jonglei,Nyirol (Diror),8.3552,31.907801
Wandi Primary School,PRI,Western Equatoria,Mundri East,5.496767,30.643499
Wanding Primary School,PRI,Jonglei,Akobo,8.25105825,32.20035725
Wanding Primary School,PRI,Upper Nile,Nasir,8.785317,33.040085
Wandow Primary,PRI,Upper Nile,Nasir,8.6122,33.058449
Wangeehot Primary School,PRI,Unity,Koch,8.526840429,30.54233386
Wangkei Primary School,PRI,Unity,Mayiandit,8.1401,29.985854
Wanguar Primary School,PRI,Unity,Rubkona,9.25455,29.792999
Wengdhier Primary School,PRI,Unity,Ruweng,9.63255,30.26675
Wonding Primary School,PRI,Upper Nile,Baliet,9.289117,32.017666
Wathjak Primary School,PRI,Unity,Rubkona,9.195,29.76362
War-Adhot Primary School,PRI,Northern Bahr el Ghazal,Aweil East,8.907692556,27.75167378
War-Ayen Primary School.,PRI,Northern Bahr el Ghazal,Aweil East,9.3637,27.654499
War-Lang Garam Primary School,PRI,Northern Bahr el Ghazal,Aweil East,9.1705665,27.3823455
Wartung Primary School,PRI,Unity,Rubkona,9.2543835,29.7981085
Warapath Primary School,PRI,Northern Bahr el Ghazal,Aweil East,8.0727,28.565634
Wicajwok Basic,PRI,Upper Nile,Panyikang,9.378062,31.53763533
Wisdom Nursery and Primary School,PRI,Central Equatoria,Juba,4.9861,31.680099
Awet Primary,PRI,Upper Nile,Manyo,11.37924,32.485008
Thor Primary,PRI,Upper Nile,Manyo,11.37918,32.484951
Waat Primary School,PRI,Upper Nile,Nasir,8.785317,33.040085
Wath Primary School,PRI,Upper Nile,Nasir,8.76864175,33.08151725
Wathnyuon Primary School,PRI,Unity,Guit,9.1285335,30.03817635
Wathok Primary School,PRI,Northern Bahr el Ghazal,Aweil North,9.1324,26.748117
Wutom Primary School,PRI,Jonglei,Akobo,7.67821025,32.77773513
Wartung Primary School,PRI,Western Bahr el Ghazal,Jur River,7.7781025,28.0818325
Wech Tut Primary,PRI,Upper Nile,Ulang,10.27941861,32.65857108
Wun-Kec Primary School,PRI,Warrap,Tonj South,7.379961167,28.88066967
Wun ngong Primary,PRI,Upper Nile,Maiwut,8.63915,33.8339
Wun Akot Primary,PRI,Jonglei,Piji,9.2367,31.1954
Awulien Primary School,PRI,Jonglei,Piji,9.22082,31.464001
Wunthou Primary school,PRI,Upper Nile,Akoka,9.79750425,32.134388
Wanam Primary School,PRI,Unity,Mayom,9.048005667,29.09198833
Wau west Primary School,PRI,Upper Nile,Malakal,9.394183,31.584417
Wunkor Primary School,PRI,Upper Nile,Akoka,9.79750425,32.134388
Wech Yier Yier Primary School,PRI,Jonglei,Akobo,7.67821025,32.77773513
Wurieng Primary School,PRI,Lakes,Rumbek North,7.6691,29.713266
Thorgou Primary School,PRI,Unity,Guit,9.1285335,30.03817635
Nyongrial Primary School,PRI,Unity,Ruweng,9.855917,29.788033
St. Lwanga Catholic primary,PRI,Upper Nile,Malakal,9.523167,31.657633
Wargiir Primary School,PRI,Warrap,Tonj South,7.3205,28.710882
Ayad Primary School.,PRI,Upper Nile,Manyo,11.53662273,32.46998491
Yith Anyuat Primary,PRI,Lakes,Cueibet,6.935483333,29.43480583
Yabioc Secondary,SEC,Upper Nile,Renk,11.7343,32.8265
Yiech primary,PRI,Upper Nile,Nasir,8.949667,32.929516
Anyiel Primary School,PRI,Warrap,Twic,9.1553,28.029499
Ayendit Orphan Primary School,SEC,Northern Bahr el Ghazal,Aweil East,9.070603667,27.45598689
Iyire Hafaiprimary School,PRI,Eastern Equatoria,Torit,4.2847395,32.5117865
Yiik Adoor Primary,PRI,Warrap,Gogrial East,8.2713,28.51
Yakuach Primary,PRI,Jonglei,Nyirol (Diror),8.38647,32.109192
Rumyol Primary School,PRI,Northern Bahr el Ghazal,Aweil East,9.073,27.8507
Yolakot primary school,PRI,Lakes,Awerial,6.5190366,30.9980864
Yomding Primary School,PRI,Upper Nile,Ulang,10.27941861,32.65857108
Mayomlach Primary School,PRI,Northern Bahr el Ghazal,Aweil East,9.1705665,27.3823455
YMCJEBEL KUJUR Primary School,PRI,Central Equatoria,Juba,4.853290368,31.55675447
Yianage Primary School,PRI,Upper Nile,Maban,9.931767,33.693184
Yian Primary,PRI,Jonglei,Ayod,8.1324,31.309099
Yian Primary School.,PRI,Jonglei,Uror (Wunror),7.782,31.785732
Nyot Primary,PRI,Jonglei,Ayod,8.1773804,31.35943567
Yiandany Primary School,PRI,Unity,Leer,8.316434389,30.21096106
Yien Primary School.,PRI,Jonglei,Duk,7.71625,31.6896495
Ying Primary,PRI,Upper Nile,Ulang,10.27941861,32.65857108
Kyangkuany Primary School,PRI,Unity,Mayom,9.088242429,29.14095971
Yoanyang Primary School,PRI,Unity,Rubkona,9.296367,29.802349
Yup Primary School,PRI,Unity,Panyinjiar,7.4275032,30.4153804
Yapuang Primary School,PRI,Upper Nile,Panyikang,9.378062,31.53763533
Wuneget Primary,PRI,Jonglei,Nyirol (Diror),8.3864525,32.10917275
Yarjiech Primary School,PRI,Unity,Rubkona,9.166654167,29.76707308
Nyori I Primary School,PRI,Central Equatoria,Morobo,3.6858,30.8123
Yiethdeng Primary School,PRI,Jonglei,Uror (Wunror),8.12455,32.044048
Nyuwa Primary School,PRI,Central Equatoria,Juba,4.9349,30.587566
 Isore Primary School,PRI,Eastern Equatoria,Ikotos,4.272265292,33.19093292
Nyayoik Basic School,PRI,Upper Nile,Malut,10.09105262,32.35229962
Zachariah Bol Catholic Primary School,PRI,Unity,Rubkona,9.1667,29.767099
Zaca Community Girls School,PRI,Western Equatoria,Ezo,4.986817,27.680134
Zhornor Primary School,PRI,Unity,Koch,8.4755,30.1411
Wun-Kur,PRI,Unity,Ruweng,4.4421,30.26672667
Zogolona Primary School,PRI,Western Bahr el Ghazal,Wau,7.7205,27.9891
Zion Primary School,PRI,Unity,Rubkona,9.1667,29.767099
Dhorbor Primary School,PRI,Unity,Rubkona,9.19501,29.76363
Zorjack Primary School,PRI,Unity,Mayiandit,8.3941,30.0825
Zarzar primary,PRI,Upper Nile,Maiwut,8.6017375,33.9518585
Wermel Primary,PRI,Jonglei,Bor,6.222033,31.705833
Manibu Primary School,PRI,Western Equatoria,Maridi,4.993398333,29.41142376
Manubu Primary School,PRI,Western Equatoria,Maridi,4.993398333,29.41142376
Pulieliah Primary school,PRI,Lakes,Yirol West,6.135175,30.020525
