State,County,Payam,School_Name,School_Type,Total_Primary_Students,Total_Secondary_Students,Total_Students
Amadi,Mundri East County,Kediba,Bari Primary,Primary,0,0,0
Amadi,Mundri East County,Kediba,BEKENYE Primary School,Primary,0,0,0
Amadi,Mundri East County,Kediba,Dorowa Community Primary School,Primary,0,0,0
Amadi,Mundri East County,Kediba,Dosho Primary School,Primary,0,0,0
Amadi,Mundri East County,Kediba,Gwori Primary School,Primary,395,0,395
Amadi,Mundri East County,Kediba,Kanjanwa Primary,Primary,0,0,0
Amadi,Mundri East County,Kediba,Kediba Primary School,Primary,813,0,813
Amadi,Mundri East County,Kediba,Kediba Secondary School,Secondary,0,0,0
Amadi,Mundri East County,Kediba,Kokokago Community School,Primary,0,0,0
Amadi,Mundri East County,Kediba,Koro-Kago Communiy School,Primary,0,0,0
Amadi,Mundri East County,Kediba,Labiko community School,Primary,0,0,0
Amadi,Mundri East County,Kediba,Larogora Community Primary School,Primary,0,0,0
Amadi,Mundri East County,Kediba,Lunjini Primary School,Primary,0,0,0
Amadi,Mundri East County,Kediba,Magyiri U. P. School,Primary,233,0,233
Amadi,Mundri East County,Kediba,Maniguru Community Primary School,Primary,0,0,0
Amadi,Mundri East County,Kediba,Mirigue Primary School,Primary,0,0,0
Amadi,Mundri East County,Kediba,Mirindani Primary School,Primary,238,0,238
Amadi,Mundri East County,Kediba,Wandi Primary School,Primary,0,0,0
Amadi,Mundri East County,Kediba,Wandi Tapari Primary School,Primary,0,0,0
Amadi,Mundri East County,Lakamadi,Kasiko,Primary,112,0,112
Amadi,Mundri East County,Lakamadi,Lakamadi Primary School,Primary,342,0,342
Amadi,Mundri East County,Lakamadi,Madu-ngama pri sch,Primary,186,0,186
Amadi,Mundri East County,Lakamadi,Mutala Primary School,Primary,247,0,247
Amadi,Mundri East County,Lakamadi,Tegye,Primary,478,0,478
Amadi,Mundri East County,Lozoh,Buagyi primary,Primary,0,0,0
Amadi,Mundri East County,Lozoh,delewana Primary School,Primary,112,0,112
Amadi,Mundri East County,Lozoh,Doroh Primary School,Primary,0,0,0
Amadi,Mundri East County,Lozoh,Dr Pietro Primary School,Primary,0,0,0
Amadi,Mundri East County,Lozoh,Fraser Cathedral Primary SChool,Primary,0,0,0
Amadi,Mundri East County,Lozoh,Galanju SDA Primary School,Primary,290,0,290
Amadi,Mundri East County,Lozoh,Iyeba 2 Primary School,Primary,0,0,0
Amadi,Mundri East County,Lozoh,Kalalayi Primary School,Primary,0,0,0
Amadi,Mundri East County,Lozoh,Kasa Alokado primary,Primary,0,0,0
Amadi,Mundri East County,Lozoh,Lanyi girls Primary School,Primary,0,0,0
Amadi,Mundri East County,Lozoh,Lanyi Primary School,Primary,216,0,216
Amadi,Mundri East County,Lozoh,Lozoh Primary School,Primary,0,0,0
Amadi,Mundri East County,Lozoh,Lui Girls National Secondary school,Secondary,0,160,160
Amadi,Mundri East County,Lozoh,Lui Primary School,Primary,592,0,592
Amadi,Mundri East County,Lozoh,Luka Ngabiri Memorial Primary School,PRE,0,0,0
Amadi,Mundri East County,Lozoh,Lunjini Girls academy,Primary,536,0,536
Amadi,Mundri East County,Lozoh,Mandikini Primary School,Primary,0,0,0
Amadi,Mundri East County,Lozoh,Mirimududu Primary School,Primary,281,0,281
Amadi,Mundri East County,Lozoh,Miroloko Primary School,Primary,103,0,103
Amadi,Mundri East County,Lozoh,Molloh Sub Primary School,Primary,0,0,0
Amadi,Mundri East County,Lozoh,Singirinwa Primary School,Primary,0,0,0
Amadi,Mundri East County,Lozoh,Singo Community Primary School,Primary,0,0,0
Amadi,Mundri East County,Lozoh,Tedo Primary School,Primary,148,0,148
Amadi,Mundri East County,Lozoh,Udu Primary School,Primary,148,0,148
Amadi,Mundri East County,Lozoh,Wiroh Primary School,Primary,0,0,0
Amadi,Mundri East County,Minga,Agyi Primary School,Primary,0,0,0
Amadi,Mundri East County,Minga,Iyeba I Primary School,Primary,0,0,0
Amadi,Mundri East County,Minga,Jubani Primary,Primary,0,0,0
Amadi,Mundri East County,Minga,Minga Primary School,Primary,0,0,0
Amadi,Mundri East County,Minga,Moruari Primary,Primary,0,0,0
Amadi,Mundri East County,Witto,Jambo Secondary School,Secondary,0,71,71
Amadi,Mundri East County,Witto,Kporolo Primary School,Primary,239,0,239
Amadi,Mundri East County,Witto,Mariba Primary School,Primary,414,0,414
Amadi,Mundri East County,Witto,Mideh Primary School,Primary,260,0,260
Amadi,Mundri West County,Amadi,Amada centre Primary School,Primary,462,0,462
Amadi,Mundri West County,Amadi,Amadi II primary,Primary,286,0,286
Amadi,Mundri West County,Amadi,Bitti Primary School,Primary,219,0,219
Amadi,Mundri West County,Amadi,Kulundu Primary School,Primary,140,0,140
Amadi,Mundri West County,Amadi,Madiba SubPrimary School,Primary,286,0,286
Amadi,Mundri West County,Amadi,Osho Primary School,Primary,184,0,184
Amadi,Mundri West County,Bangalo,Bangolo,Primary,156,0,156
Amadi,Mundri West County,Bangalo,Diko Primary School,Primary,225,0,225
Amadi,Mundri West County,Bangalo,Ladiwa Primary School,Primary,0,0,0
Amadi,Mundri West County,Bangalo,Tore-Wandi Primary School,Primary,0,0,0
Amadi,Mundri West County,Kotobi,Bari Primary School,Primary,0,0,0
Amadi,Mundri West County,Kotobi,Karika Centre Primary School,Primary,615,0,615
Amadi,Mundri West County,Kotobi,Karika II Primary School,Primary,288,0,288
Amadi,Mundri West County,Kotobi,Kotobi Secondary School,Secondary,0,131,131
Amadi,Mundri West County,Kotobi,Kotobi Upper Primary School,Primary,510,0,510
Amadi,Mundri West County,Kotobi,Langua Primary School,Primary,436,0,436
Amadi,Mundri West County,Kotobi,Mandi Primary School,Primary,383,0,383
Amadi,Mundri West County,Kotobi,Medewu Primary School,Primary,0,0,0
Amadi,Mundri West County,Mundri,Abobo Primary School,Primary,0,0,0
Amadi,Mundri West County,Mundri,Ama-Alo Model Primary School,Primary,803,0,803
Amadi,Mundri West County,Mundri,Baya primary school,Primary,753,0,753
Amadi,Mundri West County,Mundri,Comprehensive Academy,Secondary,0,0,0
Amadi,Mundri West County,Mundri,Emma Primary School,Primary,574,0,574
Amadi,Mundri West County,Mundri,Emmanuel And Moni Primary School,Primary,208,0,208
Amadi,Mundri West County,Mundri,Foki Primary School,Primary,280,0,280
Amadi,Mundri West County,Mundri,Gloria Primary School,Primary,565,0,565
Amadi,Mundri West County,Mundri,Gullu I Primary School,Primary,235,0,235
Amadi,Mundri West County,Mundri,Hai Baraka Primary School,Primary,411,0,411
Amadi,Mundri West County,Mundri,Hai Malakal Primary School,Primary,575,0,575
Amadi,Mundri West County,Mundri,Janga Primary School (Goribalau),Primary,282,0,282
Amadi,Mundri West County,Mundri,Jarangala primary,Primary,0,0,0
Amadi,Mundri West County,Mundri,Lendreywa Primary School,Primary,369,0,369
Amadi,Mundri West County,Mundri,Marikalanga Primary School,Primary,552,0,552
Amadi,Mundri West County,Mundri,Mbara Primary School,Primary,456,0,456
Amadi,Mundri West County,Mundri,Miri-Magya Primary School,Primary,264,0,264
Amadi,Mundri West County,Mundri,Motherland Secondary school,Secondary,0,268,268
Amadi,Mundri West County,Mundri,Mundri Adventist Primary,Primary,1123,0,1123
Amadi,Mundri West County,Mundri,Mundri I primary,Primary,390,0,390
Amadi,Mundri West County,Mundri,Mundri II Primary School,Primary,740,0,740
Amadi,Mundri West County,Mundri,Mundri Secondary School,Secondary,0,236,236
Amadi,Mundri West County,Mundri,Mundri Women ALP Centre,ALP,0,0,0
Amadi,Mundri West County,Mundri,Noami Memorial Primary,Primary,0,0,0
Amadi,Mundri West County,Mundri,Nyau I Primary School,Primary,122,0,122
Amadi,Mundri West County,Mundri,Nyau II(Anigo) Primary School,Primary,0,0,0
Amadi,Mundri West County,Mundri,Okari Primary School,Primary,263,0,263
Amadi,Mundri West County,Mundri,Opaba Orphanage Primary School,Primary,216,0,216
Amadi,Mundri West County,Mundri,Sunrise Model Nursery School,NUR,0,0,391
Amadi,Mundri West County,Mundri,Talim Nursery And Primary School,Primary,331,0,331
Amadi,Mundri West County,Mundri,Teachers Union Secondary School,Secondary,0,394,394
Amadi,Mundri West County,Mundri,Yanga Pre- School,PRE,0,0,54
Amadi,Mvolo County,Bahr El Girindi,Babari Primary School,Primary,286,0,286
Amadi,Mvolo County,Bahr El Girindi,Bahr El Gindi Primary School,Primary,398,0,398
Amadi,Mvolo County,Bahr El Girindi,Bahr Grindi ALP,ALP,0,0,0
Amadi,Mvolo County,Bahr El Girindi,Bibikalau ALP Centre,ALP,0,0,0
Amadi,Mvolo County,Bahr El Girindi,Bitkalau Primary School,Primary,287,0,287
Amadi,Mvolo County,Bahr El Girindi,Daa Dokolu Primary School,Primary,284,0,284
Amadi,Mvolo County,Bahr El Girindi,Dimere Primary School,Primary,388,0,388
Amadi,Mvolo County,Bahr El Girindi,Dongoi BALP School,ALP,0,0,234
Amadi,Mvolo County,Bahr El Girindi,Donyikong Primary School,Primary,165,0,165
Amadi,Mvolo County,Bahr El Girindi,Kata Primary School,Primary,182,0,182
Amadi,Mvolo County,Bahr El Girindi,Kila ALP,ALP,0,0,0
Amadi,Mvolo County,Bahr El Girindi,Kulu Primary School,Primary,416,0,416
Amadi,Mvolo County,Bahr El Girindi,Lali II Primary School,Primary,312,0,312
Amadi,Mvolo County,Bahr El Girindi,Lei Bollo Primary School,Primary,270,0,270
Amadi,Mvolo County,Bahr El Girindi,Leibolo ALP Centre,ALP,0,0,0
Amadi,Mvolo County,Bahr El Girindi,Mokiri Primary School,Primary,236,0,236
Amadi,Mvolo County,Bahr El Girindi,Wowo BALP School,ALP,0,0,0
Amadi,Mvolo County,Bahr El Girindi,Wowo Primary School,Primary,486,0,486
Amadi,Mvolo County,Bogori,Bogori Community Girls School,ALP,0,0,156
Amadi,Mvolo County,Bogori,Bogori Primary School,Primary,354,0,354
Amadi,Mvolo County,Bogori,Dokorimbere Primary School,Primary,119,0,119
Amadi,Mvolo County,Bogori,Gira Primary School,Primary,452,0,452
Amadi,Mvolo County,Bogori,Kperikudu BALP School,ALP,0,0,192
Amadi,Mvolo County,Bogori,Kperikudu Primary School,Primary,286,0,286
Amadi,Mvolo County,Bogori,Mulutu Primary School,Primary,142,0,142
Amadi,Mvolo County,Dari,Dari Primary School,Primary,0,0,0
Amadi,Mvolo County,Kokor,Apianthic Primary School,Primary,301,0,301
Amadi,Mvolo County,Kokor,Donyireki Primary School,Primary,286,0,286
Amadi,Mvolo County,Kokor,Dullo ALP Centre,ALP,0,0,0
Amadi,Mvolo County,Kokor,Dulo Primary School,Primary,331,0,331
Amadi,Mvolo County,Kokor,Dulo Road Primary School,Primary,418,0,418
Amadi,Mvolo County,Kokor,Kokori ALP Centre,ALP,0,0,161
Amadi,Mvolo County,Kokor,Kokori Primary School,Primary,579,0,579
Amadi,Mvolo County,Kokor,Kulu BALP School,ALP,0,0,128
Amadi,Mvolo County,Kokor,Lam ALP School,ALP,0,0,281
Amadi,Mvolo County,Kokor,Lam Primary School,Primary,635,0,635
Amadi,Mvolo County,Kokor,Lamunde Primary School,Primary,286,0,286
Amadi,Mvolo County,Lessi,Bari Primary School,Primary,728,0,728
Amadi,Mvolo County,Lessi,Kpelikiri Primary School,Primary,283,0,283
Amadi,Mvolo County,Lessi,Lessi ALP Centre,ALP,0,0,0
Amadi,Mvolo County,Lessi,Lessi Primary School,Primary,301,0,301
Amadi,Mvolo County,Mvolo,Bulolo Primary School,Primary,108,0,108
Amadi,Mvolo County,Mvolo,Dobo Memorial Nursery and Primary School,Primary,354,0,354
Amadi,Mvolo County,Mvolo,Domeri Primary School,Primary,212,0,212
Amadi,Mvolo County,Mvolo,Dotiraba Primary School,Primary,347,0,347
Amadi,Mvolo County,Mvolo,Kila Primary School,Primary,520,0,520
Amadi,Mvolo County,Mvolo,Medikanunu BALP School,ALP,0,0,0
Amadi,Mvolo County,Mvolo,Minikolome,Primary,270,0,270
Amadi,Mvolo County,Mvolo,Mother Land Primary School,Primary,488,0,488
Amadi,Mvolo County,Mvolo,Mvolo Centre Pre - School,PRE,0,0,111
Amadi,Mvolo County,Mvolo,Mvolo Centre Primary School,Primary,430,0,430
Amadi,Mvolo County,Mvolo,Mvolo ECSS BALP,ALP,0,0,0
Amadi,Mvolo County,Mvolo,Mvolo SDA BALP,ALP,0,0,0
Amadi,Mvolo County,Mvolo,Mvolo Secondary School,Secondary,0,107,107
Amadi,Mvolo County,Mvolo,SDA Mvolo Primary School,Primary,327,0,327
Amadi,Mvolo County,Mvolo,Talapari Primary School,Primary,184,0,184
Amadi,Mvolo County,Yeri,Dogabi Primary School,Primary,400,0,400
Amadi,Mvolo County,Yeri,Dogereng BALP Centre,ALP,0,0,208
Amadi,Mvolo County,Yeri,Dogerering Primary School,Primary,437,0,437
Amadi,Mvolo County,Yeri,Gbara Pre-Shool,PRE,0,0,0
Amadi,Mvolo County,Yeri,Mayewe ALP Centre,ALP,0,0,269
Amadi,Mvolo County,Yeri,Mayewe Primary School,Primary,280,0,280
Amadi,Mvolo County,Yeri,Ngorony Primary School,Primary,0,0,0
Amadi,Mvolo County,Yeri,Tiboro Primary School,Primary,227,0,227
Amadi,Mvolo County,Yeri,Wini Kelu BALP Community School,ALP,0,0,256
Amadi,Mvolo County,Yeri,Winikelu Pre - -School,PRE,0,0,276
Amadi,Mvolo County,Yeri,Yere primary,Primary,0,0,0
Amadi,Mvolo County,Yeri,Yeri Centre Primary School,Primary,488,0,488
Amadi,Mvolo County,Yeri,Yeri Community Girls School,ALP,0,0,194
Amadi,Mvolo County,Yeri,Yeri Secondary school,Secondary,0,0,0
Amadi,Mvolo County,Yeri,Yeri Sun Rise Primary School,Primary,274,0,274
Amadi,Mvolo County,Yeri,Yerimozo,Primary,179,0,179
Aweil East,Aweil East County,Baac,Adut Adhot Basic School,Primary,587,0,587
Aweil East,Aweil East County,Baac,Aguath Primary School,Primary,488,0,488
Aweil East,Aweil East County,Baac,Aguoth Primary school,Primary,0,0,0
Aweil East,Aweil East County,Baac,Ajiep Primary School,Primary,286,0,286
Aweil East,Aweil East County,Baac,Anyang Primary School,Primary,292,0,292
Aweil East,Aweil East County,Baac,Apial Primary School,Primary,387,0,387
Aweil East,Aweil East County,Baac,Baac Primary School,Primary,774,0,774
Aweil East,Aweil East County,Baac,Gordhim Comboni Primary School,Primary,0,0,0
Aweil East,Aweil East County,Baac,Kanajak Secondary School,Secondary,0,0,0
Aweil East,Aweil East County,Baac,Kingstone Seconday,Secondary,0,0,0
Aweil East,Aweil East County,Baac,Lol Akue Primary School,Primary,286,0,286
Aweil East,Aweil East County,Baac,Lol Mading Primary School,Primary,367,0,367
Aweil East,Aweil East County,Baac,Mabior Angany Upper Primary School,Primary,631,0,631
Aweil East,Aweil East County,Baac,Majak-Akoon Basic School,Primary,553,0,553
Aweil East,Aweil East County,Baac,Majok-Dut Primary School,Primary,506,0,506
Aweil East,Aweil East County,Baac,Makuac Girls Primary School,Primary,553,0,553
Aweil East,Aweil East County,Baac,Makuac Primary School,Primary,493,0,493
Aweil East,Aweil East County,Baac,Malek Bol Akon Primary School.,Primary,478,0,478
Aweil East,Aweil East County,Baac,Malual Kon Primary School,Primary,768,0,768
Aweil East,Aweil East County,Baac,Maluil Agurpiny Primary,Primary,276,0,276
Aweil East,Aweil East County,Baac,Man-Awan Primary School,Primary,439,0,439
Aweil East,Aweil East County,Baac,Mareng Teng Primary School,Primary,322,0,322
Aweil East,Aweil East County,Baac,Marial Ding Primary,Primary,0,0,0
Aweil East,Aweil East County,Baac,Mayen Adhot Primary,Primary,406,0,406
Aweil East,Aweil East County,Baac,Riangawai Primary School,Primary,791,0,791
Aweil East,Aweil East County,Baac,Rulnyin Basic School,Primary,560,0,560
Aweil East,Aweil East County,Baac,Rum-Aker Primary School,Primary,285,0,285
Aweil East,Aweil East County,Baac,Rumyol Primary School,Primary,545,0,545
Aweil East,Aweil East County,Baac,St Daniel Comboni Primary School,Primary,928,0,928
Aweil East,Aweil East County,Baac,Uyoon Primary School,Primary,434,0,434
Aweil East,Aweil East County,Baac,Vyoon Primary School,Primary,0,0,0
Aweil East,Aweil East County,Baac,Wanyjok St. Bakhita Primary School,Primary,1197,0,1197
Aweil East,Aweil East County,Baac,War-Agany Primary School.,Primary,310,0,310
Aweil East,Aweil East County,Baac,Warapac Primary School,Primary,0,0,0
Aweil East,Aweil East County,Baac,Warbek Primary School,Primary,456,0,456
Aweil East,Aweil East County,Baac,Warkec Primary School,Primary,194,0,194
Aweil East,Aweil East County,Baac,Yargot Secondary School,Secondary,0,104,104
Aweil East,Aweil East County,Baac,Zion International School,Primary,606,0,606
Aweil East,Aweil East County,Madhol,Adoor Primary,Primary,344,0,344
Aweil East,Aweil East County,Madhol,Amar- Jal Primary School,Primary,842,0,842
Aweil East,Aweil East County,Madhol,Atuong Rial Primary,Primary,0,0,0
Aweil East,Aweil East County,Madhol,Bouthyar Primary School,Primary,312,0,312
Aweil East,Aweil East County,Madhol,Chuomator Primary School,Primary,493,0,493
Aweil East,Aweil East County,Madhol,Dang Primary School,Primary,559,0,559
Aweil East,Aweil East County,Madhol,Gier Chok Primary Schhol,Primary,286,0,286
Aweil East,Aweil East County,Madhol,Gumeel Primary School,Primary,730,0,730
Aweil East,Aweil East County,Madhol,Kuel Primary School,Primary,725,0,725
Aweil East,Aweil East County,Madhol,Mabok Geng Basic School,Primary,406,0,406
Aweil East,Aweil East County,Madhol,Madhol Primary School,Primary,860,0,860
Aweil East,Aweil East County,Madhol,Madhol Senior Sec. School,Secondary,0,0,0
Aweil East,Aweil East County,Madhol,Majak Girl Primary School,Primary,291,0,291
Aweil East,Aweil East County,Madhol,Makuach Wundiing ALP,ALP,0,0,286
Aweil East,Aweil East County,Madhol,Makuer Deng Mawier,Primary,0,0,0
Aweil East,Aweil East County,Madhol,Malith Alek Yai Basic School,Primary,340,0,340
Aweil East,Aweil East County,Madhol,Malou Deng Lou,Primary,286,0,286
Aweil East,Aweil East County,Madhol,Malou Mou Primary School,Primary,697,0,697
Aweil East,Aweil East County,Madhol,Malou Mou Secondary School,Secondary,0,103,103
Aweil East,Aweil East County,Madhol,Malual Dit Basic School,Primary,260,0,260
Aweil East,Aweil East County,Madhol,Manyok Diang Primary,Primary,472,0,472
Aweil East,Aweil East County,Madhol,Maper Ping Dong Primary School,Primary,754,0,754
Aweil East,Aweil East County,Madhol,Mayen Lual Primary School.,Primary,397,0,397
Aweil East,Aweil East County,Madhol,Pagai Primary School,Primary,619,0,619
Aweil East,Aweil East County,Madhol,Pan-Apuoth Primary School,Primary,730,0,730
Aweil East,Aweil East County,Madhol,Pariak Basic School,Primary,676,0,676
Aweil East,Aweil East County,Madhol,Rumrol Primary School,Primary,751,0,751
Aweil East,Aweil East County,Madhol,Santo Ayang ALP,ALP,0,0,357
Aweil East,Aweil East County,Madhol,War Apac Primary School,Primary,309,0,309
Aweil East,Aweil East County,Malual Baai,Adoor Basic School,Primary,303,0,303
Aweil East,Aweil East County,Malual Baai,Alek Primary School,Primary,275,0,275
Aweil East,Aweil East County,Malual Baai,Arieu Primary School,Primary,572,0,572
Aweil East,Aweil East County,Malual Baai,Atadau Primary School.,Primary,286,0,286
Aweil East,Aweil East County,Malual Baai,Atuet Primary School,Primary,281,0,281
Aweil East,Aweil East County,Malual Baai,Chuom Akot Primary School,Primary,286,0,286
Aweil East,Aweil East County,Malual Baai,Denyic Primary School,Primary,879,0,879
Aweil East,Aweil East County,Malual Baai,Geer Primary School,Primary,285,0,285
Aweil East,Aweil East County,Malual Baai,Kotic Primary School,Primary,572,0,572
Aweil East,Aweil East County,Malual Baai,Kuom Ajuong Primary,Primary,286,0,286
Aweil East,Aweil East County,Malual Baai,Kuomkou Primary School,Primary,0,0,0
Aweil East,Aweil East County,Malual Baai,Lieth Basic School,Primary,478,0,478
Aweil East,Aweil East County,Malual Baai,Mabil Apuoth Primary School,Primary,580,0,580
Aweil East,Aweil East County,Malual Baai,Majok Yinh Thiou Primary School,Primary,556,0,556
Aweil East,Aweil East County,Malual Baai,Malual Baai Comboni Primary School,Primary,1166,0,1166
Aweil East,Aweil East County,Malual Baai,Man-Awan Academy,Primary,0,0,0
Aweil East,Aweil East County,Malual Baai,Manyiel Wundeng Primary School.,Primary,261,0,261
Aweil East,Aweil East County,Malual Baai,Marial Tong Liai Primary School,Primary,284,0,284
Aweil East,Aweil East County,Malual Baai,Matong Secondary,Secondary,0,0,0
Aweil East,Aweil East County,Malual Baai,Panapuoth ALP Centre,ALP,0,0,0
Aweil East,Aweil East County,Malual Baai,Peth Primary School,Primary,688,0,688
Aweil East,Aweil East County,Malual Baai,Raing Mal ALP Centre,ALP,0,0,286
Aweil East,Aweil East County,Malual Baai,Rum-Wut Girls School.,Primary,280,0,280
Aweil East,Aweil East County,Malual Baai,Rumket Primary School.,Primary,267,0,267
Aweil East,Aweil East County,Malual Baai,Runmanyiel Primary School,Primary,0,0,0
Aweil East,Aweil East County,Malual Baai,St. Ayang Primary School,Primary,872,0,872
Aweil East,Aweil East County,Malual Baai,Thorkuel Primary School,Primary,301,0,301
Aweil East,Aweil East County,Malual Baai,Tonggoi Primary School,Primary,853,0,853
Aweil East,Aweil East County,Malual Baai,War Baai Primary School,Primary,312,0,312
Aweil East,Aweil East County,Malual Baai,War-Kou Primary School,Primary,572,0,572
Aweil East,Aweil East County,Malual Baai,Wun-Kuel Basic School,Primary,278,0,278
Aweil East,Aweil East County,Mangar-Tong,Ajeriak Primary School,Primary,286,0,286
Aweil East,Aweil East County,Mangar-Tong,Ariakriak Primary School.,Primary,320,0,320
Aweil East,Aweil East County,Mangar-Tong,Athiang Girls Centre,Primary,286,0,286
Aweil East,Aweil East County,Mangar-Tong,Atuet Dit Primary,Primary,428,0,428
Aweil East,Aweil East County,Mangar-Tong,Biokloc Primary School,Primary,318,0,318
Aweil East,Aweil East County,Mangar-Tong,Dhiak Primary School,Primary,293,0,293
Aweil East,Aweil East County,Mangar-Tong,Gudhuec Primary School.,Primary,0,0,0
Aweil East,Aweil East County,Mangar-Tong,Guordhuec Primary School,Primary,276,0,276
Aweil East,Aweil East County,Mangar-Tong,Mabok Tong Primary School,Primary,1766,0,1766
Aweil East,Aweil East County,Mangar-Tong,Maduc-Wol Community Primary School,Primary,0,0,0
Aweil East,Aweil East County,Mangar-Tong,Majak Ajuong Primary School,Primary,701,0,701
Aweil East,Aweil East County,Mangar-Tong,Majak Deng Aguer Primary School,Primary,562,0,562
Aweil East,Aweil East County,Mangar-Tong,Majak Pawiel Upper Primary School,Primary,0,0,0
Aweil East,Aweil East County,Mangar-Tong,Makuac Kier Primary School,Primary,323,0,323
Aweil East,Aweil East County,Mangar-Tong,Malekyel Primary School,Primary,574,0,574
Aweil East,Aweil East County,Mangar-Tong,Mangar-Tong Basic School,Primary,508,0,508
Aweil East,Aweil East County,Mangar-Tong,Manyiel Agepic Primary School,Primary,286,0,286
Aweil East,Aweil East County,Mangar-Tong,Marol Ajuong Primary School.,Primary,217,0,217
Aweil East,Aweil East County,Mangar-Tong,Mathiang Akol Kuol Primary School.,Primary,0,0,0
Aweil East,Aweil East County,Mangar-Tong,Mayom Pioldit Primary School,Primary,400,0,400
Aweil East,Aweil East County,Mangar-Tong,Mayomlach Primary School,Primary,0,0,0
Aweil East,Aweil East County,Mangar-Tong,Pan Kou Primary School,Primary,298,0,298
Aweil East,Aweil East County,Mangar-Tong,Panameth Primary School,Primary,562,0,562
Aweil East,Aweil East County,Mangar-Tong,Pioryom Primary School,Primary,288,0,288
Aweil East,Aweil East County,Mangar-Tong,Rial-Dit Ajoung Primary School,Primary,338,0,338
Aweil East,Aweil East County,Mangar-Tong,Riang Aketh Primary School,Primary,1048,0,1048
Aweil East,Aweil East County,Mangar-Tong,Rorjong Primary School,Primary,338,0,338
Aweil East,Aweil East County,Mangar-Tong,Rumjok Primary School,Primary,573,0,573
Aweil East,Aweil East County,Mangar-Tong,Tar-Weng Primary School,Primary,239,0,239
Aweil East,Aweil East County,Mangar-Tong,Tiitchok Primary School,Primary,286,0,286
Aweil East,Aweil East County,Mangar-Tong,Tit Chok Mareng Primary School,Primary,858,0,858
Aweil East,Aweil East County,Mangar-Tong,War-Adhot Primary School,Primary,0,0,0
Aweil East,Aweil East County,Mangar-Tong,Warapath Primary School,Primary,0,0,0
Aweil East,Aweil East County,Mangar-Tong,Warkeech Primary School,Primary,468,0,468
Aweil East,Aweil East County,Mangar-Tong,Wur-Kot Primary School,Primary,285,0,285
Aweil East,Aweil East County,Mangok,Abaany Primary School,Primary,312,0,312
Aweil East,Aweil East County,Mangok,Gukic ALP Centre,ALP,0,0,289
Aweil East,Aweil East County,Mangok,Gukic Upper Primary School,Primary,564,0,564
Aweil East,Aweil East County,Mangok,Guukic Upper Primary School,Primary,0,0,0
Aweil East,Aweil East County,Mangok,Mabior-Wun-Diing Primary School,Primary,566,0,566
Aweil East,Aweil East County,Mangok,Madul - Wol Primary Scholl,Primary,234,0,234
Aweil East,Aweil East County,Mangok,Majak Dhiema Primary School.,Primary,1144,0,1144
Aweil East,Aweil East County,Mangok,Maker Anei Primary Shool,Primary,286,0,286
Aweil East,Aweil East County,Mangok,Maker Auei Primary School.,Primary,0,0,0
Aweil East,Aweil East County,Mangok,Maker-Aramthai Primary School,Primary,0,0,0
Aweil East,Aweil East County,Mangok,Malek Duluit ALP,ALP,0,0,0
Aweil East,Aweil East County,Mangok,Malek Duluit Primary School.,Primary,286,0,286
Aweil East,Aweil East County,Mangok,Mangar Amol Primary School,Primary,0,0,0
Aweil East,Aweil East County,Mangok,Mangar-Amol Primary School,Primary,286,0,286
Aweil East,Aweil East County,Mangok,Mangok ALP,ALP,0,0,0
Aweil East,Aweil East County,Mangok,Mangok Primary School,Primary,810,0,810
Aweil East,Aweil East County,Mangok,Marol-Duluit Primary School,Primary,286,0,286
Aweil East,Aweil East County,Mangok,Mathiang Amol Primary School.,Primary,250,0,250
Aweil East,Aweil East County,Mangok,Mathiang Dut Akot Community School,Primary,520,0,520
Aweil East,Aweil East County,Mangok,Mayom Akot Primary School,Primary,287,0,287
Aweil East,Aweil East County,Mangok,Mayom Dohok Community School,Primary,286,0,286
Aweil East,Aweil East County,Mangok,Mayom Wac Geng Primary,Primary,309,0,309
Aweil East,Aweil East County,Mangok,Mayom-Akot Primary School,Primary,0,0,0
Aweil East,Aweil East County,Mangok,Rial Dit Primary School,Primary,338,0,338
Aweil East,Aweil East County,Mangok,Riang Awang Primary School.,Primary,0,0,0
Aweil East,Aweil East County,Mangok,Rum Ayeen Community,Primary,287,0,287
Aweil East,Aweil East County,Mangok,Rumadieny Primary,Primary,424,0,424
Aweil East,Aweil East County,Mangok,Rumdhal Primary School,Primary,325,0,325
Aweil East,Aweil East County,Mangok,Rumwel Primary School,Primary,286,0,286
Aweil East,Aweil East County,Mangok,Rupmaper Primary School,Primary,286,0,286
Aweil East,Aweil East County,Mangok,Santo Ayang (Wunyiik) Primary School,Primary,0,0,0
Aweil East,Aweil East County,Mangok,Tar-Weng Primary School,Primary,138,0,138
Aweil East,Aweil East County,Mangok,Wath Malual Primary School,Primary,573,0,573
Aweil East,Aweil East County,Mangok,Wun-Chum Basic School,Primary,286,0,286
Aweil East,Aweil East County,Mangok,Wunrak Primary School,Primary,286,0,286
Aweil East,Aweil East County,Mayom-Wel,Kar-agoc community Primary school,Primary,302,0,302
Aweil East,Aweil East County,Mayom-Wel,Kuany-Dhuor Basic School,Primary,286,0,286
Aweil East,Aweil East County,Mayom-Wel,Majak Gier Primary School,Primary,286,0,286
Aweil East,Aweil East County,Mayom-Wel,Manyiel Primary School,Primary,711,0,711
Aweil East,Aweil East County,Mayom-Wel,Nyinruet Primary School,Primary,311,0,311
Aweil East,Aweil East County,Mayom-Wel,Rum-manyiel Primary School,Primary,282,0,282
Aweil East,Aweil East County,Mayom-Wel,War-Ayen Primary School.,Primary,502,0,502
Aweil East,Aweil East County,Wunlang,Ajok Wol,Primary,957,0,957
Aweil East,Aweil East County,Wunlang,Ameth Primary School,Primary,832,0,832
Aweil East,Aweil East County,Wunlang,Ariik Mawien Primary School,Primary,285,0,285
Aweil East,Aweil East County,Wunlang,Awachier Primary School,Primary,156,0,156
Aweil East,Aweil East County,Wunlang,Ayendit Orphan Primary School,Primary,286,0,286
Aweil East,Aweil East County,Wunlang,Guengkou ALP Centre,ALP,0,0,572
Aweil East,Aweil East County,Wunlang,Hai Bul Primary School,Primary,1076,0,1076
Aweil East,Aweil East County,Wunlang,Jer Akol Primary,Primary,286,0,286
Aweil East,Aweil East County,Wunlang,Kharmarial Primary School,Primary,0,0,0
Aweil East,Aweil East County,Wunlang,Lol Nyang ALP Centre,ALP,0,0,0
Aweil East,Aweil East County,Wunlang,Lol-Nyang Primary School,Primary,287,0,287
Aweil East,Aweil East County,Wunlang,Mabil Ayel Primary,Primary,243,0,243
Aweil East,Aweil East County,Wunlang,Mabil Primary School,Primary,0,0,0
Aweil East,Aweil East County,Wunlang,Mabil Tokyep Primary,Primary,403,0,403
Aweil East,Aweil East County,Wunlang,Mabil-Geng Primary school,Primary,650,0,650
Aweil East,Aweil East County,Wunlang,Machar Tuop Primary School,Primary,0,0,0
Aweil East,Aweil East County,Wunlang,Machartiit Primary School,Primary,0,0,0
Aweil East,Aweil East County,Wunlang,Macher Tit Primary School,Primary,439,0,439
Aweil East,Aweil East County,Wunlang,Majak Biar Primary School,Primary,284,0,284
Aweil East,Aweil East County,Wunlang,Majok Biar Primary School,Primary,0,0,0
Aweil East,Aweil East County,Wunlang,Majok-Palueel Basic School,Primary,857,0,857
Aweil East,Aweil East County,Wunlang,Makuci Agel ALP,ALP,0,0,0
Aweil East,Aweil East County,Wunlang,Makuei Ageep Primary School,Primary,441,0,441
Aweil East,Aweil East County,Wunlang,Makuei Doong Primary School,Primary,572,0,572
Aweil East,Aweil East County,Wunlang,Malek Biet Primary School,Primary,286,0,286
Aweil East,Aweil East County,Wunlang,Malual Dit Deng Ngor,Primary,286,0,286
Aweil East,Aweil East County,Wunlang,Malual Kuel Primary School,Primary,524,0,524
Aweil East,Aweil East County,Wunlang,Manyiel Upper Primary school,Primary,0,0,0
Aweil East,Aweil East County,Wunlang,Marol Ayual Primary,Primary,0,0,0
Aweil East,Aweil East County,Wunlang,Matong Primary,Primary,0,0,0
Aweil East,Aweil East County,Wunlang,Mayang Primary School,Primary,328,0,328
Aweil East,Aweil East County,Wunlang,Mayom-Jur Wiir Primary School,Primary,286,0,286
Aweil East,Aweil East County,Wunlang,Mokabiik ALP Centre,ALP,0,0,0
Aweil East,Aweil East County,Wunlang,Mokabiik Primary School.,Primary,435,0,435
Aweil East,Aweil East County,Wunlang,Riang Aweil Primary School,Primary,0,0,0
Aweil East,Aweil East County,Wunlang,Rum Aguer Abiem Primary,Primary,0,0,0
Aweil East,Aweil East County,Wunlang,Rumathoi Primary School,Primary,855,0,855
Aweil East,Aweil East County,Wunlang,Rumdhuk-Ayuop Primary School,Primary,286,0,286
Aweil East,Aweil East County,Wunlang,Rumdier Primary School,Primary,578,0,578
Aweil East,Aweil East County,Wunlang,Rummarial Primary School,Primary,260,0,260
Aweil East,Aweil East County,Wunlang,Rumpadhel Girls Primary,Primary,0,0,0
Aweil East,Aweil East County,Wunlang,War Awar Primary school,Primary,572,0,572
Aweil East,Aweil East County,Wunlang,War Nyiel Primary School,Primary,0,0,0
Aweil East,Aweil East County,Wunlang,War-Lang Garam Primary School,Primary,364,0,364
Aweil East,Aweil East County,Wunlang,Warakoon Primary School.,Primary,572,0,572
Aweil East,Aweil East County,Wunlang,Warawar Primary School,Primary,328,0,328
Aweil East,Aweil East County,Wunlang,Wardong Primary School,Primary,397,0,397
Aweil East,Aweil East County,Wunlang,Wunlang ALP Centre,ALP,0,0,0
Aweil East,Aweil East County,Wunlang,Wunlang Primary School,Primary,782,0,782
Aweil East,Aweil East County,Yargot,Akuem Primary School,Primary,457,0,457
Aweil East,Aweil East County,Yargot,Akuem/Awai-Nhom Primary School,Primary,735,0,735
Aweil East,Aweil East County,Yargot,Bakou Basic School,Primary,450,0,450
Aweil East,Aweil East County,Yargot,Garam Rum Primary,Primary,0,0,0
Aweil East,Aweil East County,Yargot,Guengkou Community School,Primary,546,0,546
Aweil East,Aweil East County,Yargot,Kanajak Primary School.,Primary,270,0,270
Aweil East,Aweil East County,Yargot,Kunjuuk Primary School,Primary,572,0,572
Aweil East,Aweil East County,Yargot,Kunyuk ALP Centre,ALP,0,0,546
Aweil East,Aweil East County,Yargot,Liet Nhom Primary School,Primary,1077,0,1077
Aweil East,Aweil East County,Yargot,Majok Buol Primary School,Primary,0,0,0
Aweil East,Aweil East County,Yargot,Makol Akenyjok Primary School,Primary,546,0,546
Aweil East,Aweil East County,Yargot,Mamer Primary School,Primary,501,0,501
Aweil East,Aweil East County,Yargot,Marial-Adal Primary School,Primary,260,0,260
Aweil East,Aweil East County,Yargot,Miiralek Primary School,Primary,260,0,260
Aweil East,Aweil East County,Yargot,Riang-Mal Primary School,Primary,572,0,572
Aweil East,Aweil East County,Yargot,Richard Rual Deng,Primary,469,0,469
Aweil East,Aweil East County,Yargot,Udom Community Primary School,Primary,383,0,383
Aweil East,Aweil East County,Yargot,Yargot ALP Cenre,ALP,0,0,273
Aweil East,Aweil East County,Yargot,Yargot Upper Primary School,Primary,1145,0,1145
Aweil,Aweil Centre County,Abul,Alok Girls Academy Primary School,Primary,367,0,367
Aweil,Aweil Centre County,Achana,Abuba Primary School,Primary,285,0,285
Aweil,Aweil Centre County,Achana,Apei Goi AES School,AES,0,0,390
Aweil,Aweil Centre County,Achana,Aweil Senior Secondary School,Secondary,0,0,0
Aweil,Aweil Centre County,Achana,Umora Upper Primary School,Primary,338,0,338
Aweil,Aweil Centre County,Aroyo,Aroyo Primary School,Primary,465,0,465
Aweil,Aweil Centre County,Aroyo,Dongabal Primary School,Primary,123,0,123
Aweil,Aweil Centre County,Aroyo,Hope Vision Primary School,Primary,509,0,509
Aweil,Aweil Centre County,Aroyo,Long - Wurukec Community School,Primary,0,0,0
Aweil,Aweil Centre County,Aroyo,Progressive Primary School,Primary,676,0,676
Aweil,Aweil Centre County,Aroyo,ST.Mary Primary School,Primary,0,0,0
Aweil,Aweil Centre County,Aroyo,ST.Mary secondary school,Secondary,0,286,286
Aweil,Aweil Centre County,Aroyo,Umany Kuwang Primary School,Primary,286,0,286
Aweil,Aweil Centre County,Barmayen,Abukdit Primary School,Primary,286,0,286
Aweil,Aweil Centre County,Barmayen,Alok ALP Centre,ALP,0,0,156
Aweil,Aweil Centre County,Barmayen,Alok Girls Academy Secondary School,Secondary,0,146,146
Aweil,Aweil Centre County,Barmayen,Alok Primary School,Primary,442,0,442
Aweil,Aweil Centre County,Barmayen,Alok Secondary School,Secondary,0,0,0
Aweil,Aweil Centre County,Barmayen,Bar-Mayen ALP Centre,ALP,0,0,182
Aweil,Aweil Centre County,Barmayen,Bar-Mayen Primary School,Primary,286,0,286
Aweil,Aweil Centre County,Barmayen,Cornerstone Primary School,Primary,459,0,459
Aweil,Aweil Centre County,Barmayen,Emmanuel Primary School,Primary,460,0,460
Aweil,Aweil Centre County,Barmayen,Gotater Primary School,Primary,208,0,208
Aweil,Aweil Centre County,Barmayen,Kabat Primary School,Primary,275,0,275
Aweil,Aweil Centre County,Barmayen,Malual Primary School,Primary,234,0,234
Aweil,Aweil Centre County,Barmayen,Maluil Akot Primary School,Primary,236,0,236
Aweil,Aweil Centre County,Barmayen,Pan Jap Primary School,Primary,229,0,229
Aweil,Aweil Centre County,Barmayen,Piny Wella Primary School,Primary,240,0,240
Aweil,Aweil Centre County,Barmayen,Seventh Day Adventist Primary School,Primary,372,0,372
Aweil,Aweil Centre County,Barmayen,Taijouk Primary School,Primary,286,0,286
Aweil,Aweil Centre County,Barmayen,War Aheer Primary School,Primary,266,0,266
Aweil,Aweil Centre County,Chel South,Akuang-Kar Primary School,Primary,286,0,286
Aweil,Aweil Centre County,Chel South,Dr. John Garang Memorial Primary School,Primary,197,0,197
Aweil,Aweil Centre County,Chel South,Mabok-Akot Basic School,Primary,274,0,274
Aweil,Aweil Centre County,Chel South,Makuac Amoyhou Primary,Primary,286,0,286
Aweil,Aweil Centre County,Chel South,Makuach Lower Primary School,Primary,0,0,0
Aweil,Aweil Centre County,Nyalath,Akol Kuol Secondary school,Secondary,0,58,58
Aweil,Aweil Centre County,Nyalath,Akoong Lower Primary School,Primary,0,0,0
Aweil,Aweil Centre County,Nyalath,Amuthic Primary School,Primary,264,0,264
Aweil,Aweil Centre County,Nyalath,Apada AES School,ALP,0,0,182
Aweil,Aweil Centre County,Nyalath,Apada Upper Primary School,Primary,769,0,769
Aweil,Aweil Centre County,Nyalath,Apei Goi Primary School,Primary,1502,0,1502
Aweil,Aweil Centre County,Nyalath,Ariathdit AES School,AES,0,0,0
Aweil,Aweil Centre County,Nyalath,Ariathdit Primary School,Primary,1412,0,1412
Aweil,Aweil Centre County,Nyalath,Auluic Primary School,Primary,658,0,658
Aweil,Aweil Centre County,Nyalath,Aweil Freedom Sec.School,Secondary,0,270,270
Aweil,Aweil Centre County,Nyalath,Aweil Madina (Boys) Primary School,Primary,701,0,701
Aweil,Aweil Centre County,Nyalath,Aweil Madina AES School,AES,0,0,973
Aweil,Aweil Centre County,Nyalath,Aweil Medina B Primary,Primary,572,0,572
Aweil,Aweil Centre County,Nyalath,Aweil National Seconday School,Secondary,0,1082,1082
Aweil,Aweil Centre County,Nyalath,Aweil Prision AES School,AES,0,0,104
Aweil,Aweil Centre County,Nyalath,Awoda Upper Primary School,Primary,530,0,530
Aweil,Aweil Centre County,Nyalath,Daystar Primary,Primary,0,0,0
Aweil,Aweil Centre County,Nyalath,Dr John AES School,AES,0,0,0
Aweil,Aweil Centre County,Nyalath,Dr. John Garang Primary School,Primary,697,0,697
Aweil,Aweil Centre County,Nyalath,Gateway Primary School,Primary,678,0,678
Aweil,Aweil Centre County,Nyalath,Gateway Senior Secondary School,Secondary,0,685,685
Aweil,Aweil Centre County,Nyalath,Hai Matar Primary School,Primary,156,0,156
Aweil,Aweil Centre County,Nyalath,Hai Mozifiin Primary School,Primary,332,0,332
Aweil,Aweil Centre County,Nyalath,Joluaw Primary School,Primary,0,0,0
Aweil,Aweil Centre County,Nyalath,Kabat Primary,Primary,0,0,0
Aweil,Aweil Centre County,Nyalath,Kumkei Lower Primary School,Primary,0,0,0
Aweil,Aweil Centre County,Nyalath,Kuom Kat Primary,Primary,370,0,370
Aweil,Aweil Centre County,Nyalath,Langchok Primary School,Primary,182,0,182
Aweil,Aweil Centre County,Nyalath,Luka Aguot Primary,Primary,851,0,851
Aweil,Aweil Centre County,Nyalath,Luka Lual Primary,Primary,286,0,286
Aweil,Aweil Centre County,Nyalath,Madiria Primary School,Primary,0,0,0
Aweil,Aweil Centre County,Nyalath,Madria Primary School,Primary,0,0,0
Aweil,Aweil Centre County,Nyalath,Maduany AES School,AES,0,0,286
Aweil,Aweil Centre County,Nyalath,Maduany Basic School,Primary,1014,0,1014
Aweil,Aweil Centre County,Nyalath,Malek Yel AES,AES,0,0,156
Aweil,Aweil Centre County,Nyalath,Maper East AES School,AES,0,0,208
Aweil,Aweil Centre County,Nyalath,Maper East Primary School,Primary,913,0,913
Aweil,Aweil Centre County,Nyalath,Maper National Teachers Raining Institute,TTI,0,0,0
Aweil,Aweil Centre County,Nyalath,Maper Secondary School,Secondary,0,147,147
Aweil,Aweil Centre County,Nyalath,Maper West AES School,AES,0,0,234
Aweil,Aweil Centre County,Nyalath,Maper West Girls Primary School,Primary,0,0,0
Aweil,Aweil Centre County,Nyalath,Maper West Primary School,Primary,666,0,666
Aweil,Aweil Centre County,Nyalath,Maria Goreti Secondary School,Secondary,0,598,598
Aweil,Aweil Centre County,Nyalath,Mathiang AES School,AES,0,0,156
Aweil,Aweil Centre County,Nyalath,Mathiang Primary School,Primary,572,0,572
Aweil,Aweil Centre County,Nyalath,Mathiangtit Primary schoo,Primary,286,0,286
Aweil,Aweil Centre County,Nyalath,Mayom Lac Primary School,Primary,0,0,0
Aweil,Aweil Centre County,Nyalath,Mayom Wel AES School,AES,0,0,117
Aweil,Aweil Centre County,Nyalath,Mayom Wel Primary School,Primary,814,0,814
Aweil,Aweil Centre County,Nyalath,Medic Lower Primary School,Primary,210,0,210
Aweil,Aweil Centre County,Nyalath,Moni Primary School,Primary,155,0,155
Aweil,Aweil Centre County,Nyalath,Moper West Primary School,Primary,0,0,0
Aweil,Aweil Centre County,Nyalath,New Generation Secondary,Secondary,0,0,0
Aweil,Aweil Centre County,Nyalath,New Sudan Model Academy (NSMA),Primary,0,0,0
Aweil,Aweil Centre County,Nyalath,Nyalath Primary School,Primary,286,0,286
Aweil,Aweil Centre County,Nyalath,Pan-Ameth Primary School,Primary,0,0,0
Aweil,Aweil Centre County,Nyalath,Rebath Primary School,Primary,0,0,0
Aweil,Aweil Centre County,Nyalath,Rebath Senior Secondary School,Secondary,0,0,0
Aweil,Aweil Centre County,Nyalath,Rum-Aguoth Primary School,Primary,108,0,108
Aweil,Aweil Centre County,Nyalath,Rumakudi Primary School,Primary,0,0,0
Aweil,Aweil Centre County,Nyalath,Salam Girls AES School,AES,0,0,494
Aweil,Aweil Centre County,Nyalath,Salam Girls Primary School,Primary,1050,0,1050
Aweil,Aweil Centre County,Nyalath,Salva Kiir AES School,AES,0,0,0
Aweil,Aweil Centre County,Nyalath,Salva Kiir Girls Secondary,Secondary,0,141,141
Aweil,Aweil Centre County,Nyalath,Salva Kiir Primary School,Primary,74,0,74
Aweil,Aweil Centre County,Nyalath,Santo Ayang Primary,Primary,286,0,286
Aweil,Aweil Centre County,Nyalath,Scared Heart of Jesus Comboni School,Primary,2603,0,2603
Aweil,Aweil Centre County,Nyalath,Southern Sudan Primary,Primary,0,0,0
Aweil,Aweil Centre County,Nyalath,St Daniel Comboni AES School,AES,0,0,338
Aweil,Aweil Centre County,Nyalath,St Daniel Comboni Primary School,Primary,1696,0,1696
Aweil,Aweil Centre County,Nyalath,St Francis Complex Primary School,Primary,1871,0,1871
Aweil,Aweil Centre County,Nyalath,St Joseph AES School,AES,0,0,0
Aweil,Aweil Centre County,Nyalath,St. Joseph Primary,Primary,973,0,973
Aweil,Aweil Centre County,Nyalath,St. Maria Gorrety Basic School,Primary,1013,0,1013
Aweil,Aweil Centre County,Nyalath,The Daystar Secondary,Secondary,0,0,0
Aweil,Aweil Centre County,Nyalath,The Profesional Bright Academy,Primary,0,0,0
Aweil,Aweil Centre County,Nyalath,The Profesional Bright Academy,Secondary,0,0,0
Aweil,Aweil Centre County,Nyalath,Udhaba Primary School,Primary,717,0,717
Aweil,Aweil Centre County,Nyalath,War-Chum Primari School,Primary,286,0,286
Aweil,Aweil Centre County,Nyalath,Warkuac AES School,AES,0,0,286
Aweil,Aweil Centre County,Nyalath,Warkuac Primary School,Primary,919,0,919
Aweil,Aweil Centre County,Nyalath,Women Centre Groupe AES School,AES,0,0,286
Aweil,Aweil Centre County,Nyalath,Yith Aluk AES School,AES,0,0,587
Aweil,Aweil Centre County,Nyalath,Yith Aluk Primary,Primary,1567,0,1567
Aweil,Aweil Centre County,Nyalath,Zirah Primary School,Primary,286,0,286
Aweil,Aweil South County,Ayai,Ajieth Primary School,Primary,0,0,0
Aweil,Aweil South County,Ayai,Ajiith Primary School,Primary,286,0,286
Aweil,Aweil South County,Ayai,Amet Weer Primary School,Primary,275,0,275
Aweil,Aweil South County,Ayai,Ayai Upper School,Primary,858,0,858
Aweil,Aweil South County,Ayai,Ayok Anei Girls Primary School,Primary,697,0,697
Aweil,Aweil South County,Ayai,Marol Lual Primary School,Primary,572,0,572
Aweil,Aweil South County,Ayai,Rubakach Primary,Primary,301,0,301
Aweil,Aweil South County,Gakrol,Akach Primary School,Primary,562,0,562
Aweil,Aweil South County,Gakrol,Bur Ajak Primary,Primary,260,0,260
Aweil,Aweil South County,Gakrol,Gakrol Upper Primary School,Primary,586,0,586
Aweil,Aweil South County,Gakrol,Girjok Primary School,Primary,281,0,281
Aweil,Aweil South County,Gakrol,Jer Ajiep foundation community school,Primary,420,0,420
Aweil,Aweil South County,Gakrol,Piartok Primary,Primary,540,0,540
Aweil,Aweil South County,Gakrol,Rieth-Nyin Primary School,Primary,380,0,380
Aweil,Aweil South County,Gakrol,Rum-Aluel Primary School,Primary,550,0,550
Aweil,Aweil South County,Gakrol,Warlac Primary,Primary,572,0,572
Aweil,Aweil South County,Nyieth,Wunliet Primary School,Primary,414,0,414
Aweil,Aweil South County,Nyieth,George Kuach Secondary School,Secondary,0,78,78
Aweil,Aweil South County,Nyieth,Juo-awan Primary School,Primary,0,0,0
Aweil,Aweil South County,Nyieth,Riang Mankuek Primary School,Primary,278,0,278
Aweil,Aweil South County,Nyieth,Rumpabol Primary School,Primary,557,0,557
Aweil,Aweil South County,Nyocawany I,Beliek Primary School,Primary,271,0,271
Aweil,Aweil South County,Nyocawany I,Dok Kul Primary School,Primary,598,0,598
Aweil,Aweil South County,Nyocawany I,Malual Aduet Primary School,Primary,292,0,292
Aweil,Aweil South County,Nyocawany I,Nyang Miir Primary School,Primary,1109,0,1109
Aweil,Aweil South County,Nyocawany I,Nyoc-Anoon Primary,Primary,423,0,423
Aweil,Aweil South County,Nyocawany I,Pan-Ngapdit Upper Primary School,Primary,565,0,565
Aweil,Aweil South County,Nyocawany II,Dokul Primary School,Primary,546,0,546
Aweil,Aweil South County,Panthou,Alueth Primary School,Primary,546,0,546
Aweil,Aweil South County,Panthou,Lual-Agoor Primary School,Primary,860,0,860
Aweil,Aweil South County,Panthou,Malek Alel Senior Secondary School,Secondary,0,416,416
Aweil,Aweil South County,Panthou,Malith Buol Primary,Primary,565,0,565
Aweil,Aweil South County,Panthou,Mangar Gier Primary School,Primary,286,0,286
Aweil,Aweil South County,Panthou,Panadhot Kuom Primary School,Primary,249,0,249
Aweil,Aweil South County,Panthou,Panthou Upper Primary School,Primary,850,0,850
Aweil,Aweil South County,Panthou,Pawjapdit Primary,Primary,0,0,0
Aweil,Aweil South County,Panthou,Pheth Primary School,Primary,281,0,281
Aweil,Aweil South County,Panthou,Riang-Akeer Primary School,Primary,835,0,835
Aweil,Aweil South County,Panthou,Rumrit Primary School,Primary,284,0,284
Aweil,Aweil South County,TarWeng,Adany Primary,Primary,493,0,493
Aweil,Aweil South County,TarWeng,Adeny Primary School,Primary,0,0,0
Aweil,Aweil South County,TarWeng,Biokbet Primary School,Primary,282,0,282
Aweil,Aweil South County,TarWeng,Lankuac Primary School,Primary,531,0,531
Aweil,Aweil South County,TarWeng,Majak Primary School,Primary,275,0,275
Aweil,Aweil South County,TarWeng,Majook Abyei Primary School,Primary,836,0,836
Aweil,Aweil South County,TarWeng,Makuei Alel Primary School,Primary,553,0,553
Aweil,Aweil South County,TarWeng,Mariik Primary School,Primary,279,0,279
Aweil,Aweil South County,TarWeng,Mawier Primary School,Primary,0,0,0
Aweil,Aweil South County,TarWeng,Mayom Achuil Primary,Primary,283,0,283
Aweil,Aweil South County,Tiar Aliet,Alueel Primary School,Primary,0,0,0
Aweil,Aweil South County,Tiar Aliet,Aluel Primari School,Primary,552,0,552
Aweil,Aweil South County,Tiar Aliet,Amuol Primary School,Primary,342,0,342
Aweil,Aweil South County,Tiar Aliet,Lietnhom,Primary,549,0,549
Aweil,Aweil South County,Tiar Aliet,Mabok Primary,Primary,677,0,677
Aweil,Aweil South County,Tiar Aliet,Majok Primary School,Primary,287,0,287
Aweil,Aweil South County,Tiar Aliet,Mangar Lual Primary School,Primary,564,0,564
Aweil,Aweil South County,Tiar Aliet,Nintok Primary School,Primary,234,0,234
Aweil,Aweil South County,Tiar Aliet,Pankar Upper Primary School,Primary,565,0,565
Aweil,Aweil South County,Tiar Aliet,Tiarliet Primary School,Primary,936,0,936
Aweil,Aweil South County,Wathmouk,Aguath Primary School,Primary,574,0,574
Aweil,Aweil South County,Wathmouk,Kuac Wol Primary School,Primary,284,0,284
Aweil,Aweil South County,Wathmouk,Majak-Muocdit Primary School,Primary,858,0,858
Aweil,Aweil South County,Wathmouk,Makuac Amiir Primary School,Primary,523,0,523
Aweil,Aweil South County,Wathmouk,Mayomlach Primary School,Primary,569,0,569
Aweil,Aweil South County,Wathmouk,Pan-Adhot Primary School,Primary,260,0,260
Aweil,Aweil South County,Wathmouk,Wathmuok Primary School,Primary,1091,0,1091
Bieh,Akobo County,Alali,Alali Primary School,Primary,0,0,0
Bieh,Akobo County,Alali,Okwer Primary School,Primary,0,0,0
Bieh,Akobo County,Alali,Riek Kirjok Secondary,Secondary,0,0,0
Bieh,Akobo County,Barmach,Chuol wechtuor Primary School,Primary,792,0,792
Bieh,Akobo County,Barmach,Dang Jop Primary School,Primary,420,0,420
Bieh,Akobo County,Barmach,Juwa Primary School,Primary,239,0,239
Bieh,Akobo County,Barmach,Koloma Primary,Primary,0,0,0
Bieh,Akobo County,Barmach,Lel Primary,Primary,0,0,0
Bieh,Akobo County,Barmach,Man gany Primary,Primary,0,0,0
Bieh,Akobo County,Barmach,Manchom primary,Primary,0,0,0
Bieh,Akobo County,Barmach,Nyatew primary,Primary,0,0,0
Bieh,Akobo County,Barmach,Pawieng Primary,Primary,0,0,0
Bieh,Akobo County,Barmach,Rirnyang Primary,Primary,662,0,662
Bieh,Akobo County,Barmach,Ulang Primary School,Primary,622,0,622
Bieh,Akobo County,Barmach,Wechjal Primary School,Primary,920,0,920
Bieh,Akobo County,Barmach,Wunbut Primary School,Primary,0,0,0
Bieh,Akobo County,Bilkey,Akobo Girls Primary School,Primary,1170,0,1170
Bieh,Akobo County,Bilkey,Akobo Primary,Primary,1445,0,1445
Bieh,Akobo County,Bilkey,Dibole Primary School,Primary,0,0,0
Bieh,Akobo County,Bilkey,Dilule Primary School,Primary,1515,0,1515
Bieh,Akobo County,Bilkey,Dimma Primary School,Primary,270,0,270
Bieh,Akobo County,Bilkey,Evangilical Cabinet Churuch Primary School,Primary,1121,0,1121
Bieh,Akobo County,Bilkey,Goak Primary School,Primary,500,0,500
Bieh,Akobo County,Bilkey,Humanitarian Akobo primary school,Primary,0,0,0
Bieh,Akobo County,Bilkey,Meer Two Primary School,Primary,525,0,525
Bieh,Akobo County,Bilkey,Nyangliem Primary School,Primary,626,0,626
Bieh,Akobo County,Bilkey,Okaw Primary,Primary,298,0,298
Bieh,Akobo County,Bilkey,Old Akobo Primary,Primary,804,0,804
Bieh,Akobo County,Bilkey,Pakang Primary School,Primary,807,0,807
Bieh,Akobo County,Bilkey,Presbyterian Primary School,Primary,540,0,540
Bieh,Akobo County,Bilkey,Rine Primary School,Primary,572,0,572
Bieh,Akobo County,Bilkey,Wech Jioni Primary School,Primary,0,0,0
Bieh,Akobo County,Buong,Buong Primary School,Primary,754,0,754
Bieh,Akobo County,Buong,Kuer Primary School,Primary,560,0,560
Bieh,Akobo County,Buong,Malon Primary School,Primary,412,0,412
Bieh,Akobo County,Buong,Wech Reat Primary School,Primary,404,0,404
Bieh,Akobo County,Dengjok,Kuor Tong Primary School,Primary,294,0,294
Bieh,Akobo County,Dengjok,Luakkok Primary School,Primary,356,0,356
Bieh,Akobo County,Dengjok,Nuk Tak Primary School,Primary,1080,0,1080
Bieh,Akobo County,Dengjok,Thok Wath Primary School,Primary,572,0,572
Bieh,Akobo County,Dengjok,Wanding Primary School,Primary,0,0,0
Bieh,Akobo County,Dengjok,Wech Deng Primary School,Primary,0,0,0
Bieh,Akobo County,Dengjok,Wech Kuary Primary,Primary,591,0,591
Bieh,Akobo County,Dengjok,Wech Puot Primary,Primary,902,0,902
Bieh,Akobo County,Dengjok,Wunbut Primary School,Primary,587,0,587
Bieh,Akobo County,Diror,Diror Primary School,Primary,852,0,852
Bieh,Akobo County,Diror,Kaikuiny Primary,Primary,624,0,624
Bieh,Akobo County,Diror,Niew-Niew Primaryschool,Primary,471,0,471
Bieh,Akobo County,Diror,Padoi Primary,Primary,805,0,805
Bieh,Akobo County,Diror,Tangnyang Primary,Primary,522,0,522
Bieh,Akobo County,Diror,Tuel Kuach Primary School,Primary,556,0,556
Bieh,Akobo County,Nyandit,Burmath Primary School,Primary,364,0,364
Bieh,Akobo County,Nyandit,Chat yeir Primary School,Primary,0,0,0
Bieh,Akobo County,Nyandit,Chiban Primary School,Primary,543,0,543
Bieh,Akobo County,Nyandit,Chikol Primary School,Primary,0,0,0
Bieh,Akobo County,Nyandit,Kony Primary School,Primary,505,0,505
Bieh,Akobo County,Nyandit,Lange Primary,Primary,588,0,588
Bieh,Akobo County,Nyandit,Mer Primary School,Primary,0,0,0
Bieh,Akobo County,Nyandit,Obor Primary School,Primary,0,0,0
Bieh,Akobo County,Nyandit,Orik Primay School,Primary,0,0,0
Bieh,Akobo County,Nyandit,Wech Luak Primary,Primary,0,0,0
Bieh,Akobo County,Nyandit,Wech Yier Yier Primary School,Primary,0,0,0
Bieh,Akobo County,Nyandit,Wutom Primary School,Primary,0,0,0
Bieh,Akobo County,Walgak,Comboni Basic Primary School,Primary,286,0,286
Bieh,Akobo County,Walgak,Covenant Primary School,Primary,0,0,0
Bieh,Akobo County,Walgak,Koat Bech Primary School,Primary,339,0,339
Bieh,Akobo County,Walgak,Kuernyuon Primary School,Primary,419,0,419
Bieh,Akobo County,Walgak,Unkuel Primary School,Primary,633,0,633
Bieh,Akobo County,Walgak,Walgak Girls Primary School,Primary,670,0,670
Bieh,Akobo County,Walgak,Walgak Secondary School,Secondary,0,41,41
Bieh,Akobo County,Walgak,Walgat Primary School,Primary,859,0,859
Bieh,Nyirol County,Chuil,Chuil Primary,Primary,288,0,288
Bieh,Nyirol County,Chuil,Deng Dor Primary,Primary,606,0,606
Bieh,Nyirol County,Chuil,Dini Primary School,Primary,286,0,286
Bieh,Nyirol County,Chuil,Dual Jany,Primary,286,0,286
Bieh,Nyirol County,Chuil,Kur Primary,Primary,286,0,286
Bieh,Nyirol County,Chuil,Liawut Primary School,Primary,0,0,0
Bieh,Nyirol County,Chuil,Pagor Primary,Primary,572,0,572
Bieh,Nyirol County,Chuil,Pakum Primary,Primary,462,0,462
Bieh,Nyirol County,Chuil,Pathiel Primary,Primary,427,0,427
Bieh,Nyirol County,Chuil,Pulrira Primary,Primary,368,0,368
Bieh,Nyirol County,Chuil,Thone Kuach Primary,Primary,286,0,286
Bieh,Nyirol County,Chuil,Wuneget Primary,Primary,0,0,0
Bieh,Nyirol County,Chuil,Yakuach Primary,Primary,0,0,0
Bieh,Nyirol County,Nyambor,Gai Tut Primary,Primary,2420,0,2420
Bieh,Nyirol County,Nyambor,James Gai Ngoany Primary School,Primary,299,0,299
Bieh,Nyirol County,Nyambor,Kechpii Primary School.,Primary,286,0,286
Bieh,Nyirol County,Nyambor,Keth Primary,Primary,351,0,351
Bieh,Nyirol County,Nyambor,Kuone Primary School,Primary,286,0,286
Bieh,Nyirol County,Nyambor,Lankien Pre -unity Primary School,Primary,292,0,292
Bieh,Nyirol County,Nyambor,Lim Kuon Primary,Primary,286,0,286
Bieh,Nyirol County,Nyambor,Ngueng Primary,Primary,301,0,301
Bieh,Nyirol County,Nyambor,Nyambor Primary,Primary,304,0,304
Bieh,Nyirol County,Nyambor,Nyapan Primary,Primary,297,0,297
Bieh,Nyirol County,Nyambor,Pulngoany Primary School,Primary,286,0,286
Bieh,Nyirol County,Nyambor,Riang Primary,Primary,312,0,312
Bieh,Nyirol County,Nyambor,Rup Chak Primary,Primary,290,0,290
Bieh,Nyirol County,Nyambor,Thajok Primary,Primary,374,0,374
Bieh,Nyirol County,Nyambor,Wech Gai Primary,Primary,286,0,286
Bieh,Nyirol County,Pading,Biel Primary School,Primary,290,0,290
Bieh,Nyirol County,Pading,Boiloch Primary,Primary,398,0,398
Bieh,Nyirol County,Pading,Deng Dorthee Primary School,Primary,494,0,494
Bieh,Nyirol County,Pading,Dukiir Primary,Primary,385,0,385
Bieh,Nyirol County,Pading,Nyatim Primary,Primary,156,0,156
Bieh,Nyirol County,Pading,Nyirol Secondary School,Secondary,0,0,0
Bieh,Nyirol County,Pading,Paniaw Primary School,Primary,312,0,312
Bieh,Nyirol County,Pading,Puok Bor Primary School.,Primary,588,0,588
Bieh,Nyirol County,Pading,Wech Chol Primary School,Primary,0,0,0
Bieh,Nyirol County,Pading,Wech Deng Dak Primary School,Primary,622,0,622
Bieh,Nyirol County,Pading,Wechleek Primary School,Primary,280,0,280
Bieh,Nyirol County,Pading,Wechnuur Primary School,Primary,286,0,286
Bieh,Nyirol County,Pading,Wei Diew Primary,Primary,286,0,286
Bieh,Nyirol County,Pading,Wei Naath Primary,Primary,296,0,296
Bieh,Nyirol County,Pading,Yadit Kueth Primary,Primary,286,0,286
Bieh,Nyirol County,Pultruk,Banyejur Primary,Primary,309,0,309
Bieh,Nyirol County,Pultruk,Bariak Primary,Primary,298,0,298
Bieh,Nyirol County,Pultruk,Biir Primary School,Primary,384,0,384
Bieh,Nyirol County,Pultruk,Bolbel Primary School,Primary,296,0,296
Bieh,Nyirol County,Pultruk,Dengdor Two Primary School,Primary,260,0,260
Bieh,Nyirol County,Pultruk,Kot Primary,Primary,303,0,303
Bieh,Nyirol County,Pultruk,Kuay Primary,Primary,307,0,307
Bieh,Nyirol County,Pultruk,Laadow Primary School,Primary,0,0,0
Bieh,Nyirol County,Pultruk,Panyang Luel,Primary,300,0,300
Bieh,Nyirol County,Pultruk,Pieth Primary,Primary,294,0,294
Bieh,Nyirol County,Pultruk,Pultruk Primary,Primary,811,0,811
Bieh,Nyirol County,Pultruk,Tharkuel Primary School,Primary,252,0,252
Bieh,Nyirol County,Pultruk,Wech Kom Primary School,Primary,286,0,286
Bieh,Nyirol County,Thol,Bieh Primary School,Primary,578,0,578
Bieh,Nyirol County,Thol,Catholic Church Primary School,Primary,295,0,295
Bieh,Nyirol County,Thol,Dua Jany Primary School,Primary,0,0,0
Bieh,Nyirol County,Thol,Kap Nak Primary School,Primary,0,0,0
Bieh,Nyirol County,Thol,Lankien Accelerated Learning Program School,ALP,0,0,280
Bieh,Nyirol County,Thol,Lankien Presbyterian Church Primary School,Primary,287,0,287
Bieh,Nyirol County,Thol,Lany Duop,Primary,260,0,260
Bieh,Nyirol County,Thol,Majok Primary School,Primary,1144,0,1144
Bieh,Nyirol County,Thol,Mokping Primary School,Primary,314,0,314
Bieh,Nyirol County,Thol,Thol Primary,Primary,727,0,727
Bieh,Nyirol County,Thol,Wenyal Primary,Primary,336,0,336
Bieh,Nyirol County,Thol,Wunkiir Primary School,Primary,294,0,294
Bieh,Nyirol County,Waat,Bordit ALP School,ALP,0,0,0
Bieh,Nyirol County,Waat,Borduot Primary School,Primary,401,0,401
Bieh,Nyirol County,Waat,Dik Primary School,Primary,377,0,377
Bieh,Nyirol County,Waat,Jiok-Nyange Primary School,Primary,0,0,0
Bieh,Nyirol County,Waat,Kew Primary,Primary,0,0,0
Bieh,Nyirol County,Waat,Koat Primary,Primary,286,0,286
Bieh,Nyirol County,Waat,Luak Ping Primary School,Primary,390,0,390
Bieh,Nyirol County,Waat,Ngungeng Secondary School,Secondary,0,303,303
Bieh,Nyirol County,Waat,Paak Primary School.,Primary,286,0,286
Bieh,Nyirol County,Waat,Panyim Primary,Primary,312,0,312
Bieh,Nyirol County,Waat,Pul Baar Primary,Primary,286,0,286
Bieh,Nyirol County,Waat,Rim Primary School,Primary,683,0,683
Bieh,Nyirol County,Waat,Waat Primary,Primary,581,0,581
Bieh,Nyirol County,Waat,Wech Deng Primary,Primary,286,0,286
Bieh,Nyirol County,Waat,Wunbil Primary,Primary,313,0,313
Bieh,Urol County,Karam,Dhuony Primary School,Primary,416,0,416
Bieh,Urol County,Karam,Duok Primary School,Primary,286,0,286
Bieh,Urol County,Karam,Granchot Priamry School.,Primary,624,0,624
Bieh,Urol County,Karam,Kuel Nyakong Primary School.,Primary,288,0,288
Bieh,Urol County,Karam,Manyak Pastrolist School,Primary,452,0,452
Bieh,Urol County,Karam,Nguany Primary School.,Primary,312,0,312
Bieh,Urol County,Karam,Nyakor Primary School,Primary,286,0,286
Bieh,Urol County,Karam,Tangnyang Primary School,Primary,289,0,289
Bieh,Urol County,Karam,Tindir Primary School,Primary,321,0,321
Bieh,Urol County,Karam,Wectuong Kol Primary,Primary,275,0,275
Bieh,Urol County,Karam,Yiethdeng Primary School,Primary,286,0,286
Bieh,Urol County,Motot,Bool Primary School,Primary,296,0,296
Bieh,Urol County,Motot,Chuaidok Primary School,Primary,292,0,292
Bieh,Urol County,Motot,Dakriang Primary School,Primary,520,0,520
Bieh,Urol County,Motot,Foor Primary School,Primary,0,0,0
Bieh,Urol County,Motot,Gok Goak Primary School,Primary,286,0,286
Bieh,Urol County,Motot,Guiy Primary School (2),Primary,390,0,390
Bieh,Urol County,Motot,Kapkoang Primary School,Primary,305,0,305
Bieh,Urol County,Motot,Kir Gai Primary School,Primary,298,0,298
Bieh,Urol County,Motot,Rupmakher Primary School,Primary,286,0,286
Bieh,Urol County,Motot,Toor Primary School,Primary,293,0,293
Bieh,Urol County,Motot,Warbeek Primary School.,Primary,781,0,781
Bieh,Urol County,Motot,Wechang Primary School,Primary,286,0,286
Bieh,Urol County,Motot,Wechnyok Primary,Primary,284,0,284
Bieh,Urol County,Motot,Werbek ALP Centre,ALP,0,0,153
Bieh,Urol County,Pathai,Beer Primary School,Primary,0,0,0
Bieh,Urol County,Pathai,Kactong Primary School,Primary,286,0,286
Bieh,Urol County,Pathai,Koap Primary School.,Primary,0,0,0
Bieh,Urol County,Pathai,Kuer Diek Primary School,Primary,0,0,0
Bieh,Urol County,Pathai,Kuer Guan-Nyabil Primary School,Primary,572,0,572
Bieh,Urol County,Pathai,Kuerthuom Primary School,Primary,286,0,286
Bieh,Urol County,Pathai,Pabuot Primary School,Primary,0,0,0
Bieh,Urol County,Pathai,Palei Primary School,Primary,572,0,572
Bieh,Urol County,Pathai,Paluony Primary School.,Primary,494,0,494
Bieh,Urol County,Pathai,Pathai Primary,Primary,572,0,572
Bieh,Urol County,Pathai,Pathat Primary School.,Primary,0,0,0
Bieh,Urol County,Pathai,Patuet Primary School.,Primary,0,0,0
Bieh,Urol County,Pathai,Pulchuor Primary School,Primary,0,0,0
Bieh,Urol County,Pathai,Riang Primary School,Primary,572,0,572
Bieh,Urol County,Pathai,Thempiny Primary School,Primary,0,0,0
Bieh,Urol County,Pathai,Thorpay Primary School,Primary,0,0,0
Bieh,Urol County,Pathai,Waibhar Primary School,Primary,0,0,0
Bieh,Urol County,Payai,Gatwell Primary School,Primary,328,0,328
Bieh,Urol County,Payai,Kamel Primary School,Primary,295,0,295
Bieh,Urol County,Payai,Kuer Jiech Primary School.,Primary,858,0,858
Bieh,Urol County,Payai,Patet Primary School,Primary,572,0,572
Bieh,Urol County,Payai,Wichpuol Primary School,Primary,0,0,0
Bieh,Urol County,Pieri,Jockrial Primary School,Primary,286,0,286
Bieh,Urol County,Pieri,Jok Rial 1 Primary,Primary,300,0,300
Bieh,Urol County,Pieri,Jokrial Primary School,Primary,299,0,299
Bieh,Urol County,Pieri,Jundit Primary School,Primary,286,0,286
Bieh,Urol County,Pieri,Kuernori Primary School,Primary,260,0,260
Bieh,Urol County,Pieri,Manpit Primary School,Primary,312,0,312
Bieh,Urol County,Pieri,Pieri Primary School,Primary,807,0,807
Bieh,Urol County,Pieri,Pullual Primary School,Primary,286,0,286
Bieh,Urol County,Pieri,Thoadiok Primary School,Primary,343,0,343
Bieh,Urol County,Puchuol,Duol Primary School,Primary,0,0,0
Bieh,Urol County,Puchuol,Pabiey Primary School.,Primary,344,0,344
Bieh,Urol County,Puchuol,Panyok Primary School.,Primary,289,0,289
Bieh,Urol County,Puchuol,Patuak Primary School,Primary,286,0,286
Bieh,Urol County,Puchuol,Rupjuei Primary School,Primary,322,0,322
Bieh,Urol County,Puchuol,Rupliah Primary School.,Primary,754,0,754
Bieh,Urol County,Puchuol,Wechkey Primary School,Primary,572,0,572
Bieh,Urol County,Tiam,Horgot Primary School,Primary,289,0,289
Bieh,Urol County,Tiam,Kuer Gew,Primary,289,0,289
Bieh,Urol County,Tiam,Pamai Primary School,Primary,366,0,366
Bieh,Urol County,Tiam,Panyang Primary School,Primary,286,0,286
Bieh,Urol County,Tiam,Pimpiny,Primary,468,0,468
Bieh,Urol County,Tiam,Pulthaakbil Primary School,Primary,0,0,0
Bieh,Urol County,Tiam,Wek Primary School,Primary,0,0,0
Bieh,Urol County,Tiam,Yian Primary School.,Primary,0,0,0
Bieh,Urol County,Uror,Bolekeay Primary School,Primary,0,0,0
Bieh,Urol County,Uror,Kueli Primary School,Primary,291,0,291
Bieh,Urol County,Uror,Kuelluot,Primary,286,0,286
Bieh,Urol County,Uror,Kueryakah Primary,Primary,292,0,292
Bieh,Urol County,Uror,Lierbany Primary School,Primary,0,0,0
Bieh,Urol County,Uror,Ngop Primary School,Primary,260,0,260
Bieh,Urol County,Uror,Nyajaar(Yuai) Primary School,Primary,935,0,935
Bieh,Urol County,Uror,Pajomar Primary,Primary,286,0,286
Bieh,Urol County,Uror,Pakuolnyang Primary School,Primary,312,0,312
Bieh,Urol County,Uror,Rolkeer Primary School,Primary,287,0,287
Bieh,Urol County,Uror,Uleng Primary School,Primary,286,0,286
Bieh,Urol County,Uror,Uror Primary School.,Primary,512,0,512
Bieh,Urol County,Uror,Warewar Primary,Primary,287,0,287
Western Bieh,Ayod County,Ayod,Ayod Basic School,Primary,0,0,0
Western Bieh,Ayod County,Ayod,Ayod Girls Primary School,Primary,0,0,0
Western Bieh,Ayod County,Ayod,Both Duel Primary,Primary,0,0,0
Western Bieh,Ayod County,Ayod,Canal Primary School,Primary,0,0,0
Western Bieh,Ayod County,Ayod,Dor Matit Kol Primary,Primary,0,0,0
Western Bieh,Ayod County,Ayod,Nile Mixed Primary School,Primary,52,0,52
Western Bieh,Ayod County,Ayod,Nyawit Primary,Primary,107,0,107
Western Bieh,Ayod County,Ayod,Padek Primary,Primary,269,0,269
Western Bieh,Ayod County,Ayod,St.Luke Primary School,Primary,0,0,0
Western Bieh,Ayod County,Ayod,ThotWat Primary School,Primary,0,0,0
Western Bieh,Ayod County,Kurwuai,Bier Primary School,Primary,0,0,0
Western Bieh,Ayod County,Kurwuai,Biey Primary School,Primary,208,0,208
Western Bieh,Ayod County,Kurwuai,Buk Primary School,Primary,0,0,0
Western Bieh,Ayod County,Kurwuai,Kuachdeng Primary School,Primary,0,0,0
Western Bieh,Ayod County,Kurwuai,Kuerjech Primary,Primary,0,0,0
Western Bieh,Ayod County,Kurwuai,Kurwai Primary School,Primary,0,0,0
Western Bieh,Ayod County,Mogok,Fr Alvio Cellana Primary School,Primary,0,0,0
Western Bieh,Ayod County,Mogok,Haam Primary,Primary,0,0,0
Western Bieh,Ayod County,Mogok,Haat Primary School,Primary,572,0,572
Western Bieh,Ayod County,Mogok,John Kolang Primary,Primary,0,0,0
Western Bieh,Ayod County,Mogok,Kandak Primary School.,Primary,0,0,0
Western Bieh,Ayod County,Mogok,Korwai Primary School,Primary,0,0,0
Western Bieh,Ayod County,Mogok,Matar Primary school,Primary,0,0,0
Western Bieh,Ayod County,Mogok,Mogok Primary School,Primary,0,0,0
Western Bieh,Ayod County,Mogok,Pakium primary school,Primary,0,0,0
Western Bieh,Ayod County,Mogok,Pieth Primary School,Primary,269,0,269
Western Bieh,Ayod County,Mogok,Reeng Primary School,Primary,0,0,0
Western Bieh,Ayod County,Mogok,Riang primary schoo,Primary,286,0,286
Western Bieh,Ayod County,Mogok,Thuop Primary,Primary,0,0,0
Western Bieh,Ayod County,Pagil,Chuil Buong Primary School,Primary,111,0,111
Western Bieh,Ayod County,Pagil,Menime Primary School.,Primary,0,0,0
Western Bieh,Ayod County,Pagil,Nyot Primary,Primary,0,0,0
Western Bieh,Ayod County,Pagil,Pagil Primary,Primary,276,0,276
Western Bieh,Ayod County,Pagil,Pakur Primary,Primary,0,0,0
Western Bieh,Ayod County,Pagil,Wan Machar Primary,Primary,233,0,233
Western Bieh,Ayod County,Pagil,Wichdeng Primary School,Primary,295,0,295
Western Bieh,Ayod County,Pajek,Ayod Secondary School,Secondary,0,0,0
Western Bieh,Ayod County,Pajek,Keer Primary,Primary,0,0,0
Western Bieh,Ayod County,Pajek,Pajiek Primary School,Primary,0,0,0
Western Bieh,Ayod County,Pajek,Yian Primary,Primary,0,0,0
Western Bieh,Ayod County,Wau,.Lual Dieu primary school,Primary,0,0,0
Western Bieh,Ayod County,Wau,ALP-Jiech primary school,ALP,0,0,30
Western Bieh,Ayod County,Wau,Chol Mabuai primary school,Primary,0,0,0
Western Bieh,Ayod County,Wau,Chuidok Primary School,Primary,338,0,338
Western Bieh,Ayod County,Wau,Jiech Primary School,Primary,875,0,875
Western Bieh,Ayod County,Wau,Kuckyian primary school,Primary,0,0,0
Western Bieh,Ayod County,Wau,Paguong primary school,Primary,286,0,286
Western Bieh,Ayod County,Wau,Pangak Primary School,Primary,0,0,0
Western Bieh,Ayod County,Wau,Torkay Primary,Primary,0,0,0
Western Bieh,Ayod County,Wau,Wau Primary School.,Primary,89,0,89
Western Bieh,Fangak County,Manajang,Bei Primary,Primary,0,0,0
Western Bieh,Fangak County,Manajang,Juaibor Primary School,Primary,0,0,0
Western Bieh,Fangak County,Manajang,Koat Nyakoang Primary,Primary,297,0,297
Western Bieh,Fangak County,Manajang,Kuem Rony Primary School,Primary,0,0,0
Western Bieh,Fangak County,Manajang,Kuemduok Primary School.,Primary,1234,0,1234
Western Bieh,Fangak County,Manajang,Kuer Nyang Primary School,Primary,253,0,253
Western Bieh,Fangak County,Manajang,Kuerbiey Primary School,Primary,0,0,0
Western Bieh,Fangak County,Manajang,Manajang Primary School,Primary,0,0,0
Western Bieh,Fangak County,Manajang,Manyajak Primary,Primary,0,0,0
Western Bieh,Fangak County,Manajang,Nyalual Primary,Primary,293,0,293
Western Bieh,Fangak County,Manajang,Pah Primary,Primary,0,0,0
Western Bieh,Fangak County,Manajang,Palei Primary School,Primary,0,0,0
Western Bieh,Fangak County,Manajang,St Peter and Paul Primary School,Primary,0,0,0
Western Bieh,Fangak County,Manajang,Tongnyang Primary,Primary,0,0,0
Western Bieh,Fangak County,Manajang,Wanglel Primary School,Primary,0,0,0
Western Bieh,Fangak County,Mareng,Dhornor Primary School,Primary,286,0,286
Western Bieh,Fangak County,Mareng,Koat Primary School,Primary,322,0,322
Western Bieh,Fangak County,Mareng,Kuer Buai Primary,Primary,0,0,0
Western Bieh,Fangak County,Mareng,Kuer Deng Primary School,Primary,0,0,0
Western Bieh,Fangak County,Mareng,Kuertet Primary School,Primary,0,0,0
Western Bieh,Fangak County,Mareng,Let Primary School,Primary,0,0,0
Western Bieh,Fangak County,Mareng,Nyadin Primary School,Primary,256,0,256
Western Bieh,Fangak County,Mareng,Tiith Beel Primary School,Primary,286,0,286
Western Bieh,Fangak County,Mareng,Tithbol Primary School,Primary,0,0,0
Western Bieh,Fangak County,Mareng,Toch Primary School,Primary,605,0,605
Western Bieh,Fangak County,Mareng,Wangchot Primary School.,Primary,261,0,261
Western Bieh,Fangak County,Mareng,Wanghel Primary School,Primary,0,0,0
Western Bieh,Fangak County,Old Fangak,Baan Primary,Primary,202,0,202
Western Bieh,Fangak County,Old Fangak,Chotbora Primary School,Primary,286,0,286
Western Bieh,Fangak County,Old Fangak,Diang Diang Primary School,Primary,0,0,0
Western Bieh,Fangak County,Old Fangak,Dinya Primary School,Primary,286,0,286
Western Bieh,Fangak County,Old Fangak,Dongloch Primary School,Primary,292,0,292
Western Bieh,Fangak County,Old Fangak,KhenKhan Primary School,Primary,0,0,0
Western Bieh,Fangak County,Old Fangak,Kherrial Primary School,Primary,0,0,0
Western Bieh,Fangak County,Old Fangak,Kojiok Primary School,Primary,0,0,0
Western Bieh,Fangak County,Old Fangak,Kuerbuay primary school,Primary,0,0,0
Western Bieh,Fangak County,Old Fangak,Kuerkhan Primary School,Primary,0,0,0
Western Bieh,Fangak County,Old Fangak,Lele Primary School,Primary,0,0,0
Western Bieh,Fangak County,Old Fangak,Long Time Primary School,Primary,0,0,0
Western Bieh,Fangak County,Old Fangak,Mayiek Primary school,Primary,286,0,286
Western Bieh,Fangak County,Old Fangak,Nonimach primary school,Primary,286,0,286
Western Bieh,Fangak County,Old Fangak,Nonimach primary school,Primary,0,0,0
Western Bieh,Fangak County,Old Fangak,Norbor Primary School,Primary,286,0,286
Western Bieh,Fangak County,Old Fangak,Nyatuat Primary,Primary,572,0,572
Western Bieh,Fangak County,Old Fangak,Old Fangak ALP Centre,ALP,0,0,286
Western Bieh,Fangak County,Old Fangak,Old Fangak Primary School,Primary,902,0,902
Western Bieh,Fangak County,Old Fangak,Pajang Primary School,Primary,0,0,0
Western Bieh,Fangak County,Old Fangak,Pajuong Primary School,Primary,0,0,0
Western Bieh,Fangak County,Old Fangak,Pakan Primary School,Primary,286,0,286
Western Bieh,Fangak County,Old Fangak,Pangack,Secondary,0,0,0
Western Bieh,Fangak County,Old Fangak,Parjak Primary School,Primary,286,0,286
Western Bieh,Fangak County,Old Fangak,Patai Primary School,Primary,287,0,287
Western Bieh,Fangak County,Old Fangak,Pathiany Primary School,Primary,286,0,286
Western Bieh,Fangak County,Old Fangak,Pulpam Primary School,Primary,0,0,0
Western Bieh,Fangak County,Old Fangak,Songjiok primary school,Primary,0,0,0
Western Bieh,Fangak County,Old Fangak,Tuok Primary School,Primary,0,0,0
Western Bieh,Fangak County,Old Fangak,Wangmok Primary,Primary,0,0,0
Western Bieh,Fangak County,Old Fangak,Yoryor Primary School,Primary,0,0,0
Western Bieh,Fangak County,Panguir,Pulita Primary School,Primary,0,0,0
Western Bieh,Fangak County,Panguir,Jiath Primary School,Primary,0,0,0
Western Bieh,Fangak County,Panguir,Keew Primary,Primary,0,0,0
Western Bieh,Fangak County,Panguir,Koat Gai Primary School,Primary,0,0,0
Western Bieh,Fangak County,Panguir,Kuer Pon Primary School,Primary,0,0,0
Western Bieh,Fangak County,Panguir,Kuonylou Primary School,Primary,286,0,286
Western Bieh,Fangak County,Panguir,Leerping Primary School,Primary,0,0,0
Western Bieh,Fangak County,Panguir,Paguir Primary School,Primary,0,0,0
Western Bieh,Fangak County,Panguir,Patat Primary School,Primary,0,0,0
Western Bieh,Fangak County,Panguir,Payiet Primary School,Primary,286,0,286
Western Bieh,Fangak County,Panguir,Pulita Primary School.,Primary,0,0,0
Western Bieh,Fangak County,Panguir,Puyai Primary School,Primary,234,0,234
Western Bieh,Fangak County,Panguir,Thiangdiar Primary School,Primary,299,0,299
Western Bieh,Fangak County,Panguir,Thokchak Primary School,Primary,265,0,265
Western Bieh,Fangak County,Panguir,Yidiit Primary School,Primary,286,0,286
Western Bieh,Fangak County,Panguir,Zoreak Primary School,Primary,286,0,286
Western Bieh,Fangak County,Pom,Bichul Kuon Primary,Primary,296,0,296
Western Bieh,Fangak County,Pom,Phom Primary,Primary,286,0,286
Western Bieh,Fangak County,Pom,Pom Girls Primary,Primary,0,0,0
Western Bieh,Fangak County,Pom,Wicmuon Primary School,Primary,293,0,293
Western Bieh,Fangak County,Pom,William Chuol Primary School,Primary,592,0,592
Boma,Pibor County,Boma,Boma Itti Primary School,Primary,0,0,0
Boma,Pibor County,Boma,Boma Upper Primary School,Primary,0,0,0
Boma,Pibor County,Boma,Faith Learning Primary,Primary,0,0,0
Boma,Pibor County,Boma,Kor - Ardep Primary School,Primary,0,0,0
Boma,Pibor County,Boma,Nauyapuru Primary School.,Primary,0,0,0
Boma,Pibor County,Boma,Ngalongoro Primary School,Primary,0,0,0
Boma,Pibor County,Boma,Orgin Primary School,Primary,0,0,0
Boma,Pibor County,Boma,Pibor Girls ALP Centre,ALP,0,0,0
Boma,Pibor County,Boma,Raad Primary School,Primary,0,0,0
Boma,Pibor County,Gumuruk,Agoy Primary School,Primary,499,0,499
Boma,Pibor County,Gumuruk,Clement Kathinya Primary School,Primary,260,0,260
Boma,Pibor County,Gumuruk,ECS Primary School,Primary,0,0,0
Boma,Pibor County,Gumuruk,Gumuruk Girls Primary School,Primary,245,0,245
Boma,Pibor County,Gumuruk,Gumuruk Primary School,Primary,0,0,0
Boma,Pibor County,Gumuruk,Irret Primary School,Primary,0,0,0
Boma,Pibor County,Gumuruk,Langachod Primary School,Primary,524,0,524
Boma,Pibor County,Gumuruk,Pibor Boys Primary School,Primary,735,0,735
Boma,Pibor County,Gumuruk,Thangnyang Primary School,Primary,286,0,286
Boma,Pibor County,Lekuagole,Lekuangole Girls P/S,Primary,99,0,99
Boma,Pibor County,Lekuagole,Lekuangole Nursery School,PRE,0,0,0
Boma,Pibor County,Lekuagole,Lekuangole Primary School,Primary,0,0,0
Boma,Pibor County,Lekuagole,New Generation Primary School,Primary,260,0,260
Boma,Pibor County,Lekuagole,Nyazogo Primary School,Primary,0,0,0
Boma,Pibor County,Maruwo,Labrab Primary School,Primary,0,0,0
Boma,Pibor County,Maruwo,Marwo Primary,Primary,0,0,0
Boma,Pibor County,Maruwo,Pibor Central Nursery School,PRE,0,0,286
Boma,Pibor County,Mewun,Lukurnyang ECD Centre,ECD,0,0,195
Boma,Pibor County,Pibor,Bebuzen Primary School,Primary,100,0,100
Boma,Pibor County,Pibor,Gei Primary School,Primary,0,0,0
Boma,Pibor County,Pibor,Kavachoch Primary School,Primary,276,0,276
Boma,Pibor County,Pibor,Kirika Girls Primary School,Primary,0,0,0
Boma,Pibor County,Pibor,Kondako Basic School,Primary,504,0,504
Boma,Pibor County,Pibor,Kondako Nursery School,PRE,0,0,161
Boma,Pibor County,Pibor,Langachod pre - School,PRE,0,0,289
Boma,Pibor County,Pibor,Lukurnyang Primary School,Primary,234,0,234
Boma,Pibor County,Pibor,Manirang Primary School,Primary,186,0,186
Boma,Pibor County,Pibor,Manuyment Primary School,Primary,218,0,218
Boma,Pibor County,Pibor,Murwan Basic School,Primary,0,0,0
Boma,Pibor County,Pibor,Nganzago primary school,Primary,286,0,286
Boma,Pibor County,Pibor,Pibor ALP Centre,ALP,0,0,286
Boma,Pibor County,Pibor,Pibor Basic School,Primary,0,0,0
Boma,Pibor County,Pibor,Pibor Complex Secondary School,Secondary,0,261,261
Boma,Pibor County,Pibor,Pibor Girls School,Primary,601,0,601
Boma,Pibor County,Pibor,Tangajon Basic Education School,Primary,546,0,546
Boma,Pibor County,Verteth,Kengen River Primary School,Primary,0,0,0
Boma,Pochalla County,Adongo,Agada Primary School,Primary,603,0,603
Boma,Pochalla County,Adongo,Ajobie Primary School,Primary,183,0,183
Boma,Pochalla County,Adongo,Otallo Primary School,Primary,832,0,832
Boma,Pochalla County,Akiela,Okadi Primary School,Primary,197,0,197
Boma,Pochalla County,Burator,Daktek Primary School,Primary,321,0,321
Boma,Pochalla County,Burator,Middle Primary,Primary,205,0,205
Boma,Pochalla County,Burator,Nyium Primary School,Primary,527,0,527
Boma,Pochalla County,Burator,Omiella Primary School,Primary,295,0,295
Boma,Pochalla County,Pochalla,Adonggol Primary School,Primary,182,0,182
Boma,Pochalla County,Pochalla,Ajiengo Primary School,Primary,143,0,143
Boma,Pochalla County,Pochalla,Ajwara Primary School,Primary,493,0,493
Boma,Pochalla County,Pochalla,Alari Primary School,Primary,286,0,286
Boma,Pochalla County,Pochalla,Kudhubhate Primary School,Primary,364,0,364
Boma,Pochalla County,Pochalla,Liech Primary School,Primary,78,0,78
Boma,Pochalla County,Pochalla,Obwodi Primary School,Primary,291,0,291
Boma,Pochalla County,Pochalla,Ojangbai Primary School,Primary,556,0,556
Boma,Pochalla County,Pochalla,Pochalla Primary School,Primary,1144,0,1144
Boma,Pochalla County,Pochalla,Pochalla Secondary School,Secondary,0,0,0
Boma,Pochalla County,Pochalla,Tier Lul Primary,Primary,104,0,104
Gbudwe,Anzara County,Basukangbi,Nagburuku primary,Primary,0,0,0
Gbudwe,Anzara County,Basukangbi,Namama Primary School,Primary,101,0,101
Gbudwe,Anzara County,Basukangbi,Napere Primary School,Primary,415,0,415
Gbudwe,Anzara County,Nzara,Brillian Academy Secondary School,Secondary,0,200,200
Gbudwe,Anzara County,Nzara,Diawo Pre-School,PRE,0,0,0
Gbudwe,Anzara County,Nzara,Dindongara Primary School,Primary,333,0,333
Gbudwe,Anzara County,Nzara,ECS Nzara Primary School,Primary,1048,0,1048
Gbudwe,Anzara County,Nzara,ECS Pre Nuresery School,PRE,0,0,286
Gbudwe,Anzara County,Nzara,ECS Yabongo Community Primary School,Primary,540,0,540
Gbudwe,Anzara County,Nzara,Kopeata community Girls School,ALP,0,0,0
Gbudwe,Anzara County,Nzara,Manvugo Primary School,Primary,446,0,446
Gbudwe,Anzara County,Nzara,Mura Community Girls School,ALP,0,0,0
Gbudwe,Anzara County,Nzara,Nakpazigi Primary School,Primary,286,0,286
Gbudwe,Anzara County,Nzara,Namaiku Community Girls School,ALP,0,0,0
Gbudwe,Anzara County,Nzara,Namaiku Pre School,PRE,0,0,69
Gbudwe,Anzara County,Nzara,Namaku Primary School,Primary,572,0,572
Gbudwe,Anzara County,Nzara,Nazireagbe Community Girls School,ALP,0,0,202
Gbudwe,Anzara County,Nzara,Nazireagbe Primary School,Primary,258,0,258
Gbudwe,Anzara County,Nzara,Nyakasa Pre - school,PRE,0,0,0
Gbudwe,Anzara County,Nzara,Nyakasa Primary School,Primary,0,0,0
Gbudwe,Anzara County,Nzara,Nzara Adult Scondary School,Secondary,0,260,260
Gbudwe,Anzara County,Nzara,Nzara Nursery School,PRE,0,0,142
Gbudwe,Anzara County,Nzara,Nzara Primary School,Primary,576,0,576
Gbudwe,Anzara County,Nzara,Nzara Secondary School,Secondary,0,0,0
Gbudwe,Anzara County,Nzara,Sasa community Girls School,ALP,0,0,150
Gbudwe,Anzara County,Nzara,Sasa Primary School,Primary,280,0,280
Gbudwe,Anzara County,Nzara,Sonosa Primary,Primary,572,0,572
Gbudwe,Anzara County,Nzara,St Daniel Comboni Pre School,PRE,0,0,0
Gbudwe,Anzara County,Nzara,St Daniel Comboni Pre School,PRE,0,0,0
Gbudwe,Anzara County,Nzara,St Daniel Comboni Primary School,Primary,1330,0,1330
Gbudwe,Anzara County,Nzara,St. Timothy Pre - school,PRE,0,0,491
Gbudwe,Anzara County,Nzara,St. Timothys Primary,Primary,1021,0,1021
Gbudwe,Anzara County,Nzara,Wenepai Nursery School,PRE,0,0,156
Gbudwe,Anzara County,Nzara,Wenepai Primary School,Primary,602,0,602
Gbudwe,Anzara County,Nzara,Yabongo Primary School,Primary,355,0,355
Gbudwe,Anzara County,Nzara,Yabua Pre school,PRE,0,0,0
Gbudwe,Anzara County,Nzara,Yabua Primary School,Primary,626,0,626
Gbudwe,Anzara County,Nzara,Zereda Nursery School,PRE,0,0,0
Gbudwe,Anzara County,Nzara,Zereda Primary,Primary,1157,0,1157
Gbudwe,Anzara County,Ringasi,Diawo Nursery and Primary School,Primary,0,0,0
Gbudwe,Anzara County,Ringasi,Gbaba Primary School,Primary,0,0,0
Gbudwe,Anzara County,Ringasi,Ringasi,Primary,649,0,649
Gbudwe,Anzara County,Ringasi,Ringasi ALP Centre School,ALP,0,0,0
Gbudwe,Anzara County,Sakure,Bakpara Primary School,Primary,551,0,551
Gbudwe,Anzara County,Sakure,Biremaku Primary School,Primary,861,0,861
Gbudwe,Anzara County,Sakure,Diafura Primary School,Primary,279,0,279
Gbudwe,Anzara County,Sakure,Manguri Primary School,Primary,538,0,538
Gbudwe,Anzara County,Sakure,Nangirimo Primary School,Primary,286,0,286
Gbudwe,Anzara County,Sakure,Sakure Communty Centre Primary School,Primary,569,0,569
Gbudwe,Anzara County,Sakure,St Timothy ALP Centre School,ALP,0,0,0
Gbudwe,Anzara County,Sangua,Buremanga Primary School,Primary,463,0,463
Gbudwe,Anzara County,Sangua,Dingapa Primary,Primary,360,0,360
Gbudwe,Anzara County,Sangua,Naangbimo Primary School,Primary,363,0,363
Gbudwe,Anzara County,Sangua,Nangbimo Community Girls School,ALP,0,0,0
Gbudwe,Anzara County,Sangua,Sangua Primary School,Primary,426,0,426
Gbudwe,Anzara County,Sangua,Zangada Primary School,Primary,350,0,350
Gbudwe,Ezo County,Andari,Andari Pre-School,PRE,0,0,0
Gbudwe,Ezo County,Andari,Andari Primary School,Primary,548,0,548
Gbudwe,Ezo County,Andari,Bafuka Primary School,Primary,509,0,509
Gbudwe,Ezo County,Andari,Bangangai Primary School,Primary,244,0,244
Gbudwe,Ezo County,Andari,Barugu Primary School,Primary,297,0,297
Gbudwe,Ezo County,Andari,Beregero Primary School,Primary,315,0,315
Gbudwe,Ezo County,Andari,Degere RCC Primary School,Primary,521,0,521
Gbudwe,Ezo County,Andari,ECS Bafuka Primary School,Primary,513,0,513
Gbudwe,Ezo County,Bagidi,Bagidi Cetre Primary School,Primary,295,0,295
Gbudwe,Ezo County,Bagidi,Bandara Primary School,Primary,279,0,279
Gbudwe,Ezo County,Bagidi,Mosso Centre Primary School,Primary,0,0,0
Gbudwe,Ezo County,Bariguna,Banduguyo Primary School,Primary,138,0,138
Gbudwe,Ezo County,Bariguna,Bariabande Primary School,Primary,0,0,0
Gbudwe,Ezo County,Bariguna,Bariguna Primary School,Primary,139,0,139
Gbudwe,Ezo County,Bariguna,Naagbagi Primary School,Primary,61,0,61
Gbudwe,Ezo County,Ezo,Baikpa ALP Centre,ALP,0,0,0
Gbudwe,Ezo County,Ezo,Bakindo Primary School,Primary,0,0,0
Gbudwe,Ezo County,Ezo,CGS Nakorokpe Primary School,Primary,214,0,214
Gbudwe,Ezo County,Ezo,Community Girls School Ezo II,Primary,0,0,0
Gbudwe,Ezo County,Ezo,Degere Primary School,Primary,257,0,257
Gbudwe,Ezo County,Ezo,ECS Masumbu Primary School,Primary,419,0,419
Gbudwe,Ezo County,Ezo,Ezo Centre ALP Centre,ALP,0,0,0
Gbudwe,Ezo County,Ezo,Ezo Centre Pre - School,PRE,0,0,0
Gbudwe,Ezo County,Ezo,Ezo Centre Primary School,Primary,597,0,597
Gbudwe,Ezo County,Ezo,Ezo Secondary School,Secondary,0,186,186
Gbudwe,Ezo County,Ezo,IDP Baikpa Primary School,Primary,234,0,234
Gbudwe,Ezo County,Ezo,Madoro Primary School SRRC,Primary,243,0,243
Gbudwe,Ezo County,Ezo,Mariagba Primary School,Primary,145,0,145
Gbudwe,Ezo County,Ezo,Mutu Primary School,Primary,0,0,0
Gbudwe,Ezo County,Ezo,Nanzinga Primary School,Primary,219,0,219
Gbudwe,Ezo County,Ezo,Nanzinyo ALP Centre,ALP,0,0,0
Gbudwe,Ezo County,Ezo,Progressive Primary,Primary,635,0,635
Gbudwe,Ezo County,Ezo,RCC Primary School,Primary,286,0,286
Gbudwe,Ezo County,Ezo,RCC Primary School Mangbangau,Primary,286,0,286
Gbudwe,Ezo County,Ezo,St August ALP Centre,ALP,0,0,178
Gbudwe,Ezo County,Ezo,Wenepaida nursery and primary school,Primary,630,0,630
Gbudwe,Ezo County,Naandi,Biatu Primary School,Primary,138,0,138
Gbudwe,Ezo County,Naandi,Diabio Primary School,Primary,199,0,199
Gbudwe,Ezo County,Naandi,ECS Naandi Primary School,Primary,486,0,486
Gbudwe,Ezo County,Naandi,ECS Nagasi Primary,Primary,174,0,174
Gbudwe,Ezo County,Naandi,Gbatanyaki Community Girls School,Primary,0,0,0
Gbudwe,Ezo County,Naandi,Marangu Primary School,Primary,0,0,0
Gbudwe,Ezo County,Naandi,Naandi Pre-School,PRE,0,0,68
Gbudwe,Ezo County,Naandi,Naandi Primary School,Primary,356,0,356
Gbudwe,Ezo County,Naandi,Naandi Secondary School,Secondary,0,47,47
Gbudwe,Ezo County,Naandi,Nyasi Primary School,Primary,154,0,154
Gbudwe,Ezo County,Naandi,RCC Naandi Primary School,Primary,515,0,515
Gbudwe,Ezo County,Naandi,Yangiri Pre-School,PRE,0,0,0
Gbudwe,Ezo County,Yangiri,Mafuyu Primary School,Primary,412,0,412
Gbudwe,Ezo County,Yangiri,RCC Yangiri Primary School,Primary,564,0,564
Gbudwe,Ezo County,Yangiri,Yangiri Primary School centre,Primary,524,0,524
Gbudwe,Nagero County,Nagero,Bandala ALP Centre,PRE,0,0,0
Gbudwe,Nagero County,Nagero,Bandala Pre - School,PRE,0,0,0
Gbudwe,Nagero County,Nagero,Bandala Primary Scchool,Primary,197,0,197
Gbudwe,Nagero County,Nagero,Bangaru ALP Centre,ALP,0,0,0
Gbudwe,Nagero County,Nagero,Bangaru Pre - School,PRE,0,0,0
Gbudwe,Nagero County,Nagero,Bongoni Primary School,Primary,210,0,210
Gbudwe,Nagero County,Nagero,Diayanga Pre - School,PRE,0,0,0
Gbudwe,Nagero County,Nagero,Diayanga Primary School,Primary,0,0,0
Gbudwe,Nagero County,Nagero,Diima Primary School,Primary,242,0,242
Gbudwe,Nagero County,Nagero,Duma Pre - School,PRE,0,0,0
Gbudwe,Nagero County,Nagero,Garison Primary School,Primary,215,0,215
Gbudwe,Nagero County,Nagero,Garrison Primary School,Primary,0,0,0
Gbudwe,Nagero County,Nagero,Kpanangbara Primary School,Primary,0,0,0
Gbudwe,Nagero County,Nagero,Kuro Pre - School,PRE,0,0,0
Gbudwe,Nagero County,Nagero,Kuro Primary School,Primary,212,0,212
Gbudwe,Nagero County,Nagero,Mainzee Pre - School,PRE,0,0,0
Gbudwe,Nagero County,Nagero,Mainzee Primary School,Primary,364,0,364
Gbudwe,Nagero County,Nagero,Maringindo ALP Centre,ALP,0,0,153
Gbudwe,Nagero County,Nagero,Nagbagi Primary School,Primary,0,0,0
Gbudwe,Nagero County,Nagero,Nagero ALP Centre,ALP,0,0,0
Gbudwe,Nagero County,Nagero,Nagero Pre - School,PRE,0,0,0
Gbudwe,Nagero County,Nagero,Nagero Primary School,Primary,773,0,773
Gbudwe,Nagero County,Nagero,Nagero progresive ALP Centre,ALP,0,0,212
Gbudwe,Nagero County,Nagero,Nagero Secondary School,Secondary,0,0,0
Gbudwe,Nagero County,Nagero,Nakpataguru Primary School,Primary,213,0,213
Gbudwe,Nagero County,Nagero,nakpatuguru Pre - School,PRE,0,0,0
Gbudwe,Nagero County,Nagero,Namatina Pre - School,PRE,0,0,0
Gbudwe,Nagero County,Nagero,Naringindo Primary School,Primary,298,0,298
Gbudwe,Nagero County,Nagero,NDA Primary School,Primary,327,0,327
Gbudwe,Nagero County,Nagero,Zamai Primary School,Primary,0,0,0
Gbudwe,Tambura County,Mupoi,Centenary Nursary and primary school,Primary,0,0,0
Gbudwe,Tambura County,Mupoi,Mabia Primary School,Primary,297,0,297
Gbudwe,Tambura County,Mupoi,Masukaki Community Girls Primary School,Primary,0,0,0
Gbudwe,Tambura County,Mupoi,Mupoi Primary School,Primary,517,0,517
Gbudwe,Tambura County,Mupoi,Nangongo Primary School,Primary,697,0,697
Gbudwe,Tambura County,Mupoi,Sananguse Primary School,Primary,0,0,0
Gbudwe,Tambura County,Namatina,Bafilo,Primary,208,0,208
Gbudwe,Tambura County,Namatina,Kpangima Primary School,Primary,714,0,714
Gbudwe,Tambura County,Namatina,Nanzaga Primary School,Primary,156,0,156
Gbudwe,Tambura County,Namatina,RCC Namatina Primary School,Primary,423,0,423
Gbudwe,Tambura County,Namatina,Sinakpuro Community Girls School,Primary,456,0,456
Gbudwe,Tambura County,Namatina,Sinakpuro Primary School,Primary,162,0,162
Gbudwe,Tambura County,S/Yubu,Anida Pre-school,PRE,0,0,0
Gbudwe,Tambura County,S/Yubu,Ave Maria Kindergarden School,PRE,0,0,172
Gbudwe,Tambura County,S/Yubu,Bambu Primary School,Primary,590,0,590
Gbudwe,Tambura County,S/Yubu,Centenary Cross Pre-school,PRE,0,0,0
Gbudwe,Tambura County,S/Yubu,Gbatanzere Primary School,Primary,249,0,249
Gbudwe,Tambura County,S/Yubu,Kpatanayo Primary School,Primary,393,0,393
Gbudwe,Tambura County,S/Yubu,Mabenge Primary School,Primary,285,0,285
Gbudwe,Tambura County,S/Yubu,Ndere Pre-school,PRE,0,0,0
Gbudwe,Tambura County,S/Yubu,Ngboko Primary School,Primary,804,0,804
Gbudwe,Tambura County,S/Yubu,S/Yubu Primary School,Primary,286,0,286
Gbudwe,Tambura County,S/Yubu,Saint John Bosco Primary School Lafa,Primary,650,0,650
Gbudwe,Tambura County,Tambura,Adeesa Girls Community Boarding School,Primary,527,0,527
Gbudwe,Tambura County,Tambura,Anikumba College School,Secondary,0,91,91
Gbudwe,Tambura County,Tambura,Anisononga Nursary And Primary School,Primary,728,0,728
Gbudwe,Tambura County,Tambura,Bakosoro Primary School,Primary,545,0,545
Gbudwe,Tambura County,Tambura,Bavuru Community Girls school,Primary,389,0,389
Gbudwe,Tambura County,Tambura,Dingimo Community Primary School,Primary,291,0,291
Gbudwe,Tambura County,Tambura,Dingimo Primary School,Primary,0,0,0
Gbudwe,Tambura County,Tambura,Gamunakpe Primary School,Primary,650,0,650
Gbudwe,Tambura County,Tambura,Kininya One Primary School,Primary,572,0,572
Gbudwe,Tambura County,Tambura,Magbiri Primary School,Primary,0,0,0
Gbudwe,Tambura County,Tambura,Massiri Primary,Primary,536,0,536
Gbudwe,Tambura County,Tambura,Mobaiku Primary School Tambura,Primary,424,0,424
Gbudwe,Tambura County,Tambura,Mopiso Primary School,Primary,315,0,315
Gbudwe,Tambura County,Tambura,Nabaria community primary school,Primary,609,0,609
Gbudwe,Tambura County,Tambura,Nazereda Primary School,Primary,658,0,658
Gbudwe,Tambura County,Tambura,New Sudan Federation School,ALP,0,0,346
Gbudwe,Tambura County,Tambura,Nzama Community Girls School,Primary,286,0,286
Gbudwe,Tambura County,Tambura,Renzi Primary School,Primary,655,0,655
Gbudwe,Tambura County,Tambura,Richland Primary School,Primary,1233,0,1233
Gbudwe,Tambura County,Tambura,St Genevieve Girls Catholic Sec School,Secondary,0,128,128
Gbudwe,Tambura County,Tambura,St Lawrence Primary School,Primary,486,0,486
Gbudwe,Tambura County,Tambura,St. Mary Primary School Tambura,Primary,1158,0,1158
Gbudwe,Tambura County,Tambura,Tambura pre-school,PRE,0,0,77
Gbudwe,Tambura County,Tambura,Tambura Primary School,Primary,613,0,613
Gbudwe,Tambura County,Tambura,Tambura Secondary school,Secondary,0,1348,1348
Gbudwe,Tambura County,Tambura,Waka Up Primary School,Primary,891,0,891
Gbudwe,Tambura County,Tambura,Yangu community Girls School,Primary,130,0,130
Gbudwe,Tambura County,Tambura,Zangia Primary School,Primary,455,0,455
Gbudwe,Yambio County,Bangasu,Bagomoro Primary School,Primary,903,0,903
Gbudwe,Yambio County,Bangasu,Bangasu ALP Centre,ALP,0,0,0
Gbudwe,Yambio County,Bangasu,Bangasu Primary School,Primary,394,0,394
Gbudwe,Yambio County,Bangasu,Berezawa Primary School,Primary,0,0,0
Gbudwe,Yambio County,Bangasu,Kasia Primary School,Primary,526,0,526
Gbudwe,Yambio County,Bangasu,Kassia Community Girls School,Primary,0,0,0
Gbudwe,Yambio County,Bangasu,Magbuka Community Girls School,Primary,0,0,0
Gbudwe,Yambio County,Bangasu,Magbuka Primary School,Primary,0,0,0
Gbudwe,Yambio County,Bangasu,Makanga Primary School,Primary,262,0,262
Gbudwe,Yambio County,Bangasu,Makarangbundu Primary School,Primary,211,0,211
Gbudwe,Yambio County,Bangasu,Makpandu 2 Primary School,Primary,821,0,821
Gbudwe,Yambio County,Bangasu,Makpandu ALP Centre,ALP,0,0,0
Gbudwe,Yambio County,Bangasu,Makpandu Primary School,Primary,276,0,276
Gbudwe,Yambio County,Bangasu,Makpandu Secondary School,Secondary,0,286,286
Gbudwe,Yambio County,Bangasu,Makpara Community Girls School,Primary,316,0,316
Gbudwe,Yambio County,Bangasu,Naangere Primary School,Primary,254,0,254
Gbudwe,Yambio County,Bangasu,Naanzari ALP Centre,ALP,0,0,258
Gbudwe,Yambio County,Bangasu,Nagbaka Community Girls School,Primary,234,0,234
Gbudwe,Yambio County,Bangasu,Nairiwo Rimenze Upper Primary School,Primary,0,0,0
Gbudwe,Yambio County,Bangasu,Nambiongo Community Girls School,Primary,286,0,286
Gbudwe,Yambio County,Bangasu,Ri menze primary school,Primary,0,0,0
Gbudwe,Yambio County,Bangasu,Rii-menze ALP Centre,ALP,0,0,0
Gbudwe,Yambio County,Gangura,Baakiwiri Primary School,Primary,846,0,846
Gbudwe,Yambio County,Gangura,Bethlehem Primary School,Primary,573,0,573
Gbudwe,Yambio County,Gangura,Duabaga Primary School,Primary,286,0,286
Gbudwe,Yambio County,Gangura,Gangura Primary School,Primary,928,0,928
Gbudwe,Yambio County,Gangura,Kada Primary School,Primary,338,0,338
Gbudwe,Yambio County,Gangura,Karika Primary School,Primary,483,0,483
Gbudwe,Yambio County,Gangura,Kidi Primary School,Primary,549,0,549
Gbudwe,Yambio County,Gangura,Masumbu Primary School,Primary,280,0,280
Gbudwe,Yambio County,Gangura,Mazumburu ALP Centre,ALP,0,0,0
Gbudwe,Yambio County,Gangura,Namama III Primary School,Primary,172,0,172
Gbudwe,Yambio County,Gangura,Nambia II Primary School,Primary,765,0,765
Gbudwe,Yambio County,Gangura,Nanguruza Primary School,Primary,0,0,0
Gbudwe,Yambio County,Gangura,Nanzeme Community Girls School,Primary,438,0,438
Gbudwe,Yambio County,Gangura,Nasoro Primary School,Primary,469,0,469
Gbudwe,Yambio County,Gangura,Nasue Primary School,Primary,386,0,386
Gbudwe,Yambio County,Gangura,Nawangu Primary School,Primary,569,0,569
Gbudwe,Yambio County,Gangura,Ri-bodo ALP Centre,ALP,0,0,149
Gbudwe,Yambio County,Gangura,Zerezagio Primary School,Primary,266,0,266
Gbudwe,Yambio County,Li-Rangu,Banzimi Foki Primary School,Primary,0,0,0
Gbudwe,Yambio County,Li-Rangu,Bimo Primary School,Primary,0,0,0
Gbudwe,Yambio County,Li-Rangu,Li-Rangu Primary School,Primary,313,0,313
Gbudwe,Yambio County,Li-Rangu,Makpaturu Primary School,Primary,0,0,0
Gbudwe,Yambio County,Li-Rangu,Nambia Primary School,Primary,0,0,0
Gbudwe,Yambio County,Li-Rangu,Valine Primary School,Primary,0,0,0
Gbudwe,Yambio County,Li-Rangu,Zambasende Primary School,Primary,0,0,0
Gbudwe,Yambio County,Nadiangere,Banangba Primary School,Primary,227,0,227
Gbudwe,Yambio County,Nadiangere,Mabongo Community Primary School,Primary,0,0,0
Gbudwe,Yambio County,Nadiangere,Mazimbi primary,Primary,0,0,0
Gbudwe,Yambio County,Nadiangere,Nadiangere Community Primary School,Primary,0,0,0
Gbudwe,Yambio County,Nadiangere,Nadiangere Primary School,Primary,155,0,155
Gbudwe,Yambio County,Yambio Town,BISHOP ABANGITE COLLEGE OF SCI & TECHNOLOGY,Secondary,0,947,947
Gbudwe,Yambio County,Yambio Town,CEEC-ALP,ALP,0,0,177
Gbudwe,Yambio County,Yambio Town,Lutheran pre-school,PRE,0,0,158
Gbudwe,Yambio County,Yambio Town,Alliance High School,Secondary,0,604,604
Gbudwe,Yambio County,Yambio Town,Alpha Christian Academy,PRE,0,0,0
Gbudwe,Yambio County,Yambio Town,Alpha Christiana Pre School,PRE,0,0,364
Gbudwe,Yambio County,Yambio Town,Alpha Omega Primary,Primary,908,0,908
Gbudwe,Yambio County,Yambio Town,Aninyaki Primary School,Primary,754,0,754
Gbudwe,Yambio County,Yambio Town,Army Garrision Primary School,Primary,380,0,380
Gbudwe,Yambio County,Yambio Town,Army Garrison ALP School,ALP,0,0,506
Gbudwe,Yambio County,Yambio Town,Badi 1 Pre School,PRE,0,0,0
Gbudwe,Yambio County,Yambio Town,Badi 2 Pre School,PRE,0,0,286
Gbudwe,Yambio County,Yambio Town,Badi Academy Primary,Primary,432,0,432
Gbudwe,Yambio County,Yambio Town,Badi Academy Primary School,Primary,789,0,789
Gbudwe,Yambio County,Yambio Town,Baguga Primary School,Primary,486,0,486
Gbudwe,Yambio County,Yambio Town,Bakindo Adult School,Primary,173,0,173
Gbudwe,Yambio County,Yambio Town,Bangasi Academy Secondary,Secondary,0,325,325
Gbudwe,Yambio County,Yambio Town,Bangasi Pre School,PRE,0,0,195
Gbudwe,Yambio County,Yambio Town,Bangasi Primary,Primary,598,0,598
Gbudwe,Yambio County,Yambio Town,Basidi Primary School,Primary,0,0,0
Gbudwe,Yambio County,Yambio Town,Bazumburu SDA Primary School,Primary,468,0,468
Gbudwe,Yambio County,Yambio Town,Bazungua 1 Primary School,Primary,781,0,781
Gbudwe,Yambio County,Yambio Town,Bazungua 2 Primary school,Primary,252,0,252
Gbudwe,Yambio County,Yambio Town,Birisi Primary,Primary,135,0,135
Gbudwe,Yambio County,Yambio Town,Bishop Abongite Nursery School,NUR,0,0,0
Gbudwe,Yambio County,Yambio Town,Bodo Primary School,Primary,556,0,556
Gbudwe,Yambio County,Yambio Town,Bright Star Pre-School,PRE,0,0,0
Gbudwe,Yambio County,Yambio Town,Bright Star Primary School,Primary,1221,0,1221
Gbudwe,Yambio County,Yambio Town,Correctional Pre School,PRE,0,0,0
Gbudwe,Yambio County,Yambio Town,Correctional Primary School,Primary,652,0,652
Gbudwe,Yambio County,Yambio Town,Day Star Primary School,Primary,0,0,0
Gbudwe,Yambio County,Yambio Town,Diatoro Primary School,Primary,181,0,181
Gbudwe,Yambio County,Yambio Town,Dona Primary School,Primary,147,0,147
Gbudwe,Yambio County,Yambio Town,Duduma Primary,Primary,149,0,149
Gbudwe,Yambio County,Yambio Town,ECS Timbiro Secondary School,Secondary,0,0,0
Gbudwe,Yambio County,Yambio Town,Gbiaidie Pre School,PRE,0,0,151
Gbudwe,Yambio County,Yambio Town,Gbialdic Primary,Primary,506,0,506
Gbudwe,Yambio County,Yambio Town,Gracia Pre School,Primary,1041,0,1041
Gbudwe,Yambio County,Yambio Town,Gracia Pre School,PRE,0,0,378
Gbudwe,Yambio County,Yambio Town,Green Valley Secondary School,Secondary,0,355,355
Gbudwe,Yambio County,Yambio Town,Guruba Primary School,Primary,864,0,864
Gbudwe,Yambio County,Yambio Town,Ikpiro Primary School,Primary,644,0,644
Gbudwe,Yambio County,Yambio Town,Irpiro Ophans primary,Primary,0,0,0
Gbudwe,Yambio County,Yambio Town,Joy Nursery and Primary School,Primary,865,0,865
Gbudwe,Yambio County,Yambio Town,Karika ALP Centre,ALP,0,0,0
Gbudwe,Yambio County,Yambio Town,King College Secondary,Secondary,0,733,733
Gbudwe,Yambio County,Yambio Town,Kodati Primary School,Primary,0,0,0
Gbudwe,Yambio County,Yambio Town,Kpirabe Community Girls School,Primary,416,0,416
Gbudwe,Yambio County,Yambio Town,Lutheran Primary School,Primary,658,0,658
Gbudwe,Yambio County,Yambio Town,Maingbangaru ALP Centre,ALP,0,0,0
Gbudwe,Yambio County,Yambio Town,Maingbangaru Primary School,Primary,448,0,448
Gbudwe,Yambio County,Yambio Town,Makpandu Pre School,PRE,0,0,0
Gbudwe,Yambio County,Yambio Town,Makperenga Primary School,Primary,286,0,286
Gbudwe,Yambio County,Yambio Town,Mambere Primary School,Primary,0,0,0
Gbudwe,Yambio County,Yambio Town,Mamenze Community Primary School,Primary,1,0,1
Gbudwe,Yambio County,Yambio Town,Mangbondo ALP Centre,ALP,0,0,71
Gbudwe,Yambio County,Yambio Town,Mangbondo Primary School,Primary,393,0,393
Gbudwe,Yambio County,Yambio Town,Masiya Pre School,PRE,0,0,307
Gbudwe,Yambio County,Yambio Town,Masiya Pre-school,PRE,0,0,0
Gbudwe,Yambio County,Yambio Town,Masiya Primary School,Primary,1448,0,1448
Gbudwe,Yambio County,Yambio Town,Matondo Nursery & Primary School,Primary,1157,0,1157
Gbudwe,Yambio County,Yambio Town,Matondo Pre School,PRE,0,0,0
Gbudwe,Yambio County,Yambio Town,Mbiko Primary,Primary,0,0,0
Gbudwe,Yambio County,Yambio Town,Murangi Primary School,Primary,409,0,409
Gbudwe,Yambio County,Yambio Town,Naakiri Primary School,Primary,217,0,217
Gbudwe,Yambio County,Yambio Town,Naangbimo Primary School,Primary,491,0,491
Gbudwe,Yambio County,Yambio Town,Naanzari Community Girls School,Primary,312,0,312
Gbudwe,Yambio County,Yambio Town,Nabagu Upper Primary School,Primary,253,0,253
Gbudwe,Yambio County,Yambio Town,Nabaguu ALP Centre,ALP,0,0,0
Gbudwe,Yambio County,Yambio Town,Nabaguu Pre School,PRE,0,0,67
Gbudwe,Yambio County,Yambio Town,Naduru Pre School,PRE,0,0,0
Gbudwe,Yambio County,Yambio Town,Naduru Primary School,Primary,941,0,941
Gbudwe,Yambio County,Yambio Town,Nakiaga Primary School,Primary,0,0,0
Gbudwe,Yambio County,Yambio Town,Nakpangau ALP Centre,ALP,0,0,134
Gbudwe,Yambio County,Yambio Town,Nakpangau Primary School,Primary,501,0,501
Gbudwe,Yambio County,Yambio Town,Namama 3 Primary School,Primary,297,0,297
Gbudwe,Yambio County,Yambio Town,Namatina ALP Centre,ALP,0,0,0
Gbudwe,Yambio County,Yambio Town,Napere Community Girls school,Primary,0,0,0
Gbudwe,Yambio County,Yambio Town,Napere Community Primary School,Primary,0,0,0
Gbudwe,Yambio County,Yambio Town,Napere Riverview Primary School,Primary,0,0,0
Gbudwe,Yambio County,Yambio Town,Nayure Primary School,Primary,467,0,467
Gbudwe,Yambio County,Yambio Town,Nazereta Community Girls School,Primary,177,0,177
Gbudwe,Yambio County,Yambio Town,Ndaruro Primary School,Primary,290,0,290
Gbudwe,Yambio County,Yambio Town,Ngbarago Primary School,Primary,786,0,786
Gbudwe,Yambio County,Yambio Town,Pazuo Primary School,Primary,368,0,368
Gbudwe,Yambio County,Yambio Town,Ri-Bodo,Primary,607,0,607
Gbudwe,Yambio County,Yambio Town,Rikito Community Primary School,Primary,0,0,0
Gbudwe,Yambio County,Yambio Town,Royal Nursery and Primary School,Primary,1198,0,1198
Gbudwe,Yambio County,Yambio Town,Royal Pre School,PRE,0,0,546
Gbudwe,Yambio County,Yambio Town,S.I.D Secondary School,Secondary,0,132,132
Gbudwe,Yambio County,Yambio Town,SDA Primary School,Primary,686,0,686
Gbudwe,Yambio County,Yambio Town,Solidarity Teacher Training College,TTI,0,0,0
Gbudwe,Yambio County,Yambio Town,St Bakhita Nursery School,PRE,0,0,381
Gbudwe,Yambio County,Yambio Town,St Bakhita Primary School,Primary,654,0,654
Gbudwe,Yambio County,Yambio Town,St Joseph Bakindo Primary School,Primary,248,0,248
Gbudwe,Yambio County,Yambio Town,St Mary ALP Centre,ALP,0,0,0
Gbudwe,Yambio County,Yambio Town,St. Mary Primary School,Primary,1167,0,1167
Gbudwe,Yambio County,Yambio Town,St. Poul Naagarawo Priamry,Primary,0,0,0
Gbudwe,Yambio County,Yambio Town,Sun Rise Primary School,Primary,900,0,900
Gbudwe,Yambio County,Yambio Town,Sunrise Pre School,PRE,0,0,0
Gbudwe,Yambio County,Yambio Town,Tabitha Adventist Nursary and primary school,Primary,190,0,190
Gbudwe,Yambio County,Yambio Town,Tabitha Nursery School,PRE,0,0,286
Gbudwe,Yambio County,Yambio Town,Tambua Pre School,PRE,0,0,0
Gbudwe,Yambio County,Yambio Town,Tambua Primary School,Primary,718,0,718
Gbudwe,Yambio County,Yambio Town,Tii-Ndoka Primary School,Primary,1139,0,1139
Gbudwe,Yambio County,Yambio Town,United ALP School,ALP,0,0,286
Gbudwe,Yambio County,Yambio Town,United Nursery And Primary School,Primary,677,0,677
Gbudwe,Yambio County,Yambio Town,United Pre-School,PRE,0,0,0
Gbudwe,Yambio County,Yambio Town,Usumo Pre School,PRE,0,0,0
Gbudwe,Yambio County,Yambio Town,Usumo Primary,Primary,807,0,807
Gbudwe,Yambio County,Yambio Town,Y.M.C.A Primary School,Primary,556,0,556
Gbudwe,Yambio County,Yambio Town,Yabongo 2 Primary School,Primary,406,0,406
Gbudwe,Yambio County,Yambio Town,Yabongo ALP Centre,ALP,0,0,572
Gbudwe,Yambio County,Yambio Town,Yabongo Evening Secondary school,Secondary,0,162,162
Gbudwe,Yambio County,Yambio Town,YABONGO GIRLS BOARDING SECONDARY SCHOOL,Secondary,0,0,0
Gbudwe,Yambio County,Yambio Town,Yabongo Girls Day Secondary School,Secondary,0,67,67
Gbudwe,Yambio County,Yambio Town,Yabongo Girls Primary School,Primary,269,0,269
Gbudwe,Yambio County,Yambio Town,Yambio Primary School,Primary,798,0,798
Gbudwe,Yambio County,Yambio Town,Yambio Senior Secondary School,Secondary,0,267,267
Gbudwe,Yambio County,Yambio Town,YMCA Pre School,PRE,0,0,0
Gbudwe,Yambio County,Yambio Town,Young Angel 1 Pre School,PRE,0,0,0
Gbudwe,Yambio County,Yambio Town,Young Angel 2 Pre School,PRE,0,0,0
Gbudwe,Yambio County,Yambio Town,Young Angels 2 Primary School,Primary,0,0,0
Gbudwe,Yambio County,Yambio Town,Young angles nur primary,Primary,395,0,395
Gogrial,Gogrial East County,Nyang,Gamdhang Primary School,Primary,442,0,442
Gogrial,Gogrial East County,Nyang,Mawut Primary School,Primary,339,0,339
Gogrial,Gogrial East County,Nyang,Mayenjur Primary School,Primary,572,0,572
Gogrial,Gogrial East County,Nyang,Nyang Primary School.,Primary,468,0,468
Gogrial,Gogrial East County,Nyang,Warabiei Primary School,Primary,806,0,806
Gogrial,Gogrial East County,Nyang,Wik jak primary,Primary,597,0,597
Gogrial,Gogrial East County,Pathoun East,Angernger Academic Primary School,Primary,450,0,450
Gogrial,Gogrial East County,Pathoun East,Athou primary,Primary,338,0,338
Gogrial,Gogrial East County,Pathoun East,Bong Primary School.,Primary,494,0,494
Gogrial,Gogrial East County,Pathoun East,Jokangan Primary School,Primary,572,0,572
Gogrial,Gogrial East County,Pathoun East,Mabior Abun Primary,Primary,650,0,650
Gogrial,Gogrial East County,Pathoun East,Mading Biong Primary School,Primary,692,0,692
Gogrial,Gogrial East County,Pathoun East,Magurdit Unity Primary School,Primary,547,0,547
Gogrial,Gogrial East County,Pathoun East,Makerial Primary,Primary,442,0,442
Gogrial,Gogrial East County,Pathoun East,Makuach Biong primary,Primary,338,0,338
Gogrial,Gogrial East County,Pathoun East,Malual Kuel Primary School,Primary,519,0,519
Gogrial,Gogrial East County,Pathoun East,Mayen Dau Communit Primary School,Primary,286,0,286
Gogrial,Gogrial East County,Pathoun East,Mayom Biong Primary School,Primary,810,0,810
Gogrial,Gogrial East County,Pathoun East,Wunlit primary,Primary,676,0,676
Gogrial,Gogrial East County,Pathoun East,Yiik Adoor Primary,Primary,416,0,416
Gogrial,Gogrial East County,Pathoun East,Yiik Adoor Primary School,Primary,988,0,988
Gogrial,Gogrial East County,Pathoun West,Achot Primary School,Primary,416,0,416
Gogrial,Gogrial East County,Pathoun West,Aduup Tiik Primary School,Primary,286,0,286
Gogrial,Gogrial East County,Pathoun West,Aguar Primary School,Primary,442,0,442
Gogrial,Gogrial East County,Pathoun West,Akot Primary School,Primary,494,0,494
Gogrial,Gogrial East County,Pathoun West,Anyuathok primary,Primary,520,0,520
Gogrial,Gogrial East County,Pathoun West,Dalaliek Primary School,Primary,286,0,286
Gogrial,Gogrial East County,Pathoun West,JAK primary,Primary,405,0,405
Gogrial,Gogrial East County,Pathoun West,Kurnyuk Primary School,Primary,718,0,718
Gogrial,Gogrial East County,Pathoun West,Lac Diit primary school,Primary,287,0,287
Gogrial,Gogrial East County,Pathoun West,Liil Mawut Primary School,Primary,494,0,494
Gogrial,Gogrial East County,Pathoun West,Luony aker Primary School,Primary,1045,0,1045
Gogrial,Gogrial East County,Pathoun West,Mading Ameel Primary School,Primary,520,0,520
Gogrial,Gogrial East County,Pathoun West,Majook Primary School,Primary,1037,0,1037
Gogrial,Gogrial East County,Pathoun West,Majookamal Primary School.,Primary,286,0,286
Gogrial,Gogrial East County,Pathoun West,Makerjook Primary School,Primary,263,0,263
Gogrial,Gogrial East County,Pathoun West,Malual Wut Primary School,Primary,312,0,312
Gogrial,Gogrial East County,Pathoun West,Manyang Primary School.,Primary,832,0,832
Gogrial,Gogrial East County,Pathoun West,Marial patemkou primary,Primary,363,0,363
Gogrial,Gogrial East County,Pathoun West,Marol Academy Primary School,Primary,888,0,888
Gogrial,Gogrial East County,Pathoun West,Marol Academy Secondary,Secondary,0,572,572
Gogrial,Gogrial East County,Pathoun West,Mawut Primary School,Primary,1076,0,1076
Gogrial,Gogrial East County,Pathoun West,Mayen Rual Primary School,Primary,735,0,735
Gogrial,Gogrial East County,Pathoun West,Nyuop Chol Primary School,Primary,293,0,293
Gogrial,Gogrial East County,Pathoun West,Rirwak Primary School,Primary,570,0,570
Gogrial,Gogrial East County,Pathoun West,Roor Malou Primary School,Primary,588,0,588
Gogrial,Gogrial East County,Pathoun West,Thiou primary,Primary,286,0,286
Gogrial,Gogrial East County,Pathoun West,Thongloc Primary School,Primary,365,0,365
Gogrial,Gogrial East County,Pathoun West,Wa-Ngot primary school,Primary,962,0,962
Gogrial,Gogrial East County,Pathoun West,WunAbiel Primary,Primary,332,0,332
Gogrial,Gogrial East County,Pathoun West,Wunakoc Primary School,Primary,442,0,442
Gogrial,Gogrial East County,Pathoun West,Wuntim Primary School,Primary,568,0,568
Gogrial,Gogrial East County,Toch East,Abyei Thiik Primary School,Primary,286,0,286
Gogrial,Gogrial East County,Toch East,Agaigai Primary School,Primary,442,0,442
Gogrial,Gogrial East County,Toch East,Akochyich Primary School,Primary,557,0,557
Gogrial,Gogrial East County,Toch East,Awut-Wut Primary School,Primary,414,0,414
Gogrial,Gogrial East County,Toch East,BULICH Primary School.,Primary,295,0,295
Gogrial,Gogrial East County,Toch East,Buokagook Primary School,Primary,585,0,585
Gogrial,Gogrial East County,Toch East,Hope Secondary School,Secondary,0,520,520
Gogrial,Gogrial East County,Toch East,Lacatem Primary School,Primary,572,0,572
Gogrial,Gogrial East County,Toch East,Lietnhom Comboni Primary School,Primary,858,0,858
Gogrial,Gogrial East County,Toch East,Linda Primary School,Primary,765,0,765
Gogrial,Gogrial East County,Toch East,Maliai Primary School,Primary,728,0,728
Gogrial,Gogrial East County,Toch East,Malual Aher Primary School,Primary,442,0,442
Gogrial,Gogrial East County,Toch East,Maper Agep Primary School,Primary,818,0,818
Gogrial,Gogrial East County,Toch East,Norman Orphanage Primary School,Primary,286,0,286
Gogrial,Gogrial East County,Toch East,Nyangdit Primary School,Primary,390,0,390
Gogrial,Gogrial East County,Toch East,Panhom Aker Primary School,Primary,416,0,416
Gogrial,Gogrial East County,Toch East,Ruot Agoth Primary School,Primary,334,0,334
Gogrial,Gogrial East County,Toch East,Taap Primary School,Primary,651,0,651
Gogrial,Gogrial East County,Toch East,Thuramon Primary School,Primary,286,0,286
Gogrial,Gogrial East County,Toch East,Wathlang Secondary School,Secondary,0,364,364
Gogrial,Gogrial East County,Touch North,Ajogo Primary School,Primary,767,0,767
Gogrial,Gogrial East County,Touch North,Aker - abouk primary school,Primary,664,0,664
Gogrial,Gogrial East County,Touch North,Akuach Primary School,Primary,597,0,597
Gogrial,Gogrial East County,Touch North,APiath Primary School,Primary,442,0,442
Gogrial,Gogrial East County,Touch North,Chuen Akuong Primary School,Primary,548,0,548
Gogrial,Gogrial East County,Touch North,Mabiortiit Primary School,Primary,728,0,728
Gogrial,Gogrial East County,Touch North,Machar Awuny Primary School,Primary,647,0,647
Gogrial,Gogrial East County,Touch North,Majak-Nyuom Primary School,Primary,582,0,582
Gogrial,Gogrial East County,Touch North,Mangol Primary School,Primary,702,0,702
Gogrial,Gogrial East County,Touch North,Mayom Chol Primary School,Primary,481,0,481
Gogrial,Gogrial East County,Touch North,Pannyuom primary school,Primary,390,0,390
Gogrial,Gogrial East County,Touch North,Rum-liet primary school,Primary,442,0,442
Gogrial,Gogrial East County,Touch North,Thiek thou primary school,Primary,719,0,719
Gogrial,Gogrial East County,Touch North,Uguar Primary School,Primary,476,0,476
Gogrial,Gogrial East County,Touch West,Agakeer Primary School,Primary,445,0,445
Gogrial,Gogrial East County,Touch West,Agany Primary,Primary,361,0,361
Gogrial,Gogrial East County,Touch West,Chuur Primary School,Primary,682,0,682
Gogrial,Gogrial East County,Touch West,LIetnham Primary School,Primary,442,0,442
Gogrial,Gogrial East County,Touch West,Mading Akot Primary School,Primary,358,0,358
Gogrial,Gogrial East County,Touch West,Majak Liet Primary,Primary,444,0,444
Gogrial,Gogrial East County,Touch West,Maker-Riau Primary School,Primary,655,0,655
Gogrial,Gogrial East County,Touch West,Pan Roor Primary School,Primary,608,0,608
Gogrial,Gogrial East County,Touch West,Panacier Primary School,Primary,578,0,578
Gogrial,Gogrial East County,Touch West,Pinydit Primary School,Primary,572,0,572
Gogrial,Gogrial East County,Touch West,Tarweng Primary School,Primary,572,0,572
Gogrial,Gogrial West County,Akon North,Achot jaang primary,Primary,572,0,572
Gogrial,Gogrial West County,Akon North,Achu Pajok Primary School,Primary,804,0,804
Gogrial,Gogrial West County,Akon North,Amethwol Primary School,Primary,572,0,572
Gogrial,Gogrial West County,Akon North,Gordeng Primary School,Primary,546,0,546
Gogrial,Gogrial West County,Akon North,Joong A IDPS primary school,Primary,572,0,572
Gogrial,Gogrial West County,Akon North,Kuec Akot Primary School,Primary,572,0,572
Gogrial,Gogrial West County,Akon North,Mabil Pajok Primary School,Primary,1144,0,1144
Gogrial,Gogrial West County,Akon North,Madol Pajok Primary School,Primary,572,0,572
Gogrial,Gogrial West County,Akon North,Magok Pajok Community Primary School,Primary,572,0,572
Gogrial,Gogrial West County,Akon North,Majak Bol Primary School,Primary,858,0,858
Gogrial,Gogrial West County,Akon North,Marial Makual Primary School,Primary,623,0,623
Gogrial,Gogrial West County,Akon North,Mayen Pajok Primary School,Primary,572,0,572
Gogrial,Gogrial West County,Akon North,Muong-Kuac Primary School.,Primary,546,0,546
Gogrial,Gogrial West County,Akon North,Rual E.C.S Primary school,Primary,286,0,286
Gogrial,Gogrial West County,Akon North,Rual Girls,Primary,832,0,832
Gogrial,Gogrial West County,Akon North,Wun-Cum Primary School,Primary,572,0,572
Gogrial,Gogrial West County,Akon South,Adut bul primary,Primary,822,0,822
Gogrial,Gogrial West County,Akon South,Ajuaja Primary School,Primary,572,0,572
Gogrial,Gogrial West County,Akon South,Akon Primary School,Primary,1066,0,1066
Gogrial,Gogrial West County,Akon South,Akon Secondary school,Secondary,0,430,430
Gogrial,Gogrial West County,Akon South,Anyieny-Agaldit,Primary,520,0,520
Gogrial,Gogrial West County,Akon South,Ariang-Awan,Primary,1144,0,1144
Gogrial,Gogrial West County,Akon South,Bulic Awan Rup Primary School,Primary,645,0,645
Gogrial,Gogrial West County,Akon South,Kunyuk Girls Primary School,Primary,780,0,780
Gogrial,Gogrial West County,Akon South,Lang Agal Primary School,Primary,655,0,655
Gogrial,Gogrial West County,Akon South,Lau Nhom Primary,Primary,1281,0,1281
Gogrial,Gogrial West County,Akon South,Mading Primary,Primary,624,0,624
Gogrial,Gogrial West County,Akon South,Majok Gol Achol,Primary,879,0,879
Gogrial,Gogrial West County,Akon South,Makuei Primary School,Primary,877,0,877
Gogrial,Gogrial West County,Akon South,Malek Agal Primary school,Primary,338,0,338
Gogrial,Gogrial West County,Akon South,Mary Immaculate Primary School,Primary,0,0,0
Gogrial,Gogrial West County,Akon South,Mathiangdit Primary School,Primary,572,0,572
Gogrial,Gogrial West County,Akon South,Nyieth Primary School,Primary,603,0,603
Gogrial,Gogrial West County,Akon South,Peth Primary School.,Primary,611,0,611
Gogrial,Gogrial West County,Akon South,Rengping Primary,Primary,572,0,572
Gogrial,Gogrial West County,Alek North,Mabior Mun Primary School,Primary,675,0,675
Gogrial,Gogrial West County,Alek North,Mabior Pagong Primary School,Primary,286,0,286
Gogrial,Gogrial West County,Alek North,Majok Dheng Primary,Primary,390,0,390
Gogrial,Gogrial West County,Alek North,Makuac Primary School,Primary,338,0,338
Gogrial,Gogrial West County,Alek North,Malek Ngok Primary School,Primary,698,0,698
Gogrial,Gogrial West County,Alek North,Mankuac Primary School,Primary,496,0,496
Gogrial,Gogrial West County,Alek North,Mayom Kataduet Primary School,Primary,650,0,650
Gogrial,Gogrial West County,Alek North,Wunliet Primary School,Primary,542,0,542
Gogrial,Gogrial West County,Alek South,Ageem Primary School,Primary,286,0,286
Gogrial,Gogrial West County,Alek South,Alek Primary School,Primary,873,0,873
Gogrial,Gogrial West County,Alek South,Amoth Primary School,Primary,1170,0,1170
Gogrial,Gogrial West County,Alek South,Atukuel Primary School,Primary,408,0,408
Gogrial,Gogrial West County,Alek South,Bul Primary School,Primary,572,0,572
Gogrial,Gogrial West County,Alek South,Dor peace Girl Primary School,Primary,364,0,364
Gogrial,Gogrial West County,Alek South,Gaikou Primary School,Primary,338,0,338
Gogrial,Gogrial West County,Alek South,Majok Amal Primary School,Primary,389,0,389
Gogrial,Gogrial West County,Alek South,Malual Agurping Primary School,Primary,640,0,640
Gogrial,Gogrial West County,Alek South,Malual Awien Primary School,Primary,416,0,416
Gogrial,Gogrial West County,Alek South,Mathiang Thel Primary School,Primary,570,0,570
Gogrial,Gogrial West County,Alek South,Ngamathian basic community school,Primary,546,0,546
Gogrial,Gogrial West County,Alek South,Ngap Athian Primary School,Primary,546,0,546
Gogrial,Gogrial West County,Alek South,Rhom Primary school,Primary,468,0,468
Gogrial,Gogrial West County,Alek West,Ajiing Primary School,Primary,390,0,390
Gogrial,Gogrial West County,Alek West,Alek Secondary School,Secondary,0,249,249
Gogrial,Gogrial West County,Alek West,Athokpur Primary school,Primary,442,0,442
Gogrial,Gogrial West County,Alek West,Chawiu Primary School,Primary,598,0,598
Gogrial,Gogrial West County,Alek West,Chiwiu Primary School,Primary,0,0,0
Gogrial,Gogrial West County,Alek West,Keet Primary School,Primary,858,0,858
Gogrial,Gogrial West County,Alek West,Mangar I Primary School,Primary,858,0,858
Gogrial,Gogrial West County,Alek West,Mangar Two Primary School,Primary,832,0,832
Gogrial,Gogrial West County,Alek West,Mayentiit Primary school,Primary,363,0,363
Gogrial,Gogrial West County,Alek West,Nyokthiang Primary School,Primary,570,0,570
Gogrial,Gogrial West County,Alek West,Paduol Primary School,Primary,572,0,572
Gogrial,Gogrial West County,Alek West,Winy ALP School,ALP,0,0,286
Gogrial,Gogrial West County,Gogrial,Ayuang Primary School,Primary,258,0,258
Gogrial,Gogrial West County,Gogrial,Christ the King Primary School,Primary,664,0,664
Gogrial,Gogrial West County,Gogrial,GOGRIAL Primary School,Primary,1082,0,1082
Gogrial,Gogrial West County,Gogrial,Lang Primary School,Primary,475,0,475
Gogrial,Gogrial West County,Gogrial,Mading Wuny Primary School,Primary,418,0,418
Gogrial,Gogrial West County,Gogrial,Majok Awan Primary School,Primary,602,0,602
Gogrial,Gogrial West County,Gogrial,Maluil Ajak Primary School,Primary,733,0,733
Gogrial,Gogrial West County,Gogrial,Mandeeng Primary School,Primary,454,0,454
Gogrial,Gogrial West County,Gogrial,Mary Immaculate Nursery School,PRE,0,0,0
Gogrial,Gogrial West County,Gogrial,Mayom Ajak Primary School,Primary,754,0,754
Gogrial,Gogrial West County,Gogrial,Mitor primary school,Primary,286,0,286
Gogrial,Gogrial West County,Gogrial,Nyarkech Girls Secondary School,Secondary,0,195,195
Gogrial,Gogrial West County,Gogrial,Nyiel Kau Primary School,Primary,640,0,640
Gogrial,Gogrial West County,Gogrial,Wunriang Primary School,Primary,281,0,281
Gogrial,Gogrial West County,Gogrial,Wuntur Primary School,Primary,286,0,286
Gogrial,Gogrial West County,Kuac North,Adel Primary School,Primary,572,0,572
Gogrial,Gogrial West County,Kuac North,Agok Primary School,Primary,382,0,382
Gogrial,Gogrial West County,Kuac North,Aguerdiet primary,Primary,390,0,390
Gogrial,Gogrial West County,Kuac North,Ajiep Primary School,Primary,470,0,470
Gogrial,Gogrial West County,Kuac North,Akuat Primary School,Primary,459,0,459
Gogrial,Gogrial West County,Kuac North,ALPHA Primary School,Primary,973,0,973
Gogrial,Gogrial West County,Kuac North,Ammy Robin 2 Primary School,Primary,888,0,888
Gogrial,Gogrial West County,Kuac North,Ammy Robins Primary School,Primary,1496,0,1496
Gogrial,Gogrial West County,Kuac North,Angui Primary School,Primary,694,0,694
Gogrial,Gogrial West County,Kuac North,Anyuat Primary School,Primary,390,0,390
Gogrial,Gogrial West County,Kuac North,Atem Weel primary,Primary,1289,0,1289
Gogrial,Gogrial West County,Kuac North,Buluk Primary School,Primary,478,0,478
Gogrial,Gogrial West County,Kuac North,Combani College Scondary School,Secondary,0,100,100
Gogrial,Gogrial West County,Kuac North,Dr Starla Primary School,Primary,292,0,292
Gogrial,Gogrial West County,Kuac North,Freedom primary,Primary,683,0,683
Gogrial,Gogrial West County,Kuac North,Good Samaritan Primary School,Primary,664,0,664
Gogrial,Gogrial West County,Kuac North,Good Samaritan Sinior Secondary School,Secondary,0,0,0
Gogrial,Gogrial West County,Kuac North,Injas Primary,Primary,1222,0,1222
Gogrial,Gogrial West County,Kuac North,Koot Primary School,Primary,545,0,545
Gogrial,Gogrial West County,Kuac North,Kuajok Academy SS,Secondary,0,864,864
Gogrial,Gogrial West County,Kuac North,KuaJok BOYS Primary School,Primary,293,0,293
Gogrial,Gogrial West County,Kuac North,Kuajok Comprehensive College,Secondary,0,910,910
Gogrial,Gogrial West County,Kuac North,Kuajok Girls Primary School,Primary,546,0,546
Gogrial,Gogrial West County,Kuac North,Kuajok National Secondary School,Secondary,0,520,520
Gogrial,Gogrial West County,Kuac North,LukLuk Primary School,Primary,572,0,572
Gogrial,Gogrial West County,Kuac North,Mabior Gol Primary,Primary,723,0,723
Gogrial,Gogrial West County,Kuac North,Malek Primary School,Primary,514,0,514
Gogrial,Gogrial West County,Kuac North,Malual Agei primary school,Primary,341,0,341
Gogrial,Gogrial West County,Kuac North,Mangar Primary School,Primary,884,0,884
Gogrial,Gogrial West County,Kuac North,Mayen gumel primary,Primary,1269,0,1269
Gogrial,Gogrial West County,Kuac North,Mayen Gumel Secondary,Secondary,0,208,208
Gogrial,Gogrial West County,Kuac North,Nile Academy Primary School,Primary,0,0,0
Gogrial,Gogrial West County,Kuac North,Nile Academy Secondary School,Secondary,0,0,0
Gogrial,Gogrial West County,Kuac North,Pach-yil Primary School,Primary,626,0,626
Gogrial,Gogrial West County,Kuac North,Pan-riang Primary School,Primary,572,0,572
Gogrial,Gogrial West County,Kuac North,Panchum Primary School,Primary,286,0,286
Gogrial,Gogrial West County,Kuac North,Panrok Don Bosco Primary school,Primary,672,0,672
Gogrial,Gogrial West County,Kuac North,Panthoi primary,Primary,941,0,941
Gogrial,Gogrial West County,Kuac North,Rialdit Primary,Primary,286,0,286
Gogrial,Gogrial West County,Kuac North,St Joseph Kinder Garden and primary school,Primary,1013,0,1013
Gogrial,Gogrial West County,Kuac North,St. Augustine Secondary,Secondary,0,572,572
Gogrial,Gogrial West County,Kuac North,St. Bakhita primary school,Primary,681,0,681
Gogrial,Gogrial West County,Kuac North,St. Charles Primary School,Primary,560,0,560
Gogrial,Gogrial West County,Kuac North,St. peter primary,Primary,486,0,486
Gogrial,Gogrial West County,Kuac North,Warayat Primary,Primary,1137,0,1137
Gogrial,Gogrial West County,Kuac South,Karic child friendly,Primary,1196,0,1196
Gogrial,Gogrial West County,Kuac South,Lakawet primary,Primary,555,0,555
Gogrial,Gogrial West County,Kuac South,Mabior Atuot Primary School,Primary,728,0,728
Gogrial,Gogrial West County,Kuac South,Mabior Dong Primary School,Primary,702,0,702
Gogrial,Gogrial West County,Kuac South,Maluil Tit Primary School,Primary,825,0,825
Gogrial,Gogrial West County,Kuac South,Manyiel-Nhom Primary School,Primary,572,0,572
Gogrial,Gogrial West County,Kuac South,Marol Ajiing Primary School,Primary,572,0,572
Gogrial,Gogrial West County,Kuac South,Mayam Ariech Primary School,Primary,338,0,338
Gogrial,Gogrial West County,Kuac South,Mayomkou Primary,Primary,280,0,280
Gogrial,Gogrial West County,Kuac South,Pantiit Primary,Primary,572,0,572
Gogrial,Gogrial West County,Kuac South,Paweng Primary,Primary,806,0,806
Gogrial,Gogrial West County,Kuac South,Riang-Alek,Primary,702,0,702
Gogrial,Gogrial West County,Kuac South,ST Paul Primary School,Primary,568,0,568
Gogrial,Gogrial West County,Kuac South,Thurnyior Primary School,Primary,702,0,702
Gogrial,Gogrial West County,Kuac South,Weel Primary School,Primary,442,0,442
Gogrial,Gogrial West County,Kuac South,Wunkuel Primary School,Primary,286,0,286
Gogrial,Gogrial West County,Raiu,Adeer Primary School,Primary,546,0,546
Gogrial,Gogrial West County,Raiu,Agangy Primary School,Primary,520,0,520
Gogrial,Gogrial West County,Raiu,Angouth Primary School,Primary,859,0,859
Gogrial,Gogrial West County,Raiu,Kuel Primary School,Primary,572,0,572
Gogrial,Gogrial West County,Raiu,Light Academy Secondary,Secondary,0,393,393
Gogrial,Gogrial West County,Raiu,Mabior Kot Primary,Primary,966,0,966
Gogrial,Gogrial West County,Raiu,Malek Akol Primary,Primary,552,0,552
Gogrial,Gogrial West County,Raiu,Pakor Primary School.,Primary,494,0,494
Gogrial,Gogrial West County,Raiu,Panliet Primary School,Primary,973,0,973
Gogrial,Gogrial West County,Raiu,Rumameth Primary,Primary,808,0,808
Gogrial,Gogrial West County,Raiu,Thur - akoon Primary School,Primary,572,0,572
Gok,Cueibet County,Abiriu,Abiriu Boys Primary School,Primary,1146,0,1146
Gok,Cueibet County,Abiriu,Abiriu ECS primary,Primary,1560,0,1560
Gok,Cueibet County,Abiriu,Akur-Dau Primary School,Primary,858,0,858
Gok,Cueibet County,Abiriu,Ameth-Duol Primary School,Primary,582,0,582
Gok,Cueibet County,Abiriu,Amol But Primary School,Primary,1203,0,1203
Gok,Cueibet County,Abiriu,Angeer Primary School,Primary,579,0,579
Gok,Cueibet County,Abiriu,Awan Kuek Primary,Primary,573,0,573
Gok,Cueibet County,Abiriu,Biling-Anger Primary School,Primary,913,0,913
Gok,Cueibet County,Abiriu,Cueibet Girls Primary School,Primary,1159,0,1159
Gok,Cueibet County,Abiriu,Cueibet Secondary,Secondary,0,807,807
Gok,Cueibet County,Abiriu,Cueibet VOC & ICT School,Primary,754,0,754
Gok,Cueibet County,Abiriu,Debel Primary School,Primary,572,0,572
Gok,Cueibet County,Abiriu,ECSS Primary School,Primary,887,0,887
Gok,Cueibet County,Abiriu,Joor Primary School,Primary,286,0,286
Gok,Cueibet County,Abiriu,Kubur William Primary School,Primary,832,0,832
Gok,Cueibet County,Abiriu,Marial Akeng Primary School,Primary,572,0,572
Gok,Cueibet County,Abiriu,Mediit Primary School,Primary,389,0,389
Gok,Cueibet County,Abiriu,Pan-Rup Primary School,Primary,624,0,624
Gok,Cueibet County,Abiriu,Yinhayuar Primary School,Primary,1141,0,1141
Gok,Cueibet County,Chitchok,Alel Riak Math Primary School,Primary,430,0,430
Gok,Cueibet County,Chitchok,Barjiek Primary School,Primary,264,0,264
Gok,Cueibet County,Chitchok,Chitcok Primary School,Primary,581,0,581
Gok,Cueibet County,Chitchok,Cuei Primary School,Primary,495,0,495
Gok,Cueibet County,Chitchok,Cueibet Boys Primary School,Primary,861,0,861
Gok,Cueibet County,Chitchok,Dhek_Dheek Primary School,Primary,0,0,0
Gok,Cueibet County,Chitchok,Marial Tiit Primary School,Primary,354,0,354
Gok,Cueibet County,Chitchok,Mathiangtiit,Primary,313,0,313
Gok,Cueibet County,Chitchok,Romic Primary School,Primary,491,0,491
Gok,Cueibet County,Chitchok,Tiap - Tiap Primary School,Primary,535,0,535
Gok,Cueibet County,Duony,Abiey Cok Primary School,Primary,832,0,832
Gok,Cueibet County,Duony,Abyei Janai Primary School,Primary,925,0,925
Gok,Cueibet County,Duony,Achol Malek Primary School,Primary,595,0,595
Gok,Cueibet County,Duony,Adhodhic Primary School,Primary,572,0,572
Gok,Cueibet County,Duony,Aguemdit Primary School,Primary,936,0,936
Gok,Cueibet County,Duony,Alel One Primary School,Primary,296,0,296
Gok,Cueibet County,Duony,Anek Mathiang Girls Primary School,Primary,286,0,286
Gok,Cueibet County,Duony,Billinguet Primary School,Primary,463,0,463
Gok,Cueibet County,Duony,Cum-Nyiel Primary School,Primary,598,0,598
Gok,Cueibet County,Duony,Derbaidit Primary School,Primary,585,0,585
Gok,Cueibet County,Duony,Domkur Primary School,Primary,573,0,573
Gok,Cueibet County,Duony,Duony Centre Primary School,Primary,572,0,572
Gok,Cueibet County,Duony,Duony Girls Primary School,Primary,1430,0,1430
Gok,Cueibet County,Duony,Gaakmarpiny Primary School,Primary,624,0,624
Gok,Cueibet County,Duony,Kampil Primary School,Primary,1014,0,1014
Gok,Cueibet County,Duony,Kunyuk Primary School,Primary,312,0,312
Gok,Cueibet County,Duony,Magumbil Primary School,Primary,1014,0,1014
Gok,Cueibet County,Duony,Maker-Aramthai Primary School,Primary,520,0,520
Gok,Cueibet County,Duony,Malualcum (1) Primary School,Primary,624,0,624
Gok,Cueibet County,Duony,Mayath Boys Primary School,Primary,1118,0,1118
Gok,Cueibet County,Duony,Mayath Girls Primary School,Primary,1170,0,1170
Gok,Cueibet County,Duony,Mukwaidit Primary School,Primary,312,0,312
Gok,Cueibet County,Duony,Panapuoth Primary School,Primary,788,0,788
Gok,Cueibet County,Duony,Panarak Primary School,Primary,286,0,286
Gok,Cueibet County,Duony,Panliet Primary School,Primary,702,0,702
Gok,Cueibet County,Duony,Yith-Magok Primary School,Primary,468,0,468
Gok,Cueibet County,Malou Pec,Aciguel Primary School,Primary,296,0,296
Gok,Cueibet County,Malou Pec,Agany Primary School,Primary,288,0,288
Gok,Cueibet County,Malou Pec,Ajak-Angau Primary School,Primary,573,0,573
Gok,Cueibet County,Malou Pec,Bargel Primary School,Primary,546,0,546
Gok,Cueibet County,Malou Pec,Cueicok Primary School,Primary,573,0,573
Gok,Cueibet County,Malou Pec,Dondor Primary School,Primary,280,0,280
Gok,Cueibet County,Malou Pec,Ireneo-Dut Primary School,Primary,151,0,151
Gok,Cueibet County,Malou Pec,Langdit Boys Primary School,Primary,1144,0,1144
Gok,Cueibet County,Malou Pec,Langdit Girls Primary School,Primary,849,0,849
Gok,Cueibet County,Malou Pec,Langdit Primary School,Primary,582,0,582
Gok,Cueibet County,Malou Pec,Magokic Primary School,Primary,598,0,598
Gok,Cueibet County,Malou Pec,Majak Primary School,Primary,580,0,580
Gok,Cueibet County,Malou Pec,Makuec Deng Malek Primary School,Primary,286,0,286
Gok,Cueibet County,Malou Pec,Malek Gok Primary School,Primary,309,0,309
Gok,Cueibet County,Malou Pec,Malou Pec Primary School,Primary,859,0,859
Gok,Cueibet County,Malou Pec,Ngatinga Primary School,Primary,286,0,286
Gok,Cueibet County,Malou Pec,Pangeu Primary School,Primary,590,0,590
Gok,Cueibet County,Malou Pec,Pawu Primary School,Primary,650,0,650
Gok,Cueibet County,Malou Pec,Ror Cuol Akhol Primary School,Primary,587,0,587
Gok,Cueibet County,Malou Pec,Waibak Girls Primary School,Primary,858,0,858
Gok,Cueibet County,Malou Pec,Warbuoi Location Primary School,Primary,521,0,521
Gok,Cueibet County,Malou Pec,Wel Primary School,Primary,572,0,572
Gok,Cueibet County,Ngap,Acemenyi Primary School,Primary,286,0,286
Gok,Cueibet County,Ngap,Aduel Primary School,Primary,572,0,572
Gok,Cueibet County,Ngap,Agangrial Comboni Primary School,Primary,858,0,858
Gok,Cueibet County,Ngap,All Saint ALP Centre,ALP,0,0,286
Gok,Cueibet County,Ngap,Anyiwei Primary School,Primary,572,0,572
Gok,Cueibet County,Ngap,Apuk Ruop Primary School,Primary,296,0,296
Gok,Cueibet County,Ngap,Dhiau Kuei Primary School,Primary,257,0,257
Gok,Cueibet County,Ngap,Dhur United Primary,Primary,286,0,286
Gok,Cueibet County,Ngap,Gokthiar Primary School,Primary,571,0,571
Gok,Cueibet County,Ngap,Malou Yuol Primary School,Primary,312,0,312
Gok,Cueibet County,Ngap,MAthiang Borkok Primary School,Primary,286,0,286
Gok,Cueibet County,Ngap,Mayanthon Primary School,Primary,286,0,286
Gok,Cueibet County,Ngap,Ngap Primary School,Primary,286,0,286
Gok,Cueibet County,Ngap,Pancuei Primary,Primary,286,0,286
Gok,Cueibet County,Pagor,Adheeth Primary School,Primary,572,0,572
Gok,Cueibet County,Pagor,Aleul Guet Primary School,Primary,884,0,884
Gok,Cueibet County,Pagor,Anak Mathok Primary School,Primary,572,0,572
Gok,Cueibet County,Pagor,Arany Primary School,Primary,260,0,260
Gok,Cueibet County,Pagor,Joljo Primary School,Primary,260,0,260
Gok,Cueibet County,Pagor,Mabil Primary School,Primary,286,0,286
Gok,Cueibet County,Pagor,Malualcum Primary School II Primary School,Primary,260,0,260
Gok,Cueibet County,Pagor,Pagor Primary School,Primary,548,0,548
Gok,Cueibet County,Pagor,Rorbar Primary School,Primary,546,0,546
Imatong,Ikotos County,Ikotos,Aic Luther Senior Secondary School,Secondary,0,236,236
Imatong,Ikotos County,Ikotos,AIC Primary School,Primary,1157,0,1157
Imatong,Ikotos County,Ikotos,Ditto Primary School,Primary,361,0,361
Imatong,Ikotos County,Ikotos,Huma Primary School,Primary,467,0,467
Imatong,Ikotos County,Ikotos,Idimare Primary School,Primary,0,0,0
Imatong,Ikotos County,Ikotos,Ikwoto Nursery School,NUR,0,0,260
Imatong,Ikotos County,Ikotos,Ikwoto Primary,Primary,1173,0,1173
Imatong,Ikotos County,Ikotos,Ikwoto Secondary School,Secondary,0,152,152
Imatong,Ikotos County,Ikotos,Itieuso Primary School,Primary,749,0,749
Imatong,Ikotos County,Ikotos,Iyak Pimary School,Primary,291,0,291
Imatong,Ikotos County,Ikotos,Lobulo Primary School,Primary,274,0,274
Imatong,Ikotos County,Ikotos,Lodwara Primary,Primary,0,0,0
Imatong,Ikotos County,Ikotos,Lofayo Primary School,Primary,0,0,0
Imatong,Ikotos County,Ikotos,Lohila Primary School,Primary,342,0,342
Imatong,Ikotos County,Ikotos,Lorima Primary School,Primary,286,0,286
Imatong,Ikotos County,Ikotos,Lotuhoyaha Primary School,Primary,0,0,0
Imatong,Ikotos County,Ikotos,Mohina Primary School,Primary,0,0,0
Imatong,Ikotos County,Ikotos,Momoria Nursery School,NUR,0,0,216
Imatong,Ikotos County,Ikotos,Momoria Primary School,Primary,438,0,438
Imatong,Ikotos County,Ikotos,Mosingo Primary School,Primary,0,0,0
Imatong,Ikotos County,Ikotos,Ngaluma ALP Centre,ALP,0,0,186
Imatong,Ikotos County,Ikotos,Ngaluma Nursery School,NUR,0,0,266
Imatong,Ikotos County,Ikotos,Ngufubu Primary School,Primary,0,0,0
Imatong,Ikotos County,Ikotos,Ochoga Primary School,Primary,286,0,286
Imatong,Ikotos County,Ikotos,St Mathew Primary School,Primary,1005,0,1005
Imatong,Ikotos County,Ikotos,St. Mathew Secondary,Secondary,0,302,302
Imatong,Ikotos County,Ikotos,Tsereteny Primary School,Primary,690,0,690
Imatong,Ikotos County,Ikotos,Woroworo Primary,Primary,528,0,528
Imatong,Ikotos County,Ikotos,Wuk-Wuk Primary School,Primary,0,0,0
Imatong,Ikotos County,Imotong,Lobwaye Primary School,Primary,0,0,0
Imatong,Ikotos County,Imotong,Geria High Secondary School,Secondary,0,57,57
Imatong,Ikotos County,Imotong,Imotong Primary School,Primary,0,0,0
Imatong,Ikotos County,Imotong,Itohom Primary School,Primary,312,0,312
Imatong,Ikotos County,Imotong,Kalabong Primary School,Primary,0,0,0
Imatong,Ikotos County,Imotong,Lobwaye Primary School,Primary,1187,0,1187
Imatong,Ikotos County,Imotong,Lodamu Primary School,Primary,554,0,554
Imatong,Ikotos County,Imotong,Lofulung Primary School,Primary,286,0,286
Imatong,Ikotos County,Imotong,Logire Kakak Primary School,Primary,0,0,0
Imatong,Ikotos County,Imotong,Lomwo Primary School,Primary,277,0,277
Imatong,Ikotos County,Imotong,Longire Hutuk Hinyang Primary School,Primary,240,0,240
Imatong,Ikotos County,Imotong,Loyara Primary school,Primary,208,0,208
Imatong,Ikotos County,Imotong,Ngaluma Primary School,Primary,714,0,714
Imatong,Ikotos County,Imotong,St Kizito Imotong Primary School,Primary,695,0,695
Imatong,Ikotos County,katire,Isore Primary School,Primary,0,0,0
Imatong,Ikotos County,katire,Imilai Primary School,Primary,273,0,273
Imatong,Ikotos County,katire,Isuhak Primary School,Primary,185,0,185
Imatong,Ikotos County,katire,Khatire Mixed Primary School,Primary,590,0,590
Imatong,Ikotos County,katire,Lohul Primary,Primary,356,0,356
Imatong,Ikotos County,Lomohidang North,Burung Primary School,Primary,0,0,0
Imatong,Ikotos County,Lomohidang North,Chahari Primary School,Primary,552,0,552
Imatong,Ikotos County,Lomohidang North,Haforiere Primary School,Primary,572,0,572
Imatong,Ikotos County,Lomohidang North,Hiriafit Primary School,Primary,563,0,563
Imatong,Ikotos County,Lomohidang North,Mangala Primary School,Primary,422,0,422
Imatong,Ikotos County,Lomohidang North,Oduho Memorial Primary School,Primary,256,0,256
Imatong,Ikotos County,Lomohidang North,St. Kizito Boarding Day School,Primary,1534,0,1534
Imatong,Ikotos County,Lomohidang South,Chorokol Primary School,Primary,0,0,0
Imatong,Ikotos County,Lomohidang South,Chrokol Primary School,Primary,477,0,477
Imatong,Ikotos County,Lomohidang South,Lohihe Primary School,Primary,0,0,0
Imatong,Ikotos County,Lomohidang South,Okorohore Primary School,Primary,0,0,0
Imatong,Ikotos County,Lomohidang South,Ramula Primary School,Primary,0,0,0
Imatong,Ikotos County,Lomohidang South,St Augustine Secondary School,Secondary,0,0,0
Imatong,Ikotos County,Losite,Akufoi Primary School,Primary,576,0,576
Imatong,Ikotos County,Losite,Ateda Primary School,Primary,0,0,0
Imatong,Ikotos County,Losite,Bira Primary School,Primary,557,0,557
Imatong,Ikotos County,Losite,Bira Secondary School,Secondary,0,77,77
Imatong,Ikotos County,Losite,Ibunyak Primary School,Primary,479,0,479
Imatong,Ikotos County,Losite,Lofus Primary School,Primary,438,0,438
Imatong,Ikotos County,Losite,Lorum,Primary,280,0,280
Imatong,Ikotos County,Losite,Lotome Primary School,Primary,345,0,345
Imatong,Ikotos County,Losite,Nakoringole Primary School,Primary,441,0,441
Imatong,Lopa/Lafon County,Arilo,Arilo Primary,Primary,536,0,536
Imatong,Lopa/Lafon County,Arilo,Arilo Primary School,Primary,0,0,0
Imatong,Lopa/Lafon County,Arilo,Laccarok Primary School,Primary,572,0,572
Imatong,Lopa/Lafon County,Arilo,Logwanawati Primary School,Primary,658,0,658
Imatong,Lopa/Lafon County,Arilo,Lohobohobo Primary School,Primary,391,0,391
Imatong,Lopa/Lafon County,Arilo,Lovirang Primary,Primary,364,0,364
Imatong,Lopa/Lafon County,Burgilo,Bura Primary School,Primary,208,0,208
Imatong,Lopa/Lafon County,Burgilo,Lafon Primary School,Primary,560,0,560
Imatong,Lopa/Lafon County,Burgilo,Nyadida Primary School,Primary,500,0,500
Imatong,Lopa/Lafon County,Burgilo,Taar Primary School,Primary,644,0,644
Imatong,Lopa/Lafon County,Imehejek,Imehejek Primary School,Primary,494,0,494
Imatong,Lopa/Lafon County,Imehejek,Imehejek Secondary,Secondary,0,0,0
Imatong,Lopa/Lafon County,Imehejek,Mura-Lopit Primary School,Primary,859,0,859
Imatong,Lopa/Lafon County,Kurumi,Angulumere Primary School,Primary,116,0,116
Imatong,Lopa/Lafon County,Kurumi,Kor Primary School,Primary,253,0,253
Imatong,Lopa/Lafon County,Kurumi,Ugwil Primary School,Primary,235,0,235
Imatong,Lopa/Lafon County,Lohutok,Africa Inland Church Secondary,Secondary,0,0,0
Imatong,Lopa/Lafon County,Lohutok,Aic Lohutok Primary School,Primary,702,0,702
Imatong,Lopa/Lafon County,Lohutok,Habirongi Primary School,Primary,520,0,520
Imatong,Lopa/Lafon County,Lohutok,Ibahure Primary,Primary,453,0,453
Imatong,Lopa/Lafon County,Lohutok,Ibele Primary School,Primary,484,0,484
Imatong,Lopa/Lafon County,Lohutok,Imuluha Primary School,Primary,476,0,476
Imatong,Lopa/Lafon County,Lohutok,Lohutok Christian Girls Primary School,Primary,322,0,322
Imatong,Lopa/Lafon County,Lohutok,Lolongo,Primary,483,0,483
Imatong,Lopa/Lafon County,Lohutok,Loming Primary School,Primary,0,0,0
Imatong,Lopa/Lafon County,Lohutok,Ohilang Primary School,Primary,401,0,401
Imatong,Lopa/Lafon County,Lohutok,St.Mary Ibonni Primary School,Primary,907,0,907
Imatong,Lopa/Lafon County,Longiro,Haba,Primary,453,0,453
Imatong,Lopa/Lafon County,Longiro,Habite Primary School,Primary,352,0,352
Imatong,Lopa/Lafon County,Longiro,Idali Primary School,Primary,351,0,351
Imatong,Lopa/Lafon County,Longiro,Lobuhonga Primary School,Primary,277,0,277
Imatong,Lopa/Lafon County,Longiro,Lodo Primary School,Primary,0,0,0
Imatong,Lopa/Lafon County,Longiro,Lomerok Primary School,Primary,286,0,286
Imatong,Lopa/Lafon County,Longiro,Longiro Basic Primary School,Primary,371,0,371
Imatong,Lopa/Lafon County,Longiro,Losou Primary School,Primary,0,0,0
Imatong,Lopa/Lafon County,Longiro,Loturumo Primary School,Primary,462,0,462
Imatong,Lopa/Lafon County,Longiro,Tabuor Primary School,Primary,286,0,286
Imatong,Lopa/Lafon County,Marguna,Puchwa Primary School,Primary,267,0,267
Imatong,Lopa/Lafon County,Pacidi,Lwala Primary School,Primary,220,0,220
Imatong,Lopa/Lafon County,Pacidi,Pacidi Central Primary School,Primary,286,0,286
Imatong,Lopa/Lafon County,Pacidi,Ungebe Primary School,Primary,0,0,0
Imatong,Lopa/Lafon County,Pacidi,Upuo Primary School,Primary,0,0,0
Imatong,Magwi County,Lobone,Aker Primary School,Primary,353,0,353
Imatong,Magwi County,Lobone,Cingili Primary School,Primary,285,0,285
Imatong,Magwi County,Lobone,Emmanuel Nursery And Primary School,Primary,286,0,286
Imatong,Magwi County,Lobone,Greenland Secondary,Secondary,0,0,0
Imatong,Magwi County,Lobone,Issore Primary School,Primary,266,0,266
Imatong,Magwi County,Lobone,Kicenga Primary School,Primary,362,0,362
Imatong,Magwi County,Lobone,Lobone Primary School,Primary,511,0,511
Imatong,Magwi County,Lobone,Lobone Secondary School,Secondary,0,114,114
Imatong,Magwi County,Lobone,Lower Talanga,Primary,268,0,268
Imatong,Magwi County,Lobone,Palwar Primary School,Primary,521,0,521
Imatong,Magwi County,Lobone,Pamaikong Primary School,Primary,702,0,702
Imatong,Magwi County,Magwi,Ohitir Primary School,Primary,121,0,121
Imatong,Magwi County,Magwi,Abara Primary School,Primary,704,0,704
Imatong,Magwi County,Magwi,Abara Secondary,Secondary,0,0,0
Imatong,Magwi County,Magwi,Achimoro Prmary School,Primary,0,0,0
Imatong,Magwi County,Magwi,Agoro Primary School,Primary,175,0,175
Imatong,Magwi County,Magwi,AIC Magwi Nursery And Primary School,Primary,191,0,191
Imatong,Magwi County,Magwi,Alliance Nursery And Primary School,NUR,0,0,76
Imatong,Magwi County,Magwi,Amee Primary,Primary,124,0,124
Imatong,Magwi County,Magwi,Angel Kindergarten And Primary School,Primary,542,0,542
Imatong,Magwi County,Magwi,Angel Nursery School,NUR,0,0,399
Imatong,Magwi County,Magwi,Ayii Central Primary School,Primary,0,0,0
Imatong,Magwi County,Magwi,Ayii Kit Primary School,Primary,0,0,0
Imatong,Magwi County,Magwi,Beyo Abiro Primary School,Primary,0,0,0
Imatong,Magwi County,Magwi,Blessed Nursery School School,NUR,0,0,65
Imatong,Magwi County,Magwi,Blessed Primary,Primary,283,0,283
Imatong,Magwi County,Magwi,Bright Star Nursery And Primary School,Primary,364,0,364
Imatong,Magwi County,Magwi,Bright star Nursery School,NUR,0,0,234
Imatong,Magwi County,Magwi,Bright Valley Nursery And Primary School,Primary,540,0,540
Imatong,Magwi County,Magwi,Covenant Christian Primary,Primary,462,0,462
Imatong,Magwi County,Magwi,Dak Oloyo Primary,Primary,0,0,0
Imatong,Magwi County,Magwi,Excel Nursery and Primary School,Primary,414,0,414
Imatong,Magwi County,Magwi,Father Leopoldo Naywar college,Secondary,0,474,474
Imatong,Magwi County,Magwi,Hasimoro Primary School,Primary,0,0,0
Imatong,Magwi County,Magwi,Holy Cross Nursery and primary school,Primary,539,0,539
Imatong,Magwi County,Magwi,Holy Cross Nursery School,NUR,0,0,323
Imatong,Magwi County,Magwi,Lerwa Primary,Primary,274,0,274
Imatong,Magwi County,Magwi,Magwi Central Primary School,Primary,805,0,805
Imatong,Magwi County,Magwi,Magwi Hope Nursery School,NUR,0,0,166
Imatong,Magwi County,Magwi,Magwi Hope Primary School,Primary,467,0,467
Imatong,Magwi County,Magwi,Magwi Nursery School,NUR,0,0,141
Imatong,Magwi County,Magwi,Magwi Primary School,Primary,816,0,816
Imatong,Magwi County,Magwi,Magwi Secondary School,Secondary,0,454,454
Imatong,Magwi County,Magwi,Maji Primary School,Primary,49,0,49
Imatong,Magwi County,Magwi,Mama Hellen nursery and primary school,Primary,303,0,303
Imatong,Magwi County,Magwi,Nakigat Primary School,Primary,1118,0,1118
Imatong,Magwi County,Magwi,Nyolo Hope Primary School,Primary,0,0,0
Imatong,Magwi County,Magwi,Obbo Nursery School,NUR,0,0,434
Imatong,Magwi County,Magwi,Obbo Primary,Primary,868,0,868
Imatong,Magwi County,Magwi,Ofiriha Primary School,Primary,300,0,300
Imatong,Magwi County,Magwi,Omeo Primary School,Primary,211,0,211
Imatong,Magwi County,Magwi,Ongolkor Primary,Primary,136,0,136
Imatong,Magwi County,Magwi,Owiny Ki-Bul Central Primary,Primary,604,0,604
Imatong,Magwi County,Magwi,Owiny-Ki Bul Senior S. S,Secondary,0,130,130
Imatong,Magwi County,Magwi,Owinykibul Primary School,Primary,521,0,521
Imatong,Magwi County,Magwi,Oyere Nursery SChool,NUR,0,0,156
Imatong,Magwi County,Magwi,Palotaka Nursery School,NUR,0,0,211
Imatong,Magwi County,Magwi,Palotaka Primary School,Primary,866,0,866
Imatong,Magwi County,Magwi,Palwonganyi Primary School,Primary,402,0,402
Imatong,Magwi County,Magwi,Panyikwara Model Primary School,Primary,139,0,139
Imatong,Magwi County,Magwi,Rock of Ages Nursery School,NUR,0,0,216
Imatong,Magwi County,Magwi,Rocks of Ages  primary School,Primary,541,0,541
Imatong,Magwi County,Magwi,Sacred Heart Primary School,Primary,215,0,215
Imatong,Magwi County,Magwi,Sacred Heart Secondary School,Secondary,0,250,250
Imatong,Magwi County,Magwi,St Mary Nursery School,NUR,0,0,154
Imatong,Magwi County,Magwi,Test Primary School,Primary,524,0,524
Imatong,Magwi County,Magwi,Unity Primary School,Primary,0,0,0
Imatong,Magwi County,Magwi,Wisdom Nursery School,NUR,0,0,116
Imatong,Magwi County,Magwi,Wisdom Primary School,Primary,236,0,236
Imatong,Magwi County,Mugali,Anglel Parents Primary,Primary,0,0,0
Imatong,Magwi County,Mugali,Avumadrici Primary School,Primary,0,0,0
Imatong,Magwi County,Mugali,Bilinya Primary School,Primary,0,0,0
Imatong,Magwi County,Mugali,Blue Day Nursery School,Primary,508,0,508
Imatong,Magwi County,Mugali,Ganzi Primary School,Primary,0,0,0
Imatong,Magwi County,Mugali,Masindi Primary School,Primary,0,0,0
Imatong,Magwi County,Mugali,Mugali Secondary,Secondary,0,0,0
Imatong,Magwi County,Mugali,Mutebwa Primary School,Primary,0,0,0
Imatong,Magwi County,Mugali,Pe-Bolo Nursery School,NUR,0,0,264
Imatong,Magwi County,Mugali,Sau Primary,Primary,0,0,0
Imatong,Magwi County,Nimule,Anzara Primary,Primary,0,0,0
Imatong,Magwi County,Nimule,Bright Stone Nursery And Primary School,Primary,147,0,147
Imatong,Magwi County,Nimule,Cece Primary School,Primary,187,0,187
Imatong,Magwi County,Nimule,Cornerstone Primary,Primary,379,0,379
Imatong,Magwi County,Nimule,Fulla Secondary School,Secondary,0,980,980
Imatong,Magwi County,Nimule,Gbwu-Gbwu Primary,Primary,0,0,0
Imatong,Magwi County,Nimule,Genesis Nursery And Primary School,Primary,102,0,102
Imatong,Magwi County,Nimule,Green Valley Primary,Primary,585,0,585
Imatong,Magwi County,Nimule,Hai Kanisa Nursery School,NUR,0,0,0
Imatong,Magwi County,Nimule,Hai Kanisa Primary School,Primary,831,0,831
Imatong,Magwi County,Nimule,Happy Day Primary School,Primary,532,0,532
Imatong,Magwi County,Nimule,Jelei Primary,Primary,0,0,0
Imatong,Magwi County,Nimule,Kimotong Pre School,PRE,0,0,219
Imatong,Magwi County,Nimule,King Samuel Primary,Primary,0,0,0
Imatong,Magwi County,Nimule,King Samuel Secondary School,Secondary,0,21,21
Imatong,Magwi County,Nimule,Kololo Primary School,Primary,0,0,0
Imatong,Magwi County,Nimule,Liberty Nursery And Primary School,Primary,284,0,284
Imatong,Magwi County,Nimule,Little Angel Primary,Primary,0,0,0
Imatong,Magwi County,Nimule,Longu Primary School,Primary,51,0,51
Imatong,Magwi County,Nimule,Nimule Model S. S,Secondary,0,847,847
Imatong,Magwi County,Nimule,Nimule Secondary School,Secondary,0,378,378
Imatong,Magwi County,Nimule,Olikwi Primary School,Primary,0,0,0
Imatong,Magwi County,Nimule,Queen Land Primary School,Primary,432,0,432
Imatong,Magwi County,Nimule,Rei Primary School,Primary,704,0,704
Imatong,Magwi County,Nimule,River Bank Nursery School,NUR,0,0,258
Imatong,Magwi County,Nimule,River Bank Primary School,Primary,1172,0,1172
Imatong,Magwi County,Nimule,Shekinah Primary School,Primary,428,0,428
Imatong,Magwi County,Nimule,St Bakhita Nursery School,NUR,0,0,344
Imatong,Magwi County,Nimule,St. Luke High secondary School,Secondary,0,228,228
Imatong,Magwi County,Nimule,St. Patrick Primary,Primary,705,0,705
Imatong,Magwi County,Nimule,St. Peter Primary,Primary,0,0,0
Imatong,Magwi County,Nimule,Star of Hope Secondary School,Secondary,0,0,0
Imatong,Magwi County,Nimule,Stars Of Hope Adventist Primary School,Primary,773,0,773
Imatong,Magwi County,Nimule,Stars Of Hope Nursery School,NUR,0,0,310
Imatong,Magwi County,Pageri,Borongole Sec. School,Secondary,0,0,0
Imatong,Magwi County,Pageri,Dereto Primary School,Primary,0,0,0
Imatong,Magwi County,Pageri,Eyiecaku Primary School,Primary,0,0,0
Imatong,Magwi County,Pageri,Festo Memorial Nursery And Primary School,Primary,421,0,421
Imatong,Magwi County,Pageri,Ikwa Primary,Primary,0,0,0
Imatong,Magwi County,Pageri,Iriya Primary School,Primary,0,0,0
Imatong,Magwi County,Pageri,Kerepi Child Hope Primary,Primary,0,0,0
Imatong,Magwi County,Pageri,Kerepi Primary Sschool,Primary,0,0,0
Imatong,Magwi County,Pageri,Loa Primary School,Primary,0,0,0
Imatong,Magwi County,Pageri,Loa Secondary School,Secondary,0,0,0
Imatong,Magwi County,Pageri,Melekwe Primary,Primary,0,0,0
Imatong,Magwi County,Pageri,Melijo Primary School,Primary,282,0,282
Imatong,Magwi County,Pageri,Milestone Primary School,Primary,0,0,0
Imatong,Magwi County,Pageri,Moli Andru Primary,Primary,0,0,0
Imatong,Magwi County,Pageri,Moli Tokuro Primary School,Primary,143,0,143
Imatong,Magwi County,Pageri,Nyongwa Primary School,Primary,0,0,0
Imatong,Magwi County,Pageri,Nyongwa Secondary School,Secondary,0,0,0
Imatong,Magwi County,Pageri,Obadiait Brothers Keeper Primary,Primary,0,0,0
Imatong,Magwi County,Pageri,Opari Primary School,Primary,60,0,60
Imatong,Magwi County,Pageri,Orobe Primary,Primary,0,0,0
Imatong,Magwi County,Pageri,Pageri Primary School,Primary,0,0,0
Imatong,Magwi County,Pageri,Patibi Primary,Primary,0,0,0
Imatong,Magwi County,Pageri,Precious Stone,Primary,0,0,0
Imatong,Magwi County,Pageri,Royal Kids International Primary School,Primary,0,0,0
Imatong,Magwi County,Pageri,Royal Kids International Secondary,Secondary,0,0,0
Imatong,Magwi County,Pageri,St.Mary Immaculate Basic School,Primary,0,0,0
Imatong,Magwi County,Pajok,Africa Arise Primary School,Primary,0,0,0
Imatong,Magwi County,Pajok,Africa Inland Church Primary,Primary,0,0,0
Imatong,Magwi County,Pajok,Agola Secondary School,Secondary,0,0,0
Imatong,Magwi County,Pajok,Atepi Primary,Primary,0,0,0
Imatong,Magwi County,Pajok,Caigon Primary School,Primary,0,0,0
Imatong,Magwi County,Pajok,Iyele Primary,Primary,0,0,0
Imatong,Magwi County,Pajok,Lawaci Primary School,Primary,0,0,0
Imatong,Magwi County,Pajok,Pajok Primary School,Primary,374,0,374
Imatong,Magwi County,Pajok,Pogee Primary School,Primary,0,0,0
Imatong,Torit County,Bur,Bari Primary,Primary,232,0,232
Imatong,Torit County,Bur,Lohila Carum Primary School,Primary,0,0,0
Imatong,Torit County,Bur,Lohiri Primary School,Primary,0,0,0
Imatong,Torit County,Bur,Longelet Primary School,Primary,0,0,0
Imatong,Torit County,Bur,Loronyo Primary School,Primary,0,0,0
Imatong,Torit County,Bur,Losito Primary School,Primary,364,0,364
Imatong,Torit County,Bur,Muttarram Primary School,Primary,347,0,347
Imatong,Torit County,Bur,Oriaju Primary School,Primary,300,0,300
Imatong,Torit County,Himo donge,Angaim Primary School,Primary,230,0,230
Imatong,Torit County,Himo donge,Hilieu Centre Primary School,Primary,607,0,607
Imatong,Torit County,Himo donge,Hilieu Hill Seal Primary School,Primary,0,0,0
Imatong,Torit County,Himo donge,Keberek Primary School,Primary,0,0,0
Imatong,Torit County,Himo donge,Odorio Primary School,Primary,550,0,550
Imatong,Torit County,Himo donge,Otese Primary School,Primary,304,0,304
Imatong,Torit County,Himo donge,Zion Mussary Primary School,Primary,435,0,435
Imatong,Torit County,Hiyala,Africa Inland Church Primary School,Primary,874,0,874
Imatong,Torit County,Hiyala,Chalamini Primary School,Primary,160,0,160
Imatong,Torit County,Hiyala,Haforiere,Primary,344,0,344
Imatong,Torit County,Hiyala,Hidonge Ifura Primary School,Primary,286,0,286
Imatong,Torit County,Hiyala,Hidonge Malangit Primary School,Primary,384,0,384
Imatong,Torit County,Hiyala,Hilaya Primary School,Primary,572,0,572
Imatong,Torit County,Hiyala,Hiyala Secondary,Secondary,0,50,50
Imatong,Torit County,Hiyala,Ilieu Primary School,Primary,312,0,312
Imatong,Torit County,Hiyala,Iloli Primary School,Primary,286,0,286
Imatong,Torit County,Hiyala,Lofi Primary School,Primary,504,0,504
Imatong,Torit County,Hiyala,Mura-Hatiha Primary School,Primary,702,0,702
Imatong,Torit County,Hiyala,Oguruny Nursery School,NUR,0,0,78
Imatong,Torit County,Hiyala,Oguruny Primary School,Primary,406,0,406
Imatong,Torit County,Hiyala,Olianga Primary School,Primary,288,0,288
Imatong,Torit County,Hiyala,Tirrangore Primary School,Primary,471,0,471
Imatong,Torit County,Ifwotu isaloro,Enyif Primary School,Primary,0,0,0
Imatong,Torit County,Ifwotu isaloro,Gunyoro Lomono Primary School,Primary,130,0,130
Imatong,Torit County,Ifwotu isaloro,Hope Academy Primary School,Primary,254,0,254
Imatong,Torit County,Ifwotu isaloro,Ibo-Honyek Primary School,Primary,0,0,0
Imatong,Torit County,Ifwotu isaloro,Iholong Primary School,Primary,423,0,423
Imatong,Torit County,Ifwotu isaloro,Iluma Primary School,Primary,0,0,0
Imatong,Torit County,Ifwotu isaloro,Imokoru Primary School,Primary,442,0,442
Imatong,Torit County,Ifwotu isaloro,Longulu Primary School,Primary,0,0,0
Imatong,Torit County,Ifwotu isaloro,Lorifa Primary School,Primary,0,0,0
Imatong,Torit County,Ifwotu isaloro,Moti Primary School,Primary,297,0,297
Imatong,Torit County,Ifwotu isaloro,Ohufa Primary School,Primary,0,0,0
Imatong,Torit County,Imurok,Central Imurok Primary School,Primary,318,0,318
Imatong,Torit County,Imurok,Ebenezer Baptist Nursery and primary,Primary,0,0,0
Imatong,Torit County,Imurok,Himoru Primary School,Primary,572,0,572
Imatong,Torit County,Imurok,Kor-Mus Primary School,Primary,0,0,0
Imatong,Torit County,Imurok,Lobule Primary School,Primary,0,0,0
Imatong,Torit County,Imurok,Loheye Primary School,Primary,201,0,201
Imatong,Torit County,Imurok,Lolere Primary,Primary,0,0,0
Imatong,Torit County,Imurok,Okulu Primary School,Primary,0,0,0
Imatong,Torit County,Imurok,St Mary Mero Primary School,Primary,0,0,0
Imatong,Torit County,Kudo,Kudo Primary School,Primary,358,0,358
Imatong,Torit County,Kudo,Langairo Loulang Primary School,Primary,0,0,0
Imatong,Torit County,Kudo,Lofiri Primary School,Primary,0,0,0
Imatong,Torit County,Kudo,Lofiriha Tabwor Primary,Primary,0,0,0
Imatong,Torit County,Kudo,Lohwa Primary School,Primary,0,0,0
Imatong,Torit County,Kudo,Losok Primary School,Primary,0,0,0
Imatong,Torit County,Kudo,St. Peter Clever,Primary,172,0,172
Imatong,Torit County,Torit,Abalwa Primary School,Primary,188,0,188
Imatong,Torit County,Torit,Achimoro Primary School,Primary,0,0,0
Imatong,Torit County,Torit,AIC Nursery School,NUR,0,0,284
Imatong,Torit County,Torit,Airport Secondary School,Secondary,0,71,71
Imatong,Torit County,Torit,Airport View Nursery School,NUR,0,0,524
Imatong,Torit County,Torit,Airport View Primary School,Primary,1004,0,1004
Imatong,Torit County,Torit,Bal Bal Basic School,Primary,0,0,0
Imatong,Torit County,Torit,Bishop Akio Memorial Secondary School,Secondary,0,240,240
Imatong,Torit County,Torit,Bright hope Primary School,Primary,0,0,0
Imatong,Torit County,Torit,Brightest Key Nursery School,NUR,0,0,75
Imatong,Torit County,Torit,Christ Brigh Academy Nursery School,NUR,0,0,427
Imatong,Torit County,Torit,Christ Brigh Academy Primary School,Primary,444,0,444
Imatong,Torit County,Torit,Christ Bright Academy Primary School,Primary,0,0,0
Imatong,Torit County,Torit,Cornerstone Primary,Primary,0,0,0
Imatong,Torit County,Torit,Dr. John Garang Secondary,Secondary,0,586,586
Imatong,Torit County,Torit,Dumak Nursery School,NUR,0,0,350
Imatong,Torit County,Torit,Dumak Primary,Primary,1047,0,1047
Imatong,Torit County,Torit,Faith Academy Nursery and Primary School,Primary,0,0,0
Imatong,Torit County,Torit,Faith academy Nursery School,PRE,0,0,0
Imatong,Torit County,Torit,Faith Ministry Academy Primary School,Primary,547,0,547
Imatong,Torit County,Torit,Fr. Saturlino Ohure Secondary School,Secondary,0,300,300
Imatong,Torit County,Torit,Grace Community,Primary,954,0,954
Imatong,Torit County,Torit,Grace Community Nursery School,NUR,0,0,286
Imatong,Torit County,Torit,Ibalany Primary School,Primary,0,0,0
Imatong,Torit County,Torit,Iluhum Nursery School,NUR,0,0,133
Imatong,Torit County,Torit,Iluhum Primary,Primary,435,0,435
Imatong,Torit County,Torit,Integrated Primary,Primary,0,0,0
Imatong,Torit County,Torit,Join Hands Orphanage Primary School,Primary,286,0,286
Imatong,Torit County,Torit,Kings Christian Academy Primary School,Primary,0,0,0
Imatong,Torit County,Torit,Kudo Nursery School,NUR,0,0,170
Imatong,Torit County,Torit,Longwere Primary School,Primary,0,0,0
Imatong,Torit County,Torit,Lotukei Secondary School,Secondary,0,46,46
Imatong,Torit County,Torit,Mairo Community Nursery School,NUR,0,0,450
Imatong,Torit County,Torit,Mairo Community Primary School,Primary,362,0,362
Imatong,Torit County,Torit,Malaya Primary School,Primary,0,0,0
Imatong,Torit County,Torit,New Generation Primary School,Primary,0,0,0
Imatong,Torit County,Torit,Nyara Basic School,Primary,0,0,0
Imatong,Torit County,Torit,Our Lady Of Assamption Primary,Primary,596,0,596
Imatong,Torit County,Torit,Our Lady Of Assumption Nursery School,NUR,0,0,406
Imatong,Torit County,Torit,Oyere Primary,Primary,474,0,474
Imatong,Torit County,Torit,Redeemed Primary School,Primary,0,0,0
Imatong,Torit County,Torit,St. Teresa Primary School,Primary,1040,0,1040
Imatong,Torit County,Torit,ST. Theresa Pre school,PRE,0,0,483
Imatong,Torit County,Torit,Torit Day Secondary School,Secondary,0,602,602
Imatong,Torit County,Torit,Torit East Nursery School,NUR,0,0,260
Imatong,Torit County,Torit,Torit East Primary School,Primary,1306,0,1306
Imatong,Torit County,Torit,Torit Girls Nursery School,NUR,0,0,104
Imatong,Torit County,Torit,Torit Girls Pre and Primary School,Primary,199,0,199
Imatong,Torit County,Torit,Torit Model Nursery School,NUR,0,0,217
Imatong,Torit County,Torit,Torit Model Primary School,Primary,1214,0,1214
Imatong,Torit County,Torit,Torit One Pre School,NUR,0,0,286
Imatong,Torit County,Torit,Torit One Primary School,Primary,913,0,913
Imatong,Torit County,Torit,Torit Progressive Secondary School,Secondary,0,437,437
Imatong,Torit County,Torit,Torit West Per School,NUR,0,0,0
Imatong,Torit County,Torit,Torit West Primary School,Primary,816,0,816
Jonglei,Bor County,Anyidi,Anyidi Girls Boarding Primary School,Primary,884,0,884
Jonglei,Bor County,Anyidi,Chuei Magoon Primary School,Primary,0,0,0
Jonglei,Bor County,Anyidi,Mabior Leek Primary School,Primary,0,0,0
Jonglei,Bor County,Anyidi,Mareng Mixed Primary School,Primary,0,0,0
Jonglei,Bor County,Anyidi,Thian-Wei Primary School,Primary,0,0,0
Jonglei,Bor County,Anyidi,Wermel Primary,Primary,0,0,0
Jonglei,Bor County,Baidit,Akayiech Primary,Primary,644,0,644
Jonglei,Bor County,Baidit,Ayen Girls Primary,Primary,416,0,416
Jonglei,Bor County,Baidit,Baidit Primary School,Primary,1509,0,1509
Jonglei,Bor County,Baidit,Gameth Waluak Primary,Primary,480,0,480
Jonglei,Bor County,Baidit,Green Belt Secondary School,Secondary,0,414,414
Jonglei,Bor County,Baidit,Kuei Mordern primary school,Primary,349,0,349
Jonglei,Bor County,Baidit,Magaal Primary School,Primary,0,0,0
Jonglei,Bor County,Baidit,Makol Cuei B Primary,Primary,612,0,612
Jonglei,Bor County,Baidit,Makol Cuei Primary School,Primary,430,0,430
Jonglei,Bor County,Baidit,Manydeng Primary School,Primary,1026,0,1026
Jonglei,Bor County,Baidit,Mathiang Primary School,Primary,702,0,702
Jonglei,Bor County,Baidit,Mayen Primary School,Primary,651,0,651
Jonglei,Bor County,Baidit,Ngatinga Mixed Primary School,Primary,551,0,551
Jonglei,Bor County,Baidit,Tong Mixed Primary School,Primary,679,0,679
Jonglei,Bor County,Bor Town,Agorbaar ALP center,Primary,556,0,556
Jonglei,Bor County,Bor Town,Akony Bany Primary,Primary,0,0,0
Jonglei,Bor County,Bor Town,Alliance High School,Secondary,0,1098,1098
Jonglei,Bor County,Bor Town,Awakening Secondary,Secondary,0,595,595
Jonglei,Bor County,Bor Town,Bethel Primary School,Primary,415,0,415
Jonglei,Bor County,Bor Town,Black Eagle Academic Primary,Primary,1082,0,1082
Jonglei,Bor County,Bor Town,Bor A ALP School,ALP,0,0,286
Jonglei,Bor County,Bor Town,Bor A Mixed Primary,Primary,808,0,808
Jonglei,Bor County,Bor Town,Bor A Nursery School,PRE,0,0,164
Jonglei,Bor County,Bor Town,Bor B Complex Primary,Primary,840,0,840
Jonglei,Bor County,Bor Town,Bor B Pre - School,PRE,0,0,288
Jonglei,Bor County,Bor Town,Bor Bright Star Primary,Primary,877,0,877
Jonglei,Bor County,Bor Town,Bor College High School,Secondary,0,705,705
Jonglei,Bor County,Bor Town,Bor Future Foundation Primary School,Primary,0,0,0
Jonglei,Bor County,Bor Town,Bor Girls Nursery School,PRE,0,0,280
Jonglei,Bor County,Bor Town,Bor Girls Primary School,Primary,856,0,856
Jonglei,Bor County,Bor Town,Bor Public Nursery School,PRE,0,0,0
Jonglei,Bor County,Bor Town,Bor Public Nursery School,PRE,0,0,286
Jonglei,Bor County,Bor Town,Bor Public Primary School,Primary,856,0,856
Jonglei,Bor County,Bor Town,Bor Secondary School,Secondary,0,258,258
Jonglei,Bor County,Bor Town,Brilliant Primary School,Primary,850,0,850
Jonglei,Bor County,Bor Town,Christ Remnant Primary School,Primary,0,0,0
Jonglei,Bor County,Bor Town,Doronj Secondary School,Secondary,0,223,223
Jonglei,Bor County,Bor Town,Ducuum Primary,Primary,544,0,544
Jonglei,Bor County,Bor Town,Eden Primary School,Primary,468,0,468
Jonglei,Bor County,Bor Town,Evangelical Orphanage Primary School,Primary,0,0,0
Jonglei,Bor County,Bor Town,Freedom Foundation ALP school,ALP,0,0,109
Jonglei,Bor County,Bor Town,Gakyoum B Primary School,Primary,516,0,516
Jonglei,Bor County,Bor Town,Gakyuom I Primary,Primary,581,0,581
Jonglei,Bor County,Bor Town,Golden Star Primary School,Primary,0,0,0
Jonglei,Bor County,Bor Town,Hai-Machuor ALP Center,Primary,104,0,104
Jonglei,Bor County,Bor Town,Imperial High Secondary School,Secondary,0,324,324
Jonglei,Bor County,Bor Town,Jarweng Primary School,Primary,583,0,583
Jonglei,Bor County,Bor Town,Jerusalem Primary School,Primary,901,0,901
Jonglei,Bor County,Bor Town,John Garang Model Secondary school,Secondary,0,0,0
Jonglei,Bor County,Bor Town,Jonglei International Primary School,Primary,792,0,792
Jonglei,Bor County,Bor Town,Kang Intergated Junior Primary,Primary,968,0,968
Jonglei,Bor County,Bor Town,King David Primary School,Primary,0,0,0
Jonglei,Bor County,Bor Town,Kuei Island Primary School,Primary,673,0,673
Jonglei,Bor County,Bor Town,Kuei Primary School,Primary,0,0,0
Jonglei,Bor County,Bor Town,Kuerdeng Primary School,Primary,0,0,0
Jonglei,Bor County,Bor Town,Langbaar Mixed Nursery School,PRE,0,0,290
Jonglei,Bor County,Bor Town,Langbaar Mixed Primary School,Primary,886,0,886
Jonglei,Bor County,Bor Town,Langbaar Modern Primary School,Primary,608,0,608
Jonglei,Bor County,Bor Town,Langbar A Primary,Primary,403,0,403
Jonglei,Bor County,Bor Town,Langbar Academy Secondary School,Secondary,0,532,532
Jonglei,Bor County,Bor Town,Little Angle Primary,Primary,0,0,0
Jonglei,Bor County,Bor Town,Malek Secondary School,Secondary,0,329,329
Jonglei,Bor County,Bor Town,Malou ALP Centre,ALP,0,0,133
Jonglei,Bor County,Bor Town,Malou Nursery School,PRE,0,0,288
Jonglei,Bor County,Bor Town,Malual Chat Primary School,Primary,620,0,620
Jonglei,Bor County,Bor Town,Maluo Primary School,Primary,931,0,931
Jonglei,Bor County,Bor Town,Mandela Primary School,Primary,779,0,779
Jonglei,Bor County,Bor Town,Martyrs Academy Primary School,Primary,917,0,917
Jonglei,Bor County,Bor Town,Martyrs Junior Primary,Primary,0,0,0
Jonglei,Bor County,Bor Town,Mayen ALP Centre,ALP,0,0,103
Jonglei,Bor County,Bor Town,Mayen Nursery School,PRE,0,0,176
Jonglei,Bor County,Bor Town,Mayual Primary School,Primary,870,0,870
Jonglei,Bor County,Bor Town,Mission Garden Of Christ Primary School,Primary,599,0,599
Jonglei,Bor County,Bor Town,Musa Manyok Primary School,Primary,0,0,0
Jonglei,Bor County,Bor Town,New Sudan Primary,Primary,863,0,863
Jonglei,Bor County,Bor Town,Nigel Primary,Primary,0,0,0
Jonglei,Bor County,Bor Town,Nile Academic Primary School,Primary,756,0,756
Jonglei,Bor County,Bor Town,Nile Excel Primary School,Primary,0,0,0
Jonglei,Bor County,Bor Town,Nile Primary School,Primary,583,0,583
Jonglei,Bor County,Bor Town,Pagook Nursery School,PRE,0,0,410
Jonglei,Bor County,Bor Town,Panakok Primary School,Primary,294,0,294
Jonglei,Bor County,Bor Town,Panapet Primary School,Primary,588,0,588
Jonglei,Bor County,Bor Town,Panda Hope Nursery and Primary School,Primary,0,0,0
Jonglei,Bor County,Bor Town,POC Primary School,Primary,895,0,895
Jonglei,Bor County,Bor Town,Ritnom Primary School,Primary,678,0,678
Jonglei,Bor County,Bor Town,Royal Junior Academy Primary,Primary,827,0,827
Jonglei,Bor County,Bor Town,Saint John Primary School,Primary,0,0,0
Jonglei,Bor County,Bor Town,St Andrew ALP Center,Primary,191,0,191
Jonglei,Bor County,Bor Town,St Andrew Senior Secondary School,Secondary,0,553,553
Jonglei,Bor County,Bor Town,St Luke ALP center,ALP,0,0,259
Jonglei,Bor County,Bor Town,St Luke Nursery and Primary School,Primary,551,0,551
Jonglei,Bor County,Bor Town,St Mary Nursey And Primary School,Primary,0,0,0
Jonglei,Bor County,Bor Town,St. Andrew Primary,Primary,3318,0,3318
Jonglei,Bor County,Bor Town,St. Augustine Primary School,Primary,680,0,680
Jonglei,Bor County,Bor Town,Star Academy Primary,Primary,0,0,0
Jonglei,Bor County,Bor Town,Sunlight Primary School,Primary,822,0,822
Jonglei,Bor County,Bor Town,Sunlight Secondary,Secondary,0,0,0
Jonglei,Bor County,Bor Town,Tuonygeu Primary School,Primary,765,0,765
Jonglei,Bor County,Bor Town,Vine High Secondary school,Secondary,0,338,338
Jonglei,Bor County,Jalle,Akual Deng Primary,Primary,554,0,554
Jonglei,Bor County,Jalle,Duk Mayen,Primary,808,0,808
Jonglei,Bor County,Jalle,Jalle I Primary School,Primary,822,0,822
Jonglei,Bor County,Jalle,Jalle II Primary School,Primary,800,0,800
Jonglei,Bor County,Jalle,Kolmarek Primary School,Primary,562,0,562
Jonglei,Bor County,Jalle,Liliir Primary School,Primary,295,0,295
Jonglei,Bor County,Jalle,Majok Kuol Primary School,Primary,548,0,548
Jonglei,Bor County,Jalle,Pan Akok Primary,Primary,0,0,0
Jonglei,Bor County,Jalle,Pany-Yach Primary School,Primary,270,0,270
Jonglei,Bor County,Jalle,Yom Chiir Primary School,Primary,533,0,533
Jonglei,Bor County,Kolnyang,Agor baar Mixed Primary School,Primary,887,0,887
Jonglei,Bor County,Kolnyang,Chuei Keer Primary School,Primary,623,0,623
Jonglei,Bor County,Kolnyang,Gak Primary School,Primary,0,0,0
Jonglei,Bor County,Kolnyang,Kolnyang Primary School,Primary,0,0,0
Jonglei,Bor County,Kolnyang,Mabior-Keech Primary School,Primary,805,0,805
Jonglei,Bor County,Kolnyang,Makuach primary school,Primary,0,0,0
Jonglei,Bor County,Kolnyang,Makuach-Jam Primary School,Primary,394,0,394
Jonglei,Bor County,Kolnyang,Malek Academy Secondary,Secondary,0,0,0
Jonglei,Bor County,Kolnyang,Malek ALP Centre,ALP,0,0,205
Jonglei,Bor County,Kolnyang,Malek I Primary School,Primary,750,0,750
Jonglei,Bor County,Kolnyang,Malek Ii Primary School,Primary,0,0,0
Jonglei,Bor County,Kolnyang,Malek Nursery School,PRE,0,0,208
Jonglei,Bor County,Kolnyang,Malou Mixed Primary School,Primary,579,0,579
Jonglei,Bor County,Kolnyang,Malual Bur Primary Shool,Primary,0,0,0
Jonglei,Bor County,Kolnyang,Nyinmajok Primary School,Primary,368,0,368
Jonglei,Bor County,Kolnyang,Panwel Primary School,Primary,572,0,572
Jonglei,Bor County,Kolnyang,Pariak ALP Centre,ALP,0,0,309
Jonglei,Bor County,Kolnyang,Pariak Primary School,Primary,810,0,810
Jonglei,Bor County,Kolnyang,Wunliet Primary,Primary,696,0,696
Jonglei,Bor County,Kolnyang,Yaradau Primary School,Primary,619,0,619
Jonglei,Bor County,Makuack,Baidit Secondary School,Secondary,0,294,294
Jonglei,Bor County,Makuack,Alpha Junior Academy School,Primary,1752,0,1752
Jonglei,Bor County,Makuack,Anguei Girls Primary School.,Primary,0,0,0
Jonglei,Bor County,Makuack,Arek Mixed Primary School,Primary,278,0,278
Jonglei,Bor County,Makuack,Bor High Secondary,Secondary,0,0,0
Jonglei,Bor County,Makuack,Jalcak Primary School,Primary,0,0,0
Jonglei,Bor County,Makuack,Kapaat1 Primary School,Primary,292,0,292
Jonglei,Bor County,Makuack,Konbeek Mixed Primary School,Primary,577,0,577
Jonglei,Bor County,Makuack,Luaidit Nursery School,NUR,0,0,158
Jonglei,Bor County,Makuack,Lual Dit Primary School,Primary,600,0,600
Jonglei,Bor County,Makuack,Makuach Mixed Primary School,Primary,295,0,295
Jonglei,Bor County,Makuack,Malou B Primary School,Primary,0,0,0
Jonglei,Bor County,Makuack,Nile Academy Primary School,Secondary,0,0,0
Jonglei,Bor County,Makuack,Palabaach Primary School,Primary,0,0,0
Jonglei,Bor County,Makuack,Royal High Secondary School,Secondary,0,564,564
Jonglei,Bor County,Makuack,Werkhok Primary School,Primary,346,0,346
Jonglei,Bor County,Makuack,Werkok Secondary School,Secondary,0,0,0
Jonglei,Bor County,Makuack,WerkokFreedom Secondary School,Secondary,0,0,0
Jonglei,Bor County,Makuack,Wherkok / Moldoor Primary School,Primary,0,0,0
Jonglei,Duk County,Ageer,Jual Primary School,Primary,896,0,896
Jonglei,Duk County,Ageer,Malou Primary School.,Primary,0,0,0
Jonglei,Duk County,Ageer,Paktap Primary School,Primary,1493,0,1493
Jonglei,Duk County,Ageer,Patuenoi,Primary,820,0,820
Jonglei,Duk County,Ageer,PokTap ECD School,PRE,0,0,0
Jonglei,Duk County,Dongchalk,Amiel Primary School,Primary,832,0,832
Jonglei,Duk County,Dongchalk,Dongchak Primary School,Primary,1052,0,1052
Jonglei,Duk County,Dongchalk,Padiu,Primary,0,0,0
Jonglei,Duk County,Dongchalk,Pakam Primary School,Primary,0,0,0
Jonglei,Duk County,Duk Padiet,Ayueldit Primary School,Primary,1144,0,1144
Jonglei,Duk County,Duk Padiet,Dorok Primary School,Primary,869,0,869
Jonglei,Duk County,Duk Padiet,Duk Padiet Primary School,Primary,1450,0,1450
Jonglei,Duk County,Duk Padiet,Mareng Primary,Primary,0,0,0
Jonglei,Duk County,Duk-Payuel,Akoy Primary School,Primary,0,0,0
Jonglei,Duk County,Duk-Payuel,New Generation Primary,Primary,0,0,0
Jonglei,Duk County,Duk-Payuel,Payuel Primary School,Primary,1010,0,1010
Jonglei,Duk County,Pagaak,Payaak Primary School.,Primary,0,0,0
Jonglei,Duk County,Pagaak,Tindiir,Primary,0,0,0
Jonglei,Duk County,Panyang,Pajut Primary School,Primary,1771,0,1771
Jonglei,Twic East County,Ajuong,Mayom Primary School,Primary,871,0,871
Jonglei,Twic East County,Ajuong,Ngawai Primary School,Primary,586,0,586
Jonglei,Twic East County,Ajuong,Pagook Primary,Primary,746,0,746
Jonglei,Twic East County,Ajuong,Paliau ALP,ALP,0,0,289
Jonglei,Twic East County,Ajuong,Paliau Centre,PRE,0,0,260
Jonglei,Twic East County,Ajuong,Paliau Mix Primary School,Primary,781,0,781
Jonglei,Twic East County,Ajuong,Pawel ECD Center,PRE,0,0,0
Jonglei,Twic East County,Ajuong,Wunlir Primary School,Primary,785,0,785
Jonglei,Twic East County,Kangor,Dhiam Dhiam ALP,ALP,0,0,0
Jonglei,Twic East County,Kangor,Dr. John Garang Sec. School,Secondary,0,296,296
Jonglei,Twic East County,Kangor,Khiir Malei Primary School,Primary,692,0,692
Jonglei,Twic East County,Kangor,Kongor Centre,PRE,0,0,0
Jonglei,Twic East County,Kangor,Kongor Primary School,Primary,1432,0,1432
Jonglei,Twic East County,Kangor,Mabior Academy Primary School,Primary,570,0,570
Jonglei,Twic East County,Kangor,Mabior ALP Centre,ALP,0,0,388
Jonglei,Twic East County,Kangor,Marial ALP,ALP,0,0,572
Jonglei,Twic East County,Kangor,Nyang Primary School,Primary,890,0,890
Jonglei,Twic East County,Kangor,Pageer Primary School,Primary,874,0,874
Jonglei,Twic East County,Kangor,Pajomba Primary School,Primary,737,0,737
Jonglei,Twic East County,Kangor,Pakuor Primary School,Primary,915,0,915
Jonglei,Twic East County,Kangor,Pamot ALP Centre,ALP,0,0,289
Jonglei,Twic East County,Kangor,Pamot Primary School,Primary,936,0,936
Jonglei,Twic East County,Kangor,Panyagor Centre,PRE,0,0,0
Jonglei,Twic East County,Kangor,Panyagor Primary School,Primary,1700,0,1700
Jonglei,Twic East County,Kangor,Pareu Primary School,Primary,521,0,521
Jonglei,Twic East County,Kangor,Pawel ALP,ALP,0,0,0
Jonglei,Twic East County,Kangor,Pawel ALP Centre,ALP,0,0,286
Jonglei,Twic East County,Kangor,Payom Primary School,Primary,702,0,702
Jonglei,Twic East County,Kangor,Piom Bioor Primary School,Primary,910,0,910
Jonglei,Twic East County,Lith,Ameer Primary School,Primary,560,0,560
Jonglei,Twic East County,Lith,Apiir Primary School,Primary,579,0,579
Jonglei,Twic East County,Lith,Dong Primary,Primary,522,0,522
Jonglei,Twic East County,Lith,Duarbek Primary School,Primary,574,0,574
Jonglei,Twic East County,Lith,Kiir Akuc Primary School,Primary,562,0,562
Jonglei,Twic East County,Lith,Wernyol ALP,ALP,0,0,261
Jonglei,Twic East County,Lith,Wernyol Centre,PRE,0,0,0
Jonglei,Twic East County,Lith,Wernyol Primary School,Primary,610,0,610
Jonglei,Twic East County,Nyuak,Aborom Primary School,Primary,911,0,911
Jonglei,Twic East County,Nyuak,Aliet Primary School,Primary,661,0,661
Jonglei,Twic East County,Nyuak,Aluel ALP Centre,ALP,0,0,344
Jonglei,Twic East County,Nyuak,Aluel Primary School,Primary,931,0,931
Jonglei,Twic East County,Nyuak,Baping Primary School,Primary,446,0,446
Jonglei,Twic East County,Nyuak,Duk Luol Primary School,Primary,571,0,571
Jonglei,Twic East County,Nyuak,Guengkeer ALP Centre,ALP,0,0,286
Jonglei,Twic East County,Nyuak,Guengker Primary School,Primary,702,0,702
Jonglei,Twic East County,Nyuak,Kondai Primary School,Primary,546,0,546
Jonglei,Twic East County,Nyuak,Matjak Primary School,Primary,497,0,497
Jonglei,Twic East County,Nyuak,Pathian Primary School,Primary,499,0,499
Jonglei,Twic East County,Nyuak,Pongborong Primary School,Primary,867,0,867
Jonglei,Twic East County,Nyuak,Wanglei ALP,ALP,0,0,396
Jonglei,Twic East County,Nyuak,Wanglei Centre,PRE,0,0,0
Jonglei,Twic East County,Nyuak,Wanglei CMS Primary School,Primary,1381,0,1381
Jonglei,Twic East County,Nyuak,Wutkoro Primary School,Primary,797,0,797
Jonglei,Twic East County,Nyuak,Ziam-Ziam ALP Centre,ALP,0,0,335
Jonglei,Twic East County,Pakeer,Maar Centre,PRE,0,0,0
Jonglei,Twic East County,Pakeer,Maar Primary School,Primary,1194,0,1194
Jonglei,Twic East County,Pakeer,Marial Primary School,Primary,1434,0,1434
Jonglei,Twic East County,Pakeer,Mark Nickelprimary School,Primary,1404,0,1404
Jonglei,Twic East County,Pakeer,Piol Primary School,Primary,1149,0,1149
Jubek,Juba County,Bungu,Big Ben Secondary School,Secondary,0,778,778
Jubek,Juba County,Bungu,Bungu primary l,Primary,0,0,0
Jubek,Juba County,Bungu,Kwrijik bungu primary,Primary,0,0,0
Jubek,Juba County,Dolo,Elizabeth Royal International Primary School,Primary,0,0,0
Jubek,Juba County,Dolo,Gumbiri Primary School,Primary,0,0,0
Jubek,Juba County,Dolo,Kuda West Nursery,PRE,0,0,0
Jubek,Juba County,Dolo,Kuda west Primary School,Primary,197,0,197
Jubek,Juba County,Dolo,Mandikolo Primary School,Primary,0,0,0
Jubek,Juba County,Dolo,Purene Pure Nursery and Primary School,Primary,0,0,0
Jubek,Juba County,Dolo,Roja primary,Primary,0,0,0
Jubek,Juba County,Dolo,Seremon Primary School,Primary,199,0,199
Jubek,Juba County,Dolo,Sure Primary School,Primary,196,0,196
Jubek,Juba County,Dolo,Tulyang Primary School,Primary,0,0,0
Jubek,Juba County,Ganji,Ebenezer Baptist Nursery School,PRE,0,0,0
Jubek,Juba County,Ganji,Ebenezer Baptist Primary School,Primary,0,0,0
Jubek,Juba County,Ganji,Ganji Basic school,Primary,0,0,0
Jubek,Juba County,Ganji,Kagwada Primary,Primary,0,0,0
Jubek,Juba County,Ganji,Kuli Papa Basic school,Primary,0,0,0
Jubek,Juba County,Gondokoro,Gondokoro (B) Primary School,Primary,398,0,398
Jubek,Juba County,Gondokoro,Gondokoro A Basic School,Primary,373,0,373
Jubek,Juba County,Gondokoro,Nyori Primary School,Primary,251,0,251
Jubek,Juba County,Gondokoro,St. Dominic Saviomori primary,Primary,482,0,482
Jubek,Juba County,Juba Town,Africa Inland Buluk Nursery,PRE,0,0,264
Jubek,Juba County,Juba Town,Africa Inland Buluk Primary,Primary,730,0,730
Jubek,Juba County,Juba Town,Al-Huda Kindergarten School,PRE,0,0,115
Jubek,Juba County,Juba Town,Amarat A Centre,ALP,0,0,500
Jubek,Juba County,Juba Town,Amarat B Centre,ALP,0,0,1165
Jubek,Juba County,Juba Town,Amarat Primary School,Primary,1314,0,1314
Jubek,Juba County,Juba Town,Bilal Binrabah Primary School,Primary,466,0,466
Jubek,Juba County,Juba Town,Bishop Mazzoldi Memorial Basic School,Primary,1311,0,1311
Jubek,Juba County,Juba Town,Bishop Mazzoldi Memorial Nursery School,PRE,0,0,545
Jubek,Juba County,Juba Town,Bright Star Academy Secondary School,Secondary,0,389,389
Jubek,Juba County,Juba Town,Buluk A I School Of Deaf And Dum,ALP,0,0,0
Jubek,Juba County,Juba Town,Buluk A III Primary School,Primary,0,0,0
Jubek,Juba County,Juba Town,Buluk A1 Primary School,Primary,706,0,706
Jubek,Juba County,Juba Town,Buluk AII Primary School,Primary,594,0,594
Jubek,Juba County,Juba Town,Buluk B Primary School,Primary,1068,0,1068
Jubek,Juba County,Juba Town,Buluk B School of Deaf And Blind,ALP,0,0,0
Jubek,Juba County,Juba Town,Buluk B Teacher Training Union,Secondary,0,0,0
Jubek,Juba County,Juba Town,Buluk Model Primary School,Primary,818,0,818
Jubek,Juba County,Juba Town,Buluk Police Pre School,PRE,0,0,92
Jubek,Juba County,Juba Town,Chinese TTU Secondary School,Secondary,0,0,0
Jubek,Juba County,Juba Town,CMS (El Nahari) Primary School,Primary,649,0,649
Jubek,Juba County,Juba Town,Development Secondary School,Secondary,0,571,571
Jubek,Juba County,Juba Town,Dr. John Garang Memorial Secondary School,Secondary,0,0,0
Jubek,Juba County,Juba Town,El Salaam Secondary School,Secondary,0,234,234
Jubek,Juba County,Juba Town,Emmanuela Pre School,PRE,0,0,200
Jubek,Juba County,Juba Town,Ephata Nursery School,PRE,0,0,104
Jubek,Juba County,Juba Town,Ephatha Primary School,Primary,301,0,301
Jubek,Juba County,Juba Town,Faith Academy and Kindergarten School,NUR,0,0,270
Jubek,Juba County,Juba Town,Faith Nursery School,PRE,0,0,181
Jubek,Juba County,Juba Town,Faith Primary School,Primary,714,0,714
Jubek,Juba County,Juba Town,Gabat Basic School,Primary,858,0,858
Jubek,Juba County,Juba Town,Green Hill Primary,Primary,0,0,0
Jubek,Juba County,Juba Town,Hai Malakal Primary School,Primary,711,0,711
Jubek,Juba County,Juba Town,JCC Hai Negil Nursery School,PRE,0,0,227
Jubek,Juba County,Juba Town,JCC Hai Negil Primary School,Primary,858,0,858
Jubek,Juba County,Juba Town,JCC Model Nursery School,PRE,0,0,391
Jubek,Juba County,Juba Town,JCC Model Primary School,Primary,1171,0,1171
Jubek,Juba County,Juba Town,JCC Model Secondary School,Secondary,0,179,179
Jubek,Juba County,Juba Town,Juba Commercial Secondary School,Secondary,0,563,563
Jubek,Juba County,Juba Town,Juba Commercial T.T.U Secondary School,Secondary,0,0,0
Jubek,Juba County,Juba Town,Juba Day Secondary School,Secondary,0,879,879
Jubek,Juba County,Juba Town,Juba Diocesan Model Secondary School,Secondary,0,866,866
Jubek,Juba County,Juba Town,Juba Girls Secondary School,Secondary,0,407,407
Jubek,Juba County,Juba Town,Juba Girls T.T.U Secondary School,Secondary,0,0,0
Jubek,Juba County,Juba Town,Juba International Senior Scondary School,Secondary,0,445,445
Jubek,Juba County,Juba Town,Juba Model Pre schoo,PRE,0,0,243
Jubek,Juba County,Juba Town,Juba Model Primary School,Primary,766,0,766
Jubek,Juba County,Juba Town,Juba Na Bari Kindergarten School,PRE,0,0,243
Jubek,Juba County,Juba Town,Juba Nabari Primary School,Primary,1474,0,1474
Jubek,Juba County,Juba Town,Juba One Boys Primary School,Primary,729,0,729
Jubek,Juba County,Juba Town,Juba One Girl Primary School,Primary,1005,0,1005
Jubek,Juba County,Juba Town,Juba one Girls Nursery School,PRE,0,0,209
Jubek,Juba County,Juba Town,Juba Technical Secondary School,Secondary,0,754,754
Jubek,Juba County,Juba Town,Juba Technical TTU Secondary School,Secondary,0,0,0
Jubek,Juba County,Juba Town,Mahad Juba Elim Secondary School,Secondary,0,523,523
Jubek,Juba County,Juba Town,Mahad TTU Secondary School,Secondary,0,0,0
Jubek,Juba County,Juba Town,Malakia Neigbour Centre School,PRE,0,0,224
Jubek,Juba County,Juba Town,Mayo Adult Schoo,Primary,739,0,739
Jubek,Juba County,Juba Town,Mayo Girls Primary School,Primary,941,0,941
Jubek,Juba County,Juba Town,Mayo Public Primary School,Primary,1094,0,1094
Jubek,Juba County,Juba Town,Nation BAsic Community School,Primary,968,0,968
Jubek,Juba County,Juba Town,Nation Nursery School,NUR,0,0,320
Jubek,Juba County,Juba Town,Nile Model Secondary School,Secondary,0,742,742
Jubek,Juba County,Juba Town,Nile Model TTU Secondary School,Secondary,0,0,0
Jubek,Juba County,Juba Town,Nutrition Pre school,PRE,0,0,57
Jubek,Juba County,Juba Town,Prestige High Secondary School,Secondary,0,620,620
Jubek,Juba County,Juba Town,Rajaf Secondary School,Secondary,0,650,650
Jubek,Juba County,Juba Town,Rejaf Educational Centre for the Blind p/s,Primary,31,0,31
Jubek,Juba County,Juba Town,Rokon Secondary School,Secondary,0,785,785
Jubek,Juba County,Juba Town,Rokon T.T.U Secondary School,Secondary,0,0,0
Jubek,Juba County,Juba Town,Sacred Heart Sisters Kindergarten School,PRE,0,0,446
Jubek,Juba County,Juba Town,Sadaka Primary School,Primary,722,0,722
Jubek,Juba County,Juba Town,Salam Model Basic,Primary,271,0,271
Jubek,Juba County,Juba Town,St Francis Nursery School,PRE,0,0,153
Jubek,Juba County,Juba Town,St Francis Primary School,Primary,486,0,486
Jubek,Juba County,Juba Town,St Joseph Primary School,Primary,1064,0,1064
Jubek,Juba County,Juba Town,St Joseph's Secondary School,Secondary,0,383,383
Jubek,Juba County,Juba Town,Supiri Secondary School,Secondary,0,919,919
Jubek,Juba County,Juba Town,Supiri Teachers Teaching Union Secondary,Secondary,0,0,0
Jubek,Juba County,Juba Town,Supiri Two Secondary,Secondary,0,0,0
Jubek,Juba County,Juba Town,Usratuna Primary School,Primary,1293,0,1293
Jubek,Juba County,Juba Town,Wisdom Nursery and Primary School,Primary,0,0,0
Jubek,Juba County,Juba Town,Youth Training Centre Pre School,PRE,0,0,144
Jubek,Juba County,Kator,Akatgol Church (PCSS) Primary School,Primary,574,0,574
Jubek,Juba County,Kator,Akatgol Church Nursery School,PRE,0,0,104
Jubek,Juba County,Kator,Al-Salam B Basic school,Primary,647,0,647
Jubek,Juba County,Kator,Atlaba Bara East Basic,Primary,495,0,495
Jubek,Juba County,Kator,Chiada Mustagble Kindergarten Nursery School,PRE,0,0,193
Jubek,Juba County,Kator,Comboni Secondary School,Secondary,0,560,560
Jubek,Juba County,Kator,E.C.S Purti Star Nursery and Primary School,Primary,585,0,585
Jubek,Juba County,Kator,ECSS Purti Star Nursery School,PRE,0,0,189
Jubek,Juba County,Kator,Eden Nursery School,PRE,0,0,208
Jubek,Juba County,Kator,Eden Primary School,Primary,712,0,712
Jubek,Juba County,Kator,El-Salam Primary School,Primary,1032,0,1032
Jubek,Juba County,Kator,Elgiada Boy Primary School,Primary,875,0,875
Jubek,Juba County,Kator,Fatim Bint Fakhro S. S,Secondary,0,589,589
Jubek,Juba County,Kator,Flag Nursery School,PRE,0,0,209
Jubek,Juba County,Kator,Flag Primary School,Primary,612,0,612
Jubek,Juba County,Kator,Giada Girl Primary School,Primary,1159,0,1159
Jubek,Juba County,Kator,Giada Model Basic School,Primary,985,0,985
Jubek,Juba County,Kator,Giada MPS Nursery School,PRE,0,0,338
Jubek,Juba County,Kator,Herald Academy IDP Primary School,Primary,0,0,0
Jubek,Juba County,Kator,Jaborana IDP primary school,Primary,419,0,419
Jubek,Juba County,Kator,Joborona Nursery School,PRE,0,0,182
Jubek,Juba County,Kator,Kator Neighborhood Centre Pre School,PRE,0,0,277
Jubek,Juba County,Kator,Lologo Nursery School,NUR,0,0,523
Jubek,Juba County,Kator,Lologo Primary school,Primary,874,0,874
Jubek,Juba County,Kator,Mahad Nursery School,PRE,0,0,180
Jubek,Juba County,Kator,Mahad Primary School,Primary,916,0,916
Jubek,Juba County,Kator,Malakia Primary School,Primary,1299,0,1299
Jubek,Juba County,Kator,New Cenderela Nursery and Academy School,NUR,0,0,0
Jubek,Juba County,Kator,New Generation IDP primary School,Primary,270,0,270
Jubek,Juba County,Kator,Salaam Evening Primary School,Primary,1118,0,1118
Jubek,Juba County,Kator,Shiek Hamdan Bin Rashid,Secondary,0,0,0
Jubek,Juba County,Kator,Shinning Star Academy And Kindergarten School,PRE,0,0,437
Jubek,Juba County,Kator,St Josephine Bakita Primary School,Primary,1207,0,1207
Jubek,Juba County,Kator,St. Theresa Basic,Primary,1278,0,1278
Jubek,Juba County,Kator,St. Theresa's Kindergarten Pre - School,PRE,0,0,572
Jubek,Juba County,Kator,St.Juveline Primary School,Primary,0,0,0
Jubek,Juba County,Lirya,Illyangari,Primary,182,0,182
Jubek,Juba County,Lirya,Langabu Primary School,Primary,209,0,209
Jubek,Juba County,Lirya,Lirya Primary School,Primary,493,0,493
Jubek,Juba County,Lirya,Ngangalla Primary,Primary,222,0,222
Jubek,Juba County,Lirya,Ngulere Primary,Primary,246,0,246
Jubek,Juba County,Lobonok,Kaypeto primary,Primary,0,0,0
Jubek,Juba County,Lobonok,Lobonok Primary,Primary,163,0,163
Jubek,Juba County,Lobonok,Morsak Basic,Primary,125,0,125
Jubek,Juba County,Lobonok,Nyarbanga Basic,Primary,0,0,0
Jubek,Juba County,Lobonok,Pager primaryl,Primary,150,0,150
Jubek,Juba County,Lobonok,Sindiru dumadang,Primary,150,0,150
Jubek,Juba County,Lobonok,Sindiru Lugara Basic,Primary,103,0,103
Jubek,Juba County,Lobonok,Worduk Basic School,Primary,150,0,150
Jubek,Juba County,Lobonok,Yapa National Secondary school,Secondary,0,240,240
Jubek,Juba County,Lobonok,Yapa Primary,Primary,363,0,363
Jubek,Juba County,Lokiliri,Jalite Primary School,Primary,0,0,0
Jubek,Juba County,Lokiliri,Juba Academy,Secondary,0,465,465
Jubek,Juba County,Lokiliri,JUKOKWE NURSERY School,PRE,0,0,82
Jubek,Juba County,Lokiliri,JUKOKWE Primary School,Primary,319,0,319
Jubek,Juba County,Lokiliri,Kubi Primary School,Primary,0,0,0
Jubek,Juba County,Lokiliri,Kudwo Primary School,Primary,0,0,0
Jubek,Juba County,Lokiliri,Lokiliri Primary,Primary,316,0,316
Jubek,Juba County,Lokiliri,Lomega Academy Day and Boarding School,Primary,0,0,0
Jubek,Juba County,Lokiliri,ngerjebi Primary School,Primary,0,0,0
Jubek,Juba County,Lokiliri,Nyeli Primary School,Primary,0,0,0
Jubek,Juba County,Lokiliri,Tarnaba Primary School,Primary,0,0,0
Jubek,Juba County,Mangala South,Bilinyang Primary School,Primary,202,0,202
Jubek,Juba County,Mangala South,Hasanna Junior Primary School,Primary,207,0,207
Jubek,Juba County,Mangala South,Hosanna Junior Nursery School,NUR,0,0,110
Jubek,Juba County,Mangala South,Jabur Primary School,Primary,245,0,245
Jubek,Juba County,Mangala South,Liliri Primary School,Primary,257,0,257
Jubek,Juba County,Mangala South,Mangalla A Primary School,Primary,594,0,594
Jubek,Juba County,Mangala South,Mangalla B Basic school,Primary,286,0,286
Jubek,Juba County,Mangala South,Mary Help Of Christians Primary School,Primary,332,0,332
Jubek,Juba County,Mangala South,St. Thomas Primary,Primary,438,0,438
Jubek,Juba County,Mangala South,Tukoro Basic School,Primary,280,0,280
Jubek,Juba County,Munuki,A.I.C Nursey School,PRE,0,0,749
Jubek,Juba County,Munuki,Africa Inland Church primary,Primary,1547,0,1547
Jubek,Juba County,Munuki,AIC Modern Nursery and Primary School,Primary,836,0,836
Jubek,Juba County,Munuki,AIC Modern Nursery School,NUR,0,0,229
Jubek,Juba County,Munuki,AIC New Foundation Nursery School,PRE,0,0,128
Jubek,Juba County,Munuki,AIC NEW FOUNDATION Primary School,Primary,490,0,490
Jubek,Juba County,Munuki,Alima Primary,Primary,172,0,172
Jubek,Juba County,Munuki,Atlabara West Basic School,Primary,1269,0,1269
Jubek,Juba County,Munuki,Atlabara West Nursery School,PRE,0,0,196
Jubek,Juba County,Munuki,Big Ben Primary school,Primary,417,0,417
Jubek,Juba County,Munuki,Bright Boma Star High Secondary School,Secondary,0,1248,1248
Jubek,Juba County,Munuki,Bright Boma Star Nursey School,PRE,0,0,296
Jubek,Juba County,Munuki,Bright Boma star Primary,Primary,1069,0,1069
Jubek,Juba County,Munuki,Bright Hope Academy primary,Primary,884,0,884
Jubek,Juba County,Munuki,Bright Hope Nursery School,PRE,0,0,312
Jubek,Juba County,Munuki,Chinese Friendship secondary,Secondary,0,983,983
Jubek,Juba County,Munuki,City Dove Academy,PRE,0,0,244
Jubek,Juba County,Munuki,City Dove Academy Nursery and P/S,Primary,766,0,766
Jubek,Juba County,Munuki,Comprehensive Secondary School,Secondary,0,252,252
Jubek,Juba County,Munuki,Darling Wisdom Academy Nursery School,NUR,0,0,165
Jubek,Juba County,Munuki,Darling Wisdom Academy Primary School,Primary,557,0,557
Jubek,Juba County,Munuki,Darling Wisdon Academy Secondary School,Secondary,0,1150,1150
Jubek,Juba County,Munuki,DMI Rock City Primary School,Primary,297,0,297
Jubek,Juba County,Munuki,El Giadda Girls Primary School,Primary,0,0,0
Jubek,Juba County,Munuki,Emmanuel Nursery And Primary School,Primary,253,0,253
Jubek,Juba County,Munuki,Emmanuel Nursery School,NUR,0,0,265
Jubek,Juba County,Munuki,FFeda Pre School,PRE,0,0,337
Jubek,Juba County,Munuki,FFEDA Primary School,Primary,1200,0,1200
Jubek,Juba County,Munuki,Genesis Nursery School,ECD,0,0,186
Jubek,Juba County,Munuki,Genesis Primary School,Primary,218,0,218
Jubek,Juba County,Munuki,Ginana Primary School,Primary,538,0,538
Jubek,Juba County,Munuki,Gudele East 1 Basic School,Primary,1281,0,1281
Jubek,Juba County,Munuki,Gudele East 1 Nursery School,PRE,0,0,334
Jubek,Juba County,Munuki,Gudele East 11 Basic School,Primary,1104,0,1104
Jubek,Juba County,Munuki,Gudele East Christian Basic School,Primary,205,0,205
Jubek,Juba County,Munuki,Gudele East Christian Nursery School,ECD,0,0,127
Jubek,Juba County,Munuki,Gudele East Christian Secondary School,Secondary,0,0,0
Jubek,Juba County,Munuki,Gudele Hills Kindergarten Nursery School,NUR,0,0,251
Jubek,Juba County,Munuki,Gudele Hills Primary,Primary,395,0,395
Jubek,Juba County,Munuki,Gudele Parents Primary School,Primary,544,0,544
Jubek,Juba County,Munuki,Gulele Secondary School,Secondary,0,0,0
Jubek,Juba County,Munuki,Happy Angels Academy,Primary,423,0,423
Jubek,Juba County,Munuki,Happy Angels Academy Nursery School,PRE,0,0,108
Jubek,Juba County,Munuki,Holy Family Nursery School,PRE,0,0,391
Jubek,Juba County,Munuki,Holy Family Primary School,Primary,614,0,614
Jubek,Juba County,Munuki,Homing Dove International Nursery School,ECD,0,0,250
Jubek,Juba County,Munuki,Homing Dove International Primary School,Primary,465,0,465
Jubek,Juba County,Munuki,Hope Nursery and Primary School,Primary,0,0,0
Jubek,Juba County,Munuki,Hospital Of Adult Education Center,AES,0,0,0
Jubek,Juba County,Munuki,Hundulo Nursery And Primary School,Primary,200,0,200
Jubek,Juba County,Munuki,Hundulo Pre School,PRE,0,0,152
Jubek,Juba County,Munuki,Jada Jedid Nursery and Primary School,Primary,770,0,770
Jubek,Juba County,Munuki,Jada Jedid Nursery School,PRE,0,0,168
Jubek,Juba County,Munuki,Juba Christain Center Muniki Nursery,PRE,0,0,234
Jubek,Juba County,Munuki,Juba Christian Centre Munuki,Primary,678,0,678
Jubek,Juba County,Munuki,Juba Modern Nursery School,PRE,0,0,95
Jubek,Juba County,Munuki,Juba Modern Primary School,Primary,262,0,262
Jubek,Juba County,Munuki,Juba Private Primary School,Primary,453,0,453
Jubek,Juba County,Munuki,Juba Seventh Day Adventist Secondaey School,Secondary,0,509,509
Jubek,Juba County,Munuki,Juba-Prosper Secondary School,Secondary,0,1189,1189
Jubek,Juba County,Munuki,Kapuki Secondary School,Secondary,0,557,557
Jubek,Juba County,Munuki,Kings Academy Primary School,Primary,0,0,0
Jubek,Juba County,Munuki,Kuggi Nursery School,PRE,0,0,451
Jubek,Juba County,Munuki,Kugi Nursery and primary school,Primary,1105,0,1105
Jubek,Juba County,Munuki,Liberty Primary School,Primary,39,0,39
Jubek,Juba County,Munuki,Libiya 1 Nursery School,PRE,0,0,180
Jubek,Juba County,Munuki,Libya 1 Primary School,Primary,985,0,985
Jubek,Juba County,Munuki,Libya 2 Primary School,Primary,629,0,629
Jubek,Juba County,Munuki,Light House Inter Nursery School,PRE,0,0,213
Jubek,Juba County,Munuki,Light House International SEcondary School,Secondary,0,1124,1124
Jubek,Juba County,Munuki,Light Houses international primary,Primary,810,0,810
Jubek,Juba County,Munuki,Love And Peace Nurserey School,PRE,0,0,25
Jubek,Juba County,Munuki,Love And Peace Nursery and Primary School,Primary,75,0,75
Jubek,Juba County,Munuki,Lucia Didi Nursery School,PRE,0,0,199
Jubek,Juba County,Munuki,Lucia Didi Primary School,Primary,590,0,590
Jubek,Juba County,Munuki,Martyrs Memorial Nursery School,NUR,0,0,0
Jubek,Juba County,Munuki,Martyrs Memorial Primary School,Primary,904,0,904
Jubek,Juba County,Munuki,Mentor Nursery and primary school,Primary,791,0,791
Jubek,Juba County,Munuki,Mentor Nursery School,PRE,0,0,207
Jubek,Juba County,Munuki,Mer-kolong Nursery School,PRE,0,0,226
Jubek,Juba County,Munuki,Mer-kolong Primary,Primary,877,0,877
Jubek,Juba County,Munuki,Merciful Nursery Primary School,Primary,324,0,324
Jubek,Juba County,Munuki,Merciful Nursery School,PRE,0,0,167
Jubek,Juba County,Munuki,Mercy Nursery and Primary School,Primary,495,0,495
Jubek,Juba County,Munuki,Mercy Nursery School,PRE,0,0,172
Jubek,Juba County,Munuki,Mother Care Nursery and Primary School,Primary,0,0,0
Jubek,Juba County,Munuki,Mother Care Nursery School,PRE,0,0,0
Jubek,Juba County,Munuki,Munuki East Basic school,Primary,802,0,802
Jubek,Juba County,Munuki,Munuki East II Primary School,Primary,389,0,389
Jubek,Juba County,Munuki,Munuki Nursery and Primary School,Primary,432,0,432
Jubek,Juba County,Munuki,Munuki Nursery School,PRE,0,0,163
Jubek,Juba County,Munuki,Munuki Pre School,PRE,0,0,286
Jubek,Juba County,Munuki,Nanloni Nursery School,ECD,0,0,250
Jubek,Juba County,Munuki,Nanloni primary,Primary,385,0,385
Jubek,Juba County,Munuki,New Apostolic Church Nursery School,PRE,0,0,209
Jubek,Juba County,Munuki,New Apostolic Secondary School,Secondary,0,308,308
Jubek,Juba County,Munuki,New Appostolic Church School,Primary,649,0,649
Jubek,Juba County,Munuki,New Testament Christian Secondary School,Secondary,0,98,98
Jubek,Juba County,Munuki,New Testament Pre School,PRE,0,0,26
Jubek,Juba County,Munuki,New Testament primary school,Primary,308,0,308
Jubek,Juba County,Munuki,Nyakuron Central Academy Nur and Pri School,Primary,954,0,954
Jubek,Juba County,Munuki,Nyakuron Central Academy Nursery School,PRE,0,0,260
Jubek,Juba County,Munuki,Peace Secondary School,Secondary,0,636,636
Jubek,Juba County,Munuki,Philip New Hope Nursery And Primary School,Primary,282,0,282
Jubek,Juba County,Munuki,Philip New Hope Nursery School,PRE,0,0,154
Jubek,Juba County,Munuki,Pita Nursery And Primary School,Primary,382,0,382
Jubek,Juba County,Munuki,Pita Nursery School,NUR,0,0,155
Jubek,Juba County,Munuki,Rainbow Nursery School,PRE,0,0,243
Jubek,Juba County,Munuki,RAINBOW Primary School,Primary,769,0,769
Jubek,Juba County,Munuki,Rainbow Secondary School,Secondary,0,347,347
Jubek,Juba County,Munuki,Rajaf Diocese Model Nursery School,ECD,0,0,197
Jubek,Juba County,Munuki,Rajaf Diocese Model Primary School,Primary,639,0,639
Jubek,Juba County,Munuki,Rising Star Academy,Primary,0,0,0
Jubek,Juba County,Munuki,Rock City Nursery School,NUR,0,0,179
Jubek,Juba County,Munuki,Rockcity Nursery and Primary School,Primary,533,0,533
Jubek,Juba County,Munuki,Salaam Nursery and primary school,Primary,0,0,0
Jubek,Juba County,Munuki,Seeds of Hope primary school,Primary,0,0,0
Jubek,Juba County,Munuki,Seventh Day Advantist Primary,Primary,607,0,607
Jubek,Juba County,Munuki,Seventh Day Adventist Nursery School,PRE,0,0,232
Jubek,Juba County,Munuki,Shining Star Primary School,Primary,295,0,295
Jubek,Juba County,Munuki,South Powers Nursery And Primary School,Primary,231,0,231
Jubek,Juba County,Munuki,South Powers Nursery School,PRE,0,0,64
Jubek,Juba County,Munuki,St John Paul 11 Day Secondary School,Secondary,0,401,401
Jubek,Juba County,Munuki,St Mark Nursery And Primary School,Primary,0,0,0
Jubek,Juba County,Munuki,St Stephen Nursery School,PRE,0,0,174
Jubek,Juba County,Munuki,St Stephen Primary School,Primary,580,0,580
Jubek,Juba County,Munuki,St. Kizito Nursery School,PRE,0,0,286
Jubek,Juba County,Munuki,ST. KIZITO Primary School,Primary,1193,0,1193
Jubek,Juba County,Munuki,St. Mark Basic School,Primary,0,0,0
Jubek,Juba County,Munuki,St. Mark Nursery school,PRE,0,0,0
Jubek,Juba County,Munuki,St. Mark's Orthodox Nursery School,NUR,0,0,228
Jubek,Juba County,Munuki,St. Mark's Orthodox Primary School,Primary,488,0,488
Jubek,Juba County,Munuki,Star Gudele Nursery School,PRE,0,0,52
Jubek,Juba County,Munuki,Star Light Nursery School,NUR,0,0,81
Jubek,Juba County,Munuki,Star Light primary School,Primary,32,0,32
Jubek,Juba County,Munuki,Super Garden Primary School,Primary,166,0,166
Jubek,Juba County,Munuki,T B Joshua Primary School,Primary,184,0,184
Jubek,Juba County,Munuki,Taqwa Junior Academy Nursery School,NUR,0,0,286
Jubek,Juba County,Munuki,Taqwa Junior Academy Primary School,Primary,51,0,51
Jubek,Juba County,Munuki,Tatama Nursery and Primary School,Primary,550,0,550
Jubek,Juba County,Munuki,Train Up A Child Kindergarten and Pri School,Primary,288,0,288
Jubek,Juba County,Munuki,Trinity Nursery,PRE,0,0,274
Jubek,Juba County,Munuki,Trinity Primary School,Primary,592,0,592
Jubek,Juba County,Munuki,Victorious Nursery School,PRE,0,0,114
Jubek,Juba County,Munuki,Victorious Primary School,Primary,261,0,261
Jubek,Juba County,Munuki,Vision Bearers Academy Nursery School,PRE,0,0,608
Jubek,Juba County,Munuki,Vision Bearers Primary School,Primary,794,0,794
Jubek,Juba County,Munuki,Western Star Pre School,PRE,0,0,188
Jubek,Juba County,Munuki,Western Star Primary School,Primary,474,0,474
Jubek,Juba County,Munuki,Yenet Pre and Basic School,Primary,502,0,502
Jubek,Juba County,Munuki,YMCA (Hai Mauna),Primary,617,0,617
Jubek,Juba County,Munuki,YMCA Hai Mauna Nursery School,PRE,0,0,65
Jubek,Juba County,Northern Bari,Africa Inland Church Nursery School,PRE,0,0,562
Jubek,Juba County,Northern Bari,Africa Inland Church Primary School,Primary,1553,0,1553
Jubek,Juba County,Northern Bari,Aggrey Memorial Nursery,PRE,0,0,0
Jubek,Juba County,Northern Bari,Aggrey Memorial Primary,Primary,0,0,0
Jubek,Juba County,Northern Bari,Alliance Junior Academy Nursery School,NUR,0,0,286
Jubek,Juba County,Northern Bari,Alliance Junior Academy Primary School,Primary,572,0,572
Jubek,Juba County,Northern Bari,Alpha Nursery And Primary School,Primary,635,0,635
Jubek,Juba County,Northern Bari,Alpha Nursery School,NUR,0,0,431
Jubek,Juba County,Northern Bari,Angel Pride Academy Secondary School,Secondary,0,477,477
Jubek,Juba County,Northern Bari,Angels academy Primary School,Primary,311,0,311
Jubek,Juba County,Northern Bari,Baraka Central Nursery School,NUR,0,0,203
Jubek,Juba County,Northern Bari,Baraka Central Primary School,Primary,306,0,306
Jubek,Juba County,Northern Bari,Blessed Children Nursery School,PRE,0,0,204
Jubek,Juba County,Northern Bari,Blessed Children Primary School,Primary,367,0,367
Jubek,Juba County,Northern Bari,Bori Basic School,Primary,753,0,753
Jubek,Juba County,Northern Bari,Bright Hope Nursery School,NUR,0,0,118
Jubek,Juba County,Northern Bari,Bright Hope Primary School,Primary,165,0,165
Jubek,Juba County,Northern Bari,Bright Mind Nusery school,PRE,0,0,180
Jubek,Juba County,Northern Bari,Bright Minds Nursery and Primary School,Primary,290,0,290
Jubek,Juba County,Northern Bari,Chrisco Nursery School,NUR,0,0,340
Jubek,Juba County,Northern Bari,Chrisco Primary School,Primary,603,0,603
Jubek,Juba County,Northern Bari,City Campus Secondary School,Secondary,0,264,264
Jubek,Juba County,Northern Bari,City Dove Nursery School,NUR,0,0,343
Jubek,Juba County,Northern Bari,City Dove Primary School,Primary,545,0,545
Jubek,Juba County,Northern Bari,Comprehensive Primary School,Primary,476,0,476
Jubek,Juba County,Northern Bari,Dr John Garang Bilpham,PRE,0,0,72
Jubek,Juba County,Northern Bari,Dr. John Garang Bilpham Primary School,Primary,1263,0,1263
Jubek,Juba County,Northern Bari,Elite Kindergarden School,NUR,0,0,141
Jubek,Juba County,Northern Bari,Elite Primary School,Primary,406,0,406
Jubek,Juba County,Northern Bari,Eloi Nursery School,PRE,0,0,379
Jubek,Juba County,Northern Bari,Eloi Primary School,Primary,835,0,835
Jubek,Juba County,Northern Bari,Faith and Hope Nursery School,PRE,0,0,130
Jubek,Juba County,Northern Bari,Faith and Hope Primary School,Primary,445,0,445
Jubek,Juba County,Northern Bari,Francis Pitia Nursery School,PRE,0,0,137
Jubek,Juba County,Northern Bari,Francis Pitia Primary School,Primary,388,0,388
Jubek,Juba County,Northern Bari,Future Nursery School,NUR,0,0,26
Jubek,Juba County,Northern Bari,Future Primary School,Primary,91,0,91
Jubek,Juba County,Northern Bari,Global Nursery School,PRE,0,0,234
Jubek,Juba County,Northern Bari,Global Primary School,Primary,718,0,718
Jubek,Juba County,Northern Bari,Golden Star Nursery School,PRE,0,0,124
Jubek,Juba County,Northern Bari,Golden Star Primary School,Primary,302,0,302
Jubek,Juba County,Northern Bari,Goroyo Nursery And Primary School,Primary,690,0,690
Jubek,Juba County,Northern Bari,Goroyo Nursery School,NUR,0,0,254
Jubek,Juba County,Northern Bari,Grace Integrated Nursery School,NUR,0,0,70
Jubek,Juba County,Northern Bari,Grace Integrated Primary School,Primary,39,0,39
Jubek,Juba County,Northern Bari,Green Hill Pivate Pre School,Primary,638,0,638
Jubek,Juba County,Northern Bari,Greenhill Private pre and primary school,Primary,999,0,999
Jubek,Juba County,Northern Bari,Gudele Church and Christ Primary School,Primary,728,0,728
Jubek,Juba County,Northern Bari,Gudele Church of Christ Nursery School,PRE,0,0,337
Jubek,Juba County,Northern Bari,GUDELE WEST Nursey School,PRE,0,0,225
Jubek,Juba County,Northern Bari,GUDELE WEST Primary School,Primary,1499,0,1499
Jubek,Juba County,Northern Bari,Gwerekek Primary School,Primary,489,0,489
Jubek,Juba County,Northern Bari,Holy Family Nursery School,PRE,0,0,212
Jubek,Juba County,Northern Bari,Holy Family Primary School,Primary,746,0,746
Jubek,Juba County,Northern Bari,Holy Innocents Nursery,PRE,0,0,286
Jubek,Juba County,Northern Bari,Holy Inocents Nursery And Primary School,Primary,419,0,419
Jubek,Juba County,Northern Bari,Juba-Prosper International Primary School,Primary,243,0,243
Jubek,Juba County,Northern Bari,Jubek Model Martyrs Secondary School,Secondary,0,721,721
Jubek,Juba County,Northern Bari,Kabo Nursery School,NUR,0,0,73
Jubek,Juba County,Northern Bari,Kabu Basic School,Primary,372,0,372
Jubek,Juba County,Northern Bari,kafuki Primary School,Primary,923,0,923
Jubek,Juba County,Northern Bari,Kapuki Nursery,PRE,0,0,87
Jubek,Juba County,Northern Bari,Kapuri Basic School,Primary,468,0,468
Jubek,Juba County,Northern Bari,Little Angel Nursery School Gudele,ECD,0,0,318
Jubek,Juba County,Northern Bari,Little Angel Primary School Gudele,Primary,163,0,163
Jubek,Juba County,Northern Bari,Livingstone Nursery School,NUR,0,0,263
Jubek,Juba County,Northern Bari,Livingstone Primary School,Primary,283,0,283
Jubek,Juba County,Northern Bari,Lowani Senstize Nursery School,PRE,0,0,177
Jubek,Juba County,Northern Bari,Lowani Senstize Primary School,Primary,340,0,340
Jubek,Juba County,Northern Bari,Luri Rokwe Nursery School,NUR,0,0,107
Jubek,Juba County,Northern Bari,Luri Rokwe Primary School,Primary,516,0,516
Jubek,Juba County,Northern Bari,Mama Awel Kong Primary School,Primary,202,0,202
Jubek,Juba County,Northern Bari,Midset Junior Academy Nursery School,PRE,0,0,236
Jubek,Juba County,Northern Bari,Midset Junor Academy Nur And Primary School,Primary,516,0,516
Jubek,Juba County,Northern Bari,Missionary Jean International Primary School,Primary,338,0,338
Jubek,Juba County,Northern Bari,Missionary Jean Nursery School,NUR,0,0,146
Jubek,Juba County,Northern Bari,Naying Nursery School,PRE,0,0,113
Jubek,Juba County,Northern Bari,Naying primary,Primary,567,0,567
Jubek,Juba County,Northern Bari,New Comfort Nursery School,PRE,0,0,179
Jubek,Juba County,Northern Bari,New Comfort Nursery School,PRE,0,0,0
Jubek,Juba County,Northern Bari,New Comfort Primary School,Primary,388,0,388
Jubek,Juba County,Northern Bari,New Generation Nursery and primary School,Primary,237,0,237
Jubek,Juba County,Northern Bari,New Generation Nursery School,NUR,0,0,118
Jubek,Juba County,Northern Bari,New Rambur Nursery and Primary school,Primary,286,0,286
Jubek,Juba County,Northern Bari,New Zion Nursery And Primary School,Primary,142,0,142
Jubek,Juba County,Northern Bari,Nyamini Primary School,Primary,0,0,0
Jubek,Juba County,Northern Bari,Nyuwa Primary School,Primary,349,0,349
Jubek,Juba County,Northern Bari,Orphanage Straight link Nursery School,PRE,0,0,548
Jubek,Juba County,Northern Bari,Orphanage Straight Link Secondary School,Secondary,0,156,156
Jubek,Juba County,Northern Bari,Orphange Straight Link Primary School,Primary,1710,0,1710
Jubek,Juba County,Northern Bari,Peace Nursery And Primary School,Primary,457,0,457
Jubek,Juba County,Northern Bari,Peace Nursery School,PRE,0,0,285
Jubek,Juba County,Northern Bari,Peiti Basic School,Primary,493,0,493
Jubek,Juba County,Northern Bari,Purene - Pure Nursery School,PRE,0,0,0
Jubek,Juba County,Northern Bari,Redeemer Nursery School,ECD,0,0,149
Jubek,Juba County,Northern Bari,Redeemer Primary School,Primary,399,0,399
Jubek,Juba County,Northern Bari,Royal International Academy Secondary School,Secondary,0,330,330
Jubek,Juba County,Northern Bari,Sacred Heart Nursery Kworijik School,PRE,0,0,127
Jubek,Juba County,Northern Bari,Sacred Heart Primary School (Kworijik Luri),Primary,350,0,350
Jubek,Juba County,Northern Bari,Shining Star Academy Nursery School,NUR,0,0,130
Jubek,Juba County,Northern Bari,St Elizabeth Primary School,Primary,572,0,572
Jubek,Juba County,Northern Bari,St Elizabeth Secondary School,Secondary,0,858,858
Jubek,Juba County,Northern Bari,St Peter Nursery School,PRE,0,0,52
Jubek,Juba County,Northern Bari,St Peter Primary School,Primary,820,0,820
Jubek,Juba County,Northern Bari,St Thomas Secondary School,Secondary,0,936,936
Jubek,Juba County,Northern Bari,St. Elizabeth Nursery School,NUR,0,0,312
Jubek,Juba County,Northern Bari,St. Paul (Gudele) Nursery School,PRE,0,0,227
Jubek,Juba County,Northern Bari,St. Paul (Gudele) Primary School - Gureyi,Primary,755,0,755
Jubek,Juba County,Northern Bari,St. Paul Nursery School,PRE,0,0,199
Jubek,Juba County,Northern Bari,St. Paul Primary School,Primary,775,0,775
Jubek,Juba County,Northern Bari,St. Thomas Nursery and Primary School,Primary,1482,0,1482
Jubek,Juba County,Northern Bari,St. Thomas Nursery School,PRE,0,0,513
Jubek,Juba County,Northern Bari,Standard Nursery School,PRE,0,0,479
Jubek,Juba County,Northern Bari,Standard Primary School,Primary,719,0,719
Jubek,Juba County,Northern Bari,Star Gudele Primary School,Primary,232,0,232
Jubek,Juba County,Northern Bari,Venus Star Academy Nursery School,PRE,0,0,466
Jubek,Juba County,Northern Bari,Venus Star Academy Primary School,Primary,1119,0,1119
Jubek,Juba County,Northern Bari,Victory Nursery School,PRE,0,0,130
Jubek,Juba County,Northern Bari,Victory Primary School,Primary,891,0,891
Jubek,Juba County,Northern Bari,White Way Nursery School,PRE,0,0,101
Jubek,Juba County,Northern Bari,White Way Primary School,Primary,250,0,250
Jubek,Juba County,Rejaf,Blessed Sheperd's Academy Primary school,Primary,447,0,447
Jubek,Juba County,Rejaf,All Saints Primary School,Primary,313,0,313
Jubek,Juba County,Rejaf,Apostle Of Jesus Secondary School,Secondary,0,123,123
Jubek,Juba County,Rejaf,Blessed Shepherd Academy Nursery School,NUR,0,0,223
Jubek,Juba County,Rejaf,Bridge Academy Primary School,Primary,258,0,258
Jubek,Juba County,Rejaf,Bridge Academy Secondary School,Secondary,0,434,434
Jubek,Juba County,Rejaf,Bright Academy Nursery School,NUR,0,0,0
Jubek,Juba County,Rejaf,Brilliant Academy Secondary School,Secondary,0,383,383
Jubek,Juba County,Rejaf,Bro Augusto Memorial College Secondary School,Secondary,0,273,273
Jubek,Juba County,Rejaf,Bro Augusto Memorial Primary School,Primary,426,0,426
Jubek,Juba County,Rejaf,Christ For All Nursery School,NUR,0,0,250
Jubek,Juba County,Rejaf,Christ For All Primary Schol,Primary,278,0,278
Jubek,Juba County,Rejaf,Christian Temple Primary School,Primary,0,0,0
Jubek,Juba County,Rejaf,City View Academy Nursery School,NUR,0,0,208
Jubek,Juba County,Rejaf,City View Academy Primary School,Primary,583,0,583
Jubek,Juba County,Rejaf,Digala Basic School,Primary,0,0,0
Jubek,Juba County,Rejaf,DMI A Primary School,Primary,0,0,0
Jubek,Juba County,Rejaf,Don Bosco Evening Primary School,Primary,748,0,748
Jubek,Juba County,Rejaf,Don Bosco Nursery School,NUR,0,0,286
Jubek,Juba County,Rejaf,Don Bosco Primary School,Primary,950,0,950
Jubek,Juba County,Rejaf,Don Bosco Senior Secondary School,Secondary,0,384,384
Jubek,Juba County,Rejaf,Equity High Secondary School,Secondary,0,572,572
Jubek,Juba County,Rejaf,Exodus Junior Academy Nursery School,PRE,0,0,51
Jubek,Juba County,Rejaf,Exodus Junior Academy Primary School,Primary,171,0,171
Jubek,Juba County,Rejaf,Future Generation Primary School,Primary,0,0,0
Jubek,Juba County,Rejaf,Future Secondary School,Secondary,0,740,740
Jubek,Juba County,Rejaf,Godo Nursery School,NUR,0,0,395
Jubek,Juba County,Rejaf,Godo Primary School,Primary,610,0,610
Jubek,Juba County,Rejaf,Gombo Basic Kindergarden Nursery School,NUR,0,0,48
Jubek,Juba County,Rejaf,Good Shepherd Academy Nursery School,NUR,0,0,179
Jubek,Juba County,Rejaf,Good Shepherd Academy Primary School,Primary,229,0,229
Jubek,Juba County,Rejaf,Good Shepherd Nursry And Primary School,Primary,468,0,468
Jubek,Juba County,Rejaf,Gorom Primary School,Primary,234,0,234
Jubek,Juba County,Rejaf,Green Field Nursery and Primary School,Primary,351,0,351
Jubek,Juba County,Rejaf,Green Field Nursery School,NUR,0,0,246
Jubek,Juba County,Rejaf,Guduge yenet primary school,Primary,71,0,71
Jubek,Juba County,Rejaf,Gumbo 1 Self Help Nursery School,PRE,0,0,391
Jubek,Juba County,Rejaf,Gumbo 111 Basic Nursery School,PRE,0,0,318
Jubek,Juba County,Rejaf,Gumbo Basic School,Primary,775,0,775
Jubek,Juba County,Rejaf,Gumbo Christian Kindergarten Nursery School,PRE,0,0,248
Jubek,Juba County,Rejaf,Gumbo Christian Primary Scool,Primary,422,0,422
Jubek,Juba County,Rejaf,Gumbo I Self Help Primary School,Primary,880,0,880
Jubek,Juba County,Rejaf,Gumbo III Primary School,Primary,1114,0,1114
Jubek,Juba County,Rejaf,Gumbo Top Nursery School,PRE,0,0,156
Jubek,Juba County,Rejaf,Gumbo Top Primary School,Primary,234,0,234
Jubek,Juba County,Rejaf,Hope Primary School,Primary,2984,0,2984
Jubek,Juba County,Rejaf,Hope Secondary School,Secondary,0,364,364
Jubek,Juba County,Rejaf,Hosanna Nursery School,PRE,0,0,197
Jubek,Juba County,Rejaf,Hosanna Primary School,Primary,464,0,464
Jubek,Juba County,Rejaf,Interethnic Primary School,Primary,869,0,869
Jubek,Juba County,Rejaf,Juba Junoir International Nursery School,PRE,0,0,141
Jubek,Juba County,Rejaf,Juba Junoir International Primary School,Primary,768,0,768
Jubek,Juba County,Rejaf,Kings Academy Nursery School,PRE,0,0,215
Jubek,Juba County,Rejaf,Kings Academy Primary School,Primary,507,0,507
Jubek,Juba County,Rejaf,Kondial Primary School,Primary,0,0,0
Jubek,Juba County,Rejaf,Liech Primary School,Primary,735,0,735
Jubek,Juba County,Rejaf,Light The Nation Academy Nursery School,NUR,0,0,179
Jubek,Juba County,Rejaf,Light The Nation Academy Primary School,Primary,276,0,276
Jubek,Juba County,Rejaf,Lolugu Little Angel Nursery School,PRE,0,0,64
Jubek,Juba County,Rejaf,Lolugu Little Angel Primary School,Primary,388,0,388
Jubek,Juba County,Rejaf,Mal Nursery School,NUR,0,0,1144
Jubek,Juba County,Rejaf,Mal Primary School,Primary,1400,0,1400
Jubek,Juba County,Rejaf,Mammy's Care Nursery School,PRE,0,0,79
Jubek,Juba County,Rejaf,Mammy's Care Primary School,Primary,327,0,327
Jubek,Juba County,Rejaf,Mat Secondary School,Secondary,0,850,850
Jubek,Juba County,Rejaf,Naath Adult Education School,ALP,0,0,827
Jubek,Juba County,Rejaf,Neen Basic Primary School,Primary,123,0,123
Jubek,Juba County,Rejaf,Neen Secondary School,Secondary,0,130,130
Jubek,Juba County,Rejaf,Promised Land Secondary School,Secondary,0,391,391
Jubek,Juba County,Rejaf,Queen Nursery School,NUR,0,0,175
Jubek,Juba County,Rejaf,Queen Primary School,Primary,192,0,192
Jubek,Juba County,Rejaf,Rajaf West Nursery,PRE,0,0,177
Jubek,Juba County,Rejaf,Rejaf West B primary,Primary,395,0,395
Jubek,Juba County,Rejaf,Rock View Kindergarten Nursery School,NUR,0,0,260
Jubek,Juba County,Rejaf,Rockview Primary School,Primary,507,0,507
Jubek,Juba County,Rejaf,Salaam Nursery School,ECD,0,0,139
Jubek,Juba County,Rejaf,Salaam Primary School,Primary,342,0,342
Jubek,Juba County,Rejaf,Salaam Secondary School,Secondary,0,209,209
Jubek,Juba County,Rejaf,Samuel Rejaf Primary School,Primary,0,0,0
Jubek,Juba County,Rejaf,Shinning Star Basic School,Primary,809,0,809
Jubek,Juba County,Rejaf,Somba Basic School,Primary,219,0,219
Jubek,Juba County,Rejaf,Somba Nursery School,PRE,0,0,0
Jubek,Juba County,Rejaf,St Andrea Primary School,Primary,465,0,465
Jubek,Juba County,Rejaf,St Lawrence Minor Seminary Secondary School,Secondary,0,95,95
Jubek,Juba County,Rejaf,St Peter Nursery and Primary School,Primary,886,0,886
Jubek,Juba County,Rejaf,St Peter Nursery School,PRE,0,0,190
Jubek,Juba County,Rejaf,St Vincent De Paul Primary School,Primary,818,0,818
Jubek,Juba County,Rejaf,St. Elizabeth Nursery and Primary School,Primary,201,0,201
Jubek,Juba County,Rejaf,St. Vincent De Paul Nursery School- Lologo,PRE,0,0,256
Jubek,Juba County,Rejaf,St. Vincent De-Paul Primary School,Primary,964,0,964
Jubek,Juba County,Rejaf,St.Elizabeth Nursery School,PRE,0,0,102
Jubek,Juba County,Rejaf,Standard Nursery School,PRE,0,0,242
Jubek,Juba County,Rejaf,Standard Primary School,Primary,650,0,650
Jubek,Juba County,Rejaf,Sunrise Model Nursery School,NUR,0,0,100
Jubek,Juba County,Rejaf,Sunrise Model Primary School,Primary,72,0,72
Jubek,Juba County,Rejaf,Tokiman Nursery School,PRE,0,0,130
Jubek,Juba County,Rejaf,TOKIMAN Primary School,Primary,912,0,912
Jubek,Juba County,Rejaf,United Primary School,Primary,1326,0,1326
Jubek,Juba County,Rejaf,Y- Lank Nursery School,PRE,0,0,326
Jubek,Juba County,Rejaf,Y- Lank Primary School,Primary,740,0,740
Jubek,Juba County,Rokon,Mirikio Primary School,Primary,248,0,248
Jubek,Juba County,Rokon,Pirisa Primary School,Primary,0,0,0
Jubek,Juba County,Rokon,Rokon Camp Primary School,Primary,378,0,378
Jubek,Juba County,Rokon,St. Joseph primary,Primary,150,0,150
Jubek,Juba County,Rokon,St. Peter Apostle Primary School,Primary,546,0,546
Jubek,Juba County,Rokon,Toko kotul primary,Primary,0,0,0
Jubek,Juba County,Tijor,Gurolotogu Primary School,Primary,1035,0,1035
Jubek,Juba County,Tijor,Liggi Primary School,Primary,0,0,0
Jubek,Juba County,Tijor,Tijor Primary School,Primary,1430,0,1430
Jubek,Juba County,Wonduruba,Dokuni Primary School,Primary,0,0,0
Jubek,Juba County,Wonduruba,katigiri Primary School,Primary,0,0,0
Jubek,Juba County,Wonduruba,kwini Primary School,Primary,0,0,0
Jubek,Juba County,Wonduruba,Logwerele Primary School,Primary,0,0,0
Jubek,Juba County,Wonduruba,Mankaru Primary School,Primary,0,0,0
Jubek,Juba County,Wonduruba,Mengeele Primary School,Primary,0,0,0
Jubek,Juba County,Wonduruba,Moje Primary School,Primary,0,0,0
Jubek,Juba County,Wonduruba,Wonduruba Primary School,Primary,0,0,0
Latjoor,Longuchuk County,Dajo,Dajo Primary School,Primary,0,0,0
Latjoor,Longuchuk County,Guelguk,Chotbora Basic school,Primary,336,0,336
Latjoor,Longuchuk County,Guelguk,ChotYiel Primary,Primary,0,0,0
Latjoor,Longuchuk County,Guelguk,GuelGuk Primary,Primary,0,0,0
Latjoor,Longuchuk County,Longechuk One,BanyJiel Primary School,Primary,125,0,125
Latjoor,Longuchuk County,Longechuk One,Hat Primary,Primary,0,0,0
Latjoor,Longuchuk County,Longechuk One,Jangok Primary School,Primary,287,0,287
Latjoor,Longuchuk County,Longechuk One,Kuembor Primary School,Primary,364,0,364
Latjoor,Longuchuk County,Longechuk One,Logili Nursery School,PRE,0,0,0
Latjoor,Longuchuk County,Longechuk One,Mathiang Basic school,Primary,663,0,663
Latjoor,Longuchuk County,Longechuk One,New Building Junior School,Primary,0,0,0
Latjoor,Longuchuk County,Longechuk One,Warweng Primary School,Primary,208,0,208
Latjoor,Longuchuk County,Malual,Malow Primary School,Primary,458,0,458
Latjoor,Longuchuk County,Malual,Malual primary,Primary,0,0,0
Latjoor,Longuchuk County,Pamach,Belwang Primary School,Primary,306,0,306
Latjoor,Longuchuk County,Pamach,Mabor Primary,Primary,0,0,0
Latjoor,Longuchuk County,Pamach,Pamach Basic school,Primary,300,0,300
Latjoor,Longuchuk County,Udier,Gambella Primary,Primary,0,0,0
Latjoor,Longuchuk County,Udier,Udier Primary School,Primary,881,0,881
Latjoor,Longuchuk County,Udier,Wichluak Primary School,Primary,286,0,286
Latjoor,Maiwut County,Jekow,Jekow Primary School,Primary,0,0,0
Latjoor,Maiwut County,Jekow,Jerusalem Primary School,Primary,0,0,0
Latjoor,Maiwut County,Jekow,Lolnyang Primary Aschool,Primary,0,0,0
Latjoor,Maiwut County,Jekow,Naktong primary,Primary,0,0,0
Latjoor,Maiwut County,Jekow,Nyatok Primary School,Primary,0,0,0
Latjoor,Maiwut County,Jekow,Nyuarweng primary,Primary,0,0,0
Latjoor,Maiwut County,Jotome,Jotome primary,Primary,0,0,0
Latjoor,Maiwut County,Jotome,Komchuk Primary School,Primary,0,0,0
Latjoor,Maiwut County,Jotome,Nyangore Primary School,Primary,0,0,0
Latjoor,Maiwut County,Jotome,Ping Pil Primary School,Primary,0,0,0
Latjoor,Maiwut County,Jotome,PonyJal Primary,Primary,0,0,0
Latjoor,Maiwut County,Jotome,Wun ngong Primary,Primary,0,0,0
Latjoor,Maiwut County,Jotome,Wunkir Primary School,Primary,0,0,0
Latjoor,Maiwut County,Kigile,Katen Primary School,Primary,0,0,0
Latjoor,Maiwut County,Kigile,Kigile Primary School,Primary,0,0,0
Latjoor,Maiwut County,Kigile,Maiwut two Primary,Primary,249,0,249
Latjoor,Maiwut County,Kigile,Wadissa Primary School,Primary,0,0,0
Latjoor,Maiwut County,Maiwut,Gainen Primary School,Primary,970,0,970
Latjoor,Maiwut County,Maiwut,Kulong Primary School,Primary,494,0,494
Latjoor,Maiwut County,Maiwut,Maiwut Complex Secondary,Secondary,0,0,0
Latjoor,Maiwut County,Maiwut,Meth Primary School.,Primary,0,0,0
Latjoor,Maiwut County,Maiwut,Rokonye primary,Primary,806,0,806
Latjoor,Maiwut County,Maiwut,Turuw Primary School,Primary,816,0,816
Latjoor,Maiwut County,Maiwut,Zarzar primary,Primary,0,0,0
Latjoor,Maiwut County,Pagak,Pagak Primary School,Primary,0,0,0
Latjoor,Maiwut County,Pagak,Pinythor primary,Primary,579,0,579
Latjoor,Maiwut County,Pagak,Tuor Primary,Primary,0,0,0
Latjoor,Maiwut County,Pagak,Waystation Primary,Primary,0,0,0
Latjoor,Maiwut County,uleng,Dawan Primary School,Primary,0,0,0
Latjoor,Maiwut County,uleng,Koat kel Primary School,Primary,0,0,0
Latjoor,Maiwut County,uleng,Langkey primary,Primary,0,0,0
Latjoor,Maiwut County,uleng,Malek Primary School,Primary,0,0,0
Latjoor,Maiwut County,uleng,Tang Primary School,Primary,0,0,0
Latjoor,Maiwut County,uleng,Uleng primary,Primary,0,0,0
Latjoor,Maiwut County,uleng,Wunhol Primary School,Primary,0,0,0
Latjoor,Nasir County,Dingkaar,Dhalap Primary,Primary,0,0,0
Latjoor,Nasir County,Dingkaar,DingKar Primary School,Primary,0,0,0
Latjoor,Nasir County,Dingkaar,Lualeyak Primary School,Primary,0,0,0
Latjoor,Nasir County,Dingkaar,mary two Primary,Primary,0,0,0
Latjoor,Nasir County,Dingkaar,Nayar primary,Primary,0,0,0
Latjoor,Nasir County,Jingmir,Ketbek Primary School.,Primary,0,0,0
Latjoor,Nasir County,Jingmir,Nyariew I Primary School,Primary,286,0,286
Latjoor,Nasir County,Jingmir,Nyariew II Primary School,Primary,286,0,286
Latjoor,Nasir County,Jingmir,Pandanyang Primary School,Primary,0,0,0
Latjoor,Nasir County,Jingmir,Stephen Duol Primary School,Primary,564,0,564
Latjoor,Nasir County,Jingmir,Torpuot Primary School,Primary,387,0,387
Latjoor,Nasir County,Kiech Koun,Dichin Primary School,Primary,0,0,0
Latjoor,Nasir County,Kiech Koun,Guenom Primary School,Primary,0,0,0
Latjoor,Nasir County,Kiech Koun,Kiech II Primary School,Primary,0,0,0
Latjoor,Nasir County,Kiech Koun,Kiech Kuon I Primary School,Primary,287,0,287
Latjoor,Nasir County,Kiech Koun,Linylok Primary,Primary,0,0,0
Latjoor,Nasir County,Kiech Koun,Pier Jack primary,Primary,0,0,0
Latjoor,Nasir County,Kiech Koun,Wernyin primary,Primary,0,0,0
Latjoor,Nasir County,Kiech Koun,Yiech primary,Primary,0,0,0
Latjoor,Nasir County,Kuetrenke,Kuerenge Primary School,Primary,293,0,293
Latjoor,Nasir County,Kuetrenke,Mandeng Primary School,Primary,1123,0,1123
Latjoor,Nasir County,Kuetrenke,Nordeng Primary School,Primary,272,0,272
Latjoor,Nasir County,Kuetrenke,Nyakang Primary,Primary,312,0,312
Latjoor,Nasir County,Kuetrenke,Torkech Primary School,Primary,568,0,568
Latjoor,Nasir County,Kuetrenke,Wakrial primary,Primary,234,0,234
Latjoor,Nasir County,Kuetrenke,Wichbuoni Primary School,Primary,240,0,240
Latjoor,Nasir County,Mading,Bijalok Primary School,Primary,156,0,156
Latjoor,Nasir County,Mading,Buol Primary,Primary,0,0,0
Latjoor,Nasir County,Mading,Gurube Nursery School,PRE,0,0,0
Latjoor,Nasir County,Mading,Kuach Nyanga Primary School,Primary,0,0,0
Latjoor,Nasir County,Mading,Mabor Primary School,Primary,0,0,0
Latjoor,Nasir County,Mading,Mading Primary School,Primary,573,0,573
Latjoor,Nasir County,Mading,WechNyoot Primary School,Primary,331,0,331
Latjoor,Nasir County,Maker,Gurnyang Primary School,Primary,0,0,0
Latjoor,Nasir County,Maker,Maker Primary School,Primary,288,0,288
Latjoor,Nasir County,Maker,Nyarenge Primary School,Primary,0,0,0
Latjoor,Nasir County,Maker,Tip Primary School,Primary,340,0,340
Latjoor,Nasir County,Nasir,Chan Chow Primary School,Primary,317,0,317
Latjoor,Nasir County,Nasir,Dhuoridieng primary,Primary,299,0,299
Latjoor,Nasir County,Nasir,Guenye Primary School,Primary,0,0,0
Latjoor,Nasir County,Nasir,Gum Primary School,Primary,0,0,0
Latjoor,Nasir County,Nasir,Kier Primary School,Primary,0,0,0
Latjoor,Nasir County,Nasir,Kierwan Primary School,Primary,478,0,478
Latjoor,Nasir County,Nasir,Kopuot Primary School,Primary,0,0,0
Latjoor,Nasir County,Nasir,LatJor Primary,Primary,230,0,230
Latjoor,Nasir County,Nasir,Makpandu 1 ALP Centre,ALP,0,0,0
Latjoor,Nasir County,Nasir,Nasir complex secondary,Secondary,0,0,0
Latjoor,Nasir County,Nasir,Nasir west Primary School,Primary,0,0,0
Latjoor,Nasir County,Nasir,Ngueny Primary School,Primary,368,0,368
Latjoor,Nasir County,Nasir,Omkhor Primary School,Primary,293,0,293
Latjoor,Nasir County,Nasir,Rokrok Primary School,Primary,245,0,245
Latjoor,Nasir County,Nasir,Timothy Girl Primary School,Primary,0,0,0
Latjoor,Nasir County,Nasir,Waat Primary School,Primary,279,0,279
Latjoor,Nasir County,Nasir,Wanding Primary School,Primary,118,0,118
Latjoor,Nasir County,Nasir,Wandow Primary,Primary,0,0,0
Latjoor,Nasir County,Nasir,Wathwar Primary School,Primary,0,0,0
Latjoor,Nasir County,Nasir,Wec-Chol,Primary,0,0,0
Latjoor,Nasir County,Nasir,Wechdeng Primary School.,Primary,220,0,220
Latjoor,Nasir County,Roam,Dong Primary School,Primary,0,0,0
Latjoor,Nasir County,Roam,Gachreng Primary School,Primary,293,0,293
Latjoor,Nasir County,Roam,GuirngutongPrimary School,Primary,0,0,0
Latjoor,Nasir County,Roam,Luakping Primary School,Primary,0,0,0
Latjoor,Nasir County,Roam,Luang-Wien,Primary,0,0,0
Latjoor,Nasir County,Roam,Lueth Primary School,Primary,286,0,286
Latjoor,Nasir County,Roam,Roam Primary School,Primary,0,0,0
Latjoor,Nasir County,Roam,Thokjok Primary School,Primary,0,0,0
Latjoor,Nasir County,Roam,Wath Primary School,Primary,0,0,0
Latjoor,Nasir County,Roam,Wechkuach Primary School,Primary,382,0,382
Latjoor,Ulang County,Doma,Buong Primary,Primary,288,0,288
Latjoor,Ulang County,Doma,Dienyding Primary,Primary,0,0,0
Latjoor,Ulang County,Doma,Doma ALP Center,ALP,0,0,0
Latjoor,Ulang County,Doma,Doma Pre School,PRE,0,0,287
Latjoor,Ulang County,Doma,Doma Primary School,Primary,918,0,918
Latjoor,Ulang County,Doma,Duk Primary School,Primary,574,0,574
Latjoor,Ulang County,Doma,Kuany Lual Thor Primary School,Primary,0,0,0
Latjoor,Ulang County,Doma,Nyathor Primary School,Primary,574,0,574
Latjoor,Ulang County,Doma,Nyayin Primary,Primary,0,0,0
Latjoor,Ulang County,Doma,Parial Primary School,Primary,0,0,0
Latjoor,Ulang County,Doma,Riang Primary,Primary,575,0,575
Latjoor,Ulang County,Doma,WechTeng Primary,Primary,0,0,0
Latjoor,Ulang County,Kurmuot,Dual Nyol primary,Primary,0,0,0
Latjoor,Ulang County,Kurmuot,Tolar Primary School,Primary,364,0,364
Latjoor,Ulang County,Kurmuot,Wech Koary Primary School,Primary,189,0,189
Latjoor,Ulang County,Ulang,Barmarch Primary School,Primary,1146,0,1146
Latjoor,Ulang County,Ulang,Biel Primary,Primary,399,0,399
Latjoor,Ulang County,Ulang,Bukteng Primary School,Primary,286,0,286
Latjoor,Ulang County,Ulang,Bul-buong Primary Shool,Primary,130,0,130
Latjoor,Ulang County,Ulang,Bulbuong Primary,Primary,0,0,0
Latjoor,Ulang County,Ulang,Chuok Primary School,Primary,80,0,80
Latjoor,Ulang County,Ulang,Dual Dap Primary,Primary,0,0,0
Latjoor,Ulang County,Ulang,Dura Primary School,Primary,0,0,0
Latjoor,Ulang County,Ulang,Goweng Primary,Primary,1286,0,1286
Latjoor,Ulang County,Ulang,Guol Primary,Primary,0,0,0
Latjoor,Ulang County,Ulang,Gurwal primary,Primary,0,0,0
Latjoor,Ulang County,Ulang,Hart primary,Primary,0,0,0
Latjoor,Ulang County,Ulang,Joke primary,Primary,0,0,0
Latjoor,Ulang County,Ulang,Kachnyuot Primary School,Primary,390,0,390
Latjoor,Ulang County,Ulang,Kalita Primary,Primary,0,0,0
Latjoor,Ulang County,Ulang,Keach Primary School,Primary,0,0,0
Latjoor,Ulang County,Ulang,Kerchoat Primary,Primary,1146,0,1146
Latjoor,Ulang County,Ulang,Koat Primary,Primary,0,0,0
Latjoor,Ulang County,Ulang,Kopout Nursery School,NUR,0,0,205
Latjoor,Ulang County,Ulang,Kopuot Primary,Primary,877,0,877
Latjoor,Ulang County,Ulang,Kouch Primary School,Primary,356,0,356
Latjoor,Ulang County,Ulang,Kuich Primary School,Primary,0,0,0
Latjoor,Ulang County,Ulang,Luel Primary School,Primary,572,0,572
Latjoor,Ulang County,Ulang,Mabek Primary School,Primary,0,0,0
Latjoor,Ulang County,Ulang,Majiok Primary School,Primary,0,0,0
Latjoor,Ulang County,Ulang,Manchom Primary School,Primary,521,0,521
Latjoor,Ulang County,Ulang,Nor Primary,Primary,288,0,288
Latjoor,Ulang County,Ulang,Nyangore ECD School,ECD,0,0,130
Latjoor,Ulang County,Ulang,Nyangore Primary,Primary,1194,0,1194
Latjoor,Ulang County,Ulang,Nyarkueth Primary School,Primary,615,0,615
Latjoor,Ulang County,Ulang,Pachey Primary School,Primary,132,0,132
Latjoor,Ulang County,Ulang,Ruoboard ALP Centre,ALP,0,0,286
Latjoor,Ulang County,Ulang,Rupbuot Primary School,Primary,875,0,875
Latjoor,Ulang County,Ulang,Rupkeem Primary School,Primary,286,0,286
Latjoor,Ulang County,Ulang,Ruplet Primary,Primary,577,0,577
Latjoor,Ulang County,Ulang,Thoar Primary,Primary,287,0,287
Latjoor,Ulang County,Ulang,Thulup Primary School,Primary,783,0,783
Latjoor,Ulang County,Ulang,Toalory Primary,Primary,300,0,300
Latjoor,Ulang County,Ulang,Ulang ALP Centre,ALP,0,0,112
Latjoor,Ulang County,Ulang,Ulang Secondary School,Secondary,0,45,45
Latjoor,Ulang County,Ulang,Wagga Primary School,Primary,302,0,302
Latjoor,Ulang County,Ulang,Wech Nyang Primary School,Primary,552,0,552
Latjoor,Ulang County,Ulang,Wechan Primary School,Primary,286,0,286
Latjoor,Ulang County,Ulang,Wechlita Primary,Primary,575,0,575
Latjoor,Ulang County,Ulang,Wontieth Primary School,Primary,217,0,217
Latjoor,Ulang County,Ulang,Wunkuel Primary School,Primary,0,0,0
Latjoor,Ulang County,Ulang,Wunpiew Primary School,Primary,217,0,217
Latjoor,Ulang County,Ulang,Ying Primary,Primary,704,0,704
Latjoor,Ulang County,Ulang,Yiol Kuot Primary School,Primary,861,0,861
Latjoor,Ulang County,Yomding,BimBim Primary,Primary,915,0,915
Latjoor,Ulang County,Yomding,Duka primary,Primary,0,0,0
Latjoor,Ulang County,Yomding,Marial Primary,Primary,1480,0,1480
Latjoor,Ulang County,Yomding,Pabor Primary,Primary,293,0,293
Latjoor,Ulang County,Yomding,Torkiel Primary School,Primary,849,0,849
Latjoor,Ulang County,Yomding,Tuor Gang Primary School,Primary,552,0,552
Latjoor,Ulang County,Yomding,Waga Primary School,Primary,0,0,0
Latjoor,Ulang County,Yomding,Wathjack Primary School,Primary,626,0,626
Latjoor,Ulang County,Yomding,Wech Tut Primary,Primary,0,0,0
Latjoor,Ulang County,Yomding,Wech-Thony Primary School,Primary,0,0,0
Latjoor,Ulang County,Yomding,Yomding ALP Centre,ALP,0,0,0
Latjoor,Ulang County,Yomding,Yomding Primary School,Primary,1668,0,1668
Northern Liech,Guit County,Guit,Bol Buop Primary School,Primary,0,0,0
Northern Liech,Guit County,Guit,Burping Primary,Primary,0,0,0
Northern Liech,Guit County,Guit,Guit Primary,Primary,676,0,676
Northern Liech,Guit County,Guit,Nying Primary School,Primary,182,0,182
Northern Liech,Guit County,Guit,Pageng Primary School,Primary,260,0,260
Northern Liech,Guit County,Kedat,Dhorreng Primary School,Primary,130,0,130
Northern Liech,Guit County,Kedat,Duar Primary,Primary,0,0,0
Northern Liech,Guit County,Kedat,Kuanyrow Primary School,Primary,286,0,286
Northern Liech,Guit County,Kedat,Kuerchuor Primary School.,Primary,286,0,286
Northern Liech,Guit County,Kedat,Kuerguine Primary,Primary,203,0,203
Northern Liech,Guit County,Kedat,Lutjop Primary,Primary,338,0,338
Northern Liech,Guit County,Kedat,Wichruop Primary School,Primary,156,0,156
Northern Liech,Guit County,Kuach,Gawjal Primary,Primary,0,0,0
Northern Liech,Guit County,Kuach,Guit Secondary,Secondary,0,0,0
Northern Liech,Guit County,Kuach,Guiy Primary School,Primary,0,0,0
Northern Liech,Guit County,Kuach,Kuac Primary School,Primary,182,0,182
Northern Liech,Guit County,Kuach,Kuach Primary School,Primary,130,0,130
Northern Liech,Guit County,Kuach,Tharkuer Primary,Primary,78,0,78
Northern Liech,Guit County,Kuach,Toikom Primary School,Primary,0,0,0
Northern Liech,Guit County,Niemni,Kuergeng Primary School.,Primary,832,0,832
Northern Liech,Guit County,Niemni,Moumkuan Primary School,Primary,0,0,0
Northern Liech,Guit County,Nyathor,Kuerthoah Primary School,Primary,0,0,0
Northern Liech,Guit County,Nyathor,Nyathoar Primary School.,Primary,109,0,109
Northern Liech,Guit County,Nyathor,Tuak Primary,Primary,0,0,0
Northern Liech,Guit County,Nyathor,Wadul Primary School,Primary,0,0,0
Northern Liech,Guit County,Wathnyona,Burbur Primary,Primary,234,0,234
Northern Liech,Guit County,Wathnyona,Heap Primary School,Primary,0,0,0
Northern Liech,Guit County,Wathnyona,Manga Primary School,Primary,0,0,0
Northern Liech,Guit County,Wathnyona,Nyelcier Primary,Primary,0,0,0
Northern Liech,Guit County,Wathnyona,Padhuony Primary School,Primary,182,0,182
Northern Liech,Guit County,Wathnyona,Thorgou Primary School,Primary,0,0,0
Northern Liech,Guit County,Wathnyona,Wathnyuon Primary School,Primary,546,0,546
Northern Liech,Koch County,Boaw,Bieth Primary School,Primary,133,0,133
Northern Liech,Koch County,Boaw,Boaw Primary,Primary,405,0,405
Northern Liech,Koch County,Boaw,Boaw Two Primary,Primary,0,0,0
Northern Liech,Koch County,Boaw,Koach Koack Primary School,Primary,335,0,335
Northern Liech,Koch County,Boaw,Latkagoy Primary School,Primary,286,0,286
Northern Liech,Koch County,Boaw,Loang Primary,Primary,104,0,104
Northern Liech,Koch County,Boaw,Marial Primary School,Primary,0,0,0
Northern Liech,Koch County,Boaw,Teah Primary School,Primary,363,0,363
Northern Liech,Koch County,Gany,Bang Primary School,Primary,286,0,286
Northern Liech,Koch County,Gany,Gangleat Primary School,Primary,0,0,0
Northern Liech,Koch County,Gany,Gany Primary School,Primary,442,0,442
Northern Liech,Koch County,Gany,Gor Primary School,Primary,130,0,130
Northern Liech,Koch County,Gany,Guar Primary,Primary,0,0,0
Northern Liech,Koch County,Gany,Koat Primary,Primary,253,0,253
Northern Liech,Koch County,Gany,Kuey Primary School,Primary,0,0,0
Northern Liech,Koch County,Gany,Kuit Primary School,Primary,0,0,0
Northern Liech,Koch County,Gany,Leah,Primary,0,0,0
Northern Liech,Koch County,Gany,Wangeehot Primary School,Primary,0,0,0
Northern Liech,Koch County,Jaak,Bhol Primary School,Primary,526,0,526
Northern Liech,Koch County,Jaak,Guk Primary School,Primary,229,0,229
Northern Liech,Koch County,Jaak,Guol Primary School,Primary,128,0,128
Northern Liech,Koch County,Jaak,Jaah Primary School,Primary,0,0,0
Northern Liech,Koch County,Jaak,Liech Secondary School,Secondary,0,404,404
Northern Liech,Koch County,Jaak,Norbor Primary School,Primary,348,0,348
Northern Liech,Koch County,Jaak,Tharjiah Primary School,Primary,400,0,400
Northern Liech,Koch County,Jaak,Tongadol Primary School,Primary,665,0,665
Northern Liech,Koch County,Jaak,Tongodol Primary School,Primary,366,0,366
Northern Liech,Koch County,Kuachlual,Gab Primary School,Primary,376,0,376
Northern Liech,Koch County,Kuachlual,Koch Girl Primary School,Primary,1286,0,1286
Northern Liech,Koch County,Kuachlual,Koch pre primary school,Primary,114,0,114
Northern Liech,Koch County,Kuachlual,Koch Primary School,Primary,1096,0,1096
Northern Liech,Koch County,Kuachlual,Kuachlual Primary School,Primary,1012,0,1012
Northern Liech,Koch County,Kuachlual,Lich Secondary School,Secondary,0,0,0
Northern Liech,Koch County,Kuachlual,Mirmir Primary School,Primary,214,0,214
Northern Liech,Koch County,Ngony,Bieh Primary School,Primary,381,0,381
Northern Liech,Koch County,Ngony,Buok Primary School,Primary,152,0,152
Northern Liech,Koch County,Ngony,Guar Primary School,Primary,208,0,208
Northern Liech,Koch County,Ngony,Kuler Primary,Primary,156,0,156
Northern Liech,Koch County,Ngony,Ngony Primary School,Primary,430,0,430
Northern Liech,Koch County,Ngony,Phatit Primary School,Primary,286,0,286
Northern Liech,Koch County,Ngony,Zharbor Primary School,Primary,382,0,382
Northern Liech,Koch County,Ngony,Zhornor Primary School,Primary,0,0,0
Northern Liech,Koch County,Norbor,Gap Primary School,Primary,327,0,327
Northern Liech,Koch County,Norbor,Jaak Primary,Primary,312,0,312
Northern Liech,Koch County,Packur,Bouth 2 Primary,Primary,0,0,0
Northern Liech,Koch County,Packur,Nyalok Primary School,Primary,0,0,0
Northern Liech,Koch County,Packur,Pakur Primary School,Primary,416,0,416
Northern Liech,Koch County,Packur,Thon Primary,Primary,0,0,0
Northern Liech,Mayom County,Bieh,Bieh ALP Centre,ALP,0,0,573
Northern Liech,Mayom County,Bieh,Biel Kuac Primary,Primary,1004,0,1004
Northern Liech,Mayom County,Bieh,Jiech Muk Primary School,Primary,534,0,534
Northern Liech,Mayom County,Bieh,Jieth Primary School,Primary,0,0,0
Northern Liech,Mayom County,Bieh,Man Dak Primary School,Primary,634,0,634
Northern Liech,Mayom County,Bieh,Norgal Primary School,Primary,615,0,615
Northern Liech,Mayom County,Bieh,Tocloka ALP,ALP,0,0,598
Northern Liech,Mayom County,Bieh,Tongtuot Primary School,Primary,0,0,0
Northern Liech,Mayom County,Bieh,Tuocloka Primary,Primary,1145,0,1145
Northern Liech,Mayom County,Bieh,Tuongtuol Primary School,Primary,1101,0,1101
Northern Liech,Mayom County,Kuerbone,Bidiet Primary School,Primary,572,0,572
Northern Liech,Mayom County,Kuerbone,Cholgeah Primary School,Primary,652,0,652
Northern Liech,Mayom County,Kuerbone,Chot Jiok Primary School,Primary,572,0,572
Northern Liech,Mayom County,Kuerbone,Christ the King ALP Centre,ALP,0,0,0
Northern Liech,Mayom County,Kuerbone,Gatdet Gon Primary School,Primary,583,0,583
Northern Liech,Mayom County,Kuerbone,Kuerbouna Primary School,Primary,409,0,409
Northern Liech,Mayom County,Kuerbone,Liep Gok Primary School,Primary,52,0,52
Northern Liech,Mayom County,Kuerbone,Liteok Primary School,Primary,0,0,0
Northern Liech,Mayom County,Kuerbone,Mayom Basic Primary School,Primary,458,0,458
Northern Liech,Mayom County,Kuerbone,Mayom Town ALP School,ALP,0,0,546
Northern Liech,Mayom County,Kuerbone,Paluang Primary School,Primary,365,0,365
Northern Liech,Mayom County,Kuerbone,Panhieny Primary School,Primary,0,0,0
Northern Liech,Mayom County,Kuerbone,Presbyterian Primary School,Primary,286,0,286
Northern Liech,Mayom County,Kuerbone,St Philip ALP Centre,ALP,0,0,0
Northern Liech,Mayom County,Kuerbone,St. Bakita Primary School,Primary,308,0,308
Northern Liech,Mayom County,Kuerbone,Tekjiek Primary School,Primary,353,0,353
Northern Liech,Mayom County,Kuerbone,Weljang Primary School,Primary,572,0,572
Northern Liech,Mayom County,Kuerbone,Zulek Primary school,Primary,572,0,572
Northern Liech,Mayom County,Kueryiek,Chan Tut Primary School,Primary,572,0,572
Northern Liech,Mayom County,Kueryiek,Christ The King Primary School,Primary,572,0,572
Northern Liech,Mayom County,Kueryiek,Kuel Primary School,Primary,1244,0,1244
Northern Liech,Mayom County,Kueryiek,Kueryiek ALP Centre,ALP,0,0,286
Northern Liech,Mayom County,Kueryiek,Kueryiek Primary School,Primary,677,0,677
Northern Liech,Mayom County,Kueryiek,Kuoch Primary,Primary,880,0,880
Northern Liech,Mayom County,Kueryiek,Lamthoar Primary School,Primary,0,0,0
Northern Liech,Mayom County,Kueryiek,Mayom Secondary School,Secondary,0,130,130
Northern Liech,Mayom County,Kueryiek,Mayom Two Primary,Primary,1166,0,1166
Northern Liech,Mayom County,Kueryiek,Northony Primary School,Primary,554,0,554
Northern Liech,Mayom County,Kueryiek,Rialthiang Primary School,Primary,884,0,884
Northern Liech,Mayom County,Kueryiek,Ruunbek Primary,Primary,648,0,648
Northern Liech,Mayom County,Mankien,Bakam Duop Primary,Primary,328,0,328
Northern Liech,Mayom County,Mankien,Faustino Puok Majok Primary,Primary,582,0,582
Northern Liech,Mayom County,Mankien,Koat Rial Bek Primary School,Primary,251,0,251
Northern Liech,Mayom County,Mankien,Mankien ALP School,ALP,0,0,416
Northern Liech,Mayom County,Mankien,Mankien Primary School,Primary,1122,0,1122
Northern Liech,Mayom County,Mankien,Mankien Secondary School,Secondary,0,179,179
Northern Liech,Mayom County,Mankien,Ngop Kernyang Primary School,Primary,316,0,316
Northern Liech,Mayom County,Mankien,Pouk Majok Primary School,Primary,0,0,0
Northern Liech,Mayom County,Mankien,Puor Primary School,Primary,558,0,558
Northern Liech,Mayom County,Mankien,Ruathbeel Primary School,Primary,622,0,622
Northern Liech,Mayom County,Mankien,Rubluak Primary School,Primary,546,0,546
Northern Liech,Mayom County,Mankien,Wanam Primary School,Primary,573,0,573
Northern Liech,Mayom County,Mankien,Wanam Primary School,Primary,0,0,0
Northern Liech,Mayom County,Mankien,Wicthiep Primary School,Primary,262,0,262
Northern Liech,Mayom County,Mankien,Wuyul Primary School,Primary,0,0,0
Northern Liech,Mayom County,Mankien,Yidit Primary School,Primary,575,0,575
Northern Liech,Mayom County,Mankien,Yoal Bor Primary School,Primary,632,0,632
Northern Liech,Mayom County,Ngop,Ngop Nursery school,PRE,0,0,0
Northern Liech,Mayom County,Ngop,Kaijat Primary School,Primary,598,0,598
Northern Liech,Mayom County,Ngop,Liet Primary School,Primary,598,0,598
Northern Liech,Mayom County,Ngop,Lony yuot Primary School,Primary,631,0,631
Northern Liech,Mayom County,Ngop,Lony-Yout Primary School,Primary,0,0,0
Northern Liech,Mayom County,Ngop,Ludor Primary School,Primary,572,0,572
Northern Liech,Mayom County,Ngop,Magoul Primary School,Primary,572,0,572
Northern Liech,Mayom County,Ngop,Mangar Primary,Primary,575,0,575
Northern Liech,Mayom County,Ngop,Ngop ALP School,ALP,0,0,286
Northern Liech,Mayom County,Ngop,Ngop Primary,Primary,572,0,572
Northern Liech,Mayom County,Ngop,Rubguey Primary,Primary,520,0,520
Northern Liech,Mayom County,Pub,Biniem Primary School,Primary,468,0,468
Northern Liech,Mayom County,Pub,Chalager Primary School,Primary,624,0,624
Northern Liech,Mayom County,Pub,Geng Primary School,Primary,572,0,572
Northern Liech,Mayom County,Pub,Gul Nyang Primary School,Primary,227,0,227
Northern Liech,Mayom County,Pub,Luor Primary School,Primary,572,0,572
Northern Liech,Mayom County,Pub,Machar Manyiel Primary School,Primary,586,0,586
Northern Liech,Mayom County,Pub,Machar Mayiel Primary School,Primary,0,0,0
Northern Liech,Mayom County,Pub,Majak Primary School,Primary,0,0,0
Northern Liech,Mayom County,Pub,Manytuil Primary School,Primary,859,0,859
Northern Liech,Mayom County,Pub,Namyour Primary School,Primary,598,0,598
Northern Liech,Mayom County,Pub,Net Joak Primary School,Primary,286,0,286
Northern Liech,Mayom County,Pub,Ngunyar primary School,Primary,286,0,286
Northern Liech,Mayom County,Pub,Normalok Primary,Primary,622,0,622
Northern Liech,Mayom County,Pub,Nyekuola Primary School,Primary,286,0,286
Northern Liech,Mayom County,Pub,Nyeyewe Primary School,Primary,10,0,10
Northern Liech,Mayom County,Pub,Pakur Primary School,Primary,572,0,572
Northern Liech,Mayom County,Pub,Pan Nhial Primary School,Primary,0,0,0
Northern Liech,Mayom County,Pub,Panhiany Primary School,Primary,520,0,520
Northern Liech,Mayom County,Pub,Pannhial Primary School,Primary,497,0,497
Northern Liech,Mayom County,Pub,Penpur Primary School,Primary,576,0,576
Northern Liech,Mayom County,Pub,Pub ALP Centre,ALP,0,0,572
Northern Liech,Mayom County,Pub,Pub Basic,Primary,0,0,0
Northern Liech,Mayom County,Pub,Thargal Primary School,Primary,291,0,291
Northern Liech,Mayom County,Pub,Tuocbiel Primary School,Primary,286,0,286
Northern Liech,Mayom County,Pub,Ugul Primary School,Primary,546,0,546
Northern Liech,Mayom County,Riah,Doath Primary School,Primary,572,0,572
Northern Liech,Mayom County,Riah,Gor Primary School,Primary,0,0,0
Northern Liech,Mayom County,Riah,Kual Kuony Primary School,Primary,598,0,598
Northern Liech,Mayom County,Riah,Liengiera ALP Centre,ALP,0,0,0
Northern Liech,Mayom County,Riah,Liengieri Primary School.,Primary,1170,0,1170
Northern Liech,Mayom County,Riah,Lol Primary School,Primary,580,0,580
Northern Liech,Mayom County,Riah,Maliny ALP Centre,ALP,0,0,0
Northern Liech,Mayom County,Riah,Maliny Primary School,Primary,1394,0,1394
Northern Liech,Mayom County,Riah,Manir Primary School,Primary,653,0,653
Northern Liech,Mayom County,Riah,Ngaung Jok primary School,Primary,572,0,572
Northern Liech,Mayom County,Riah,Ngoany Primary,Primary,588,0,588
Northern Liech,Mayom County,Riah,Nyideng Primary School,Primary,577,0,577
Northern Liech,Mayom County,Riah,Riah ALP School,ALP,0,0,286
Northern Liech,Mayom County,Riah,Riathiang One Primary School,Primary,10,0,10
Northern Liech,Mayom County,Riah,Riathiang Two Primary School,Primary,572,0,572
Northern Liech,Mayom County,Riah,Ruath ALP Centre School,ALP,0,0,311
Northern Liech,Mayom County,Riah,Thornguop Pre School,PRE,0,0,0
Northern Liech,Mayom County,Riah,Tuoch Gier Primary School,Primary,572,0,572
Northern Liech,Mayom County,Riah,Urach ALP Centre,ALP,0,0,0
Northern Liech,Mayom County,Riah,Watwatna Primary School,Primary,572,0,572
Northern Liech,Mayom County,Ruadhnyiboul,Bul Primary School,Primary,912,0,912
Northern Liech,Mayom County,Ruadhnyiboul,Buomdar Primary School,Primary,618,0,618
Northern Liech,Mayom County,Ruadhnyiboul,Karie Primary School,Primary,0,0,0
Northern Liech,Mayom County,Ruadhnyiboul,Kieleng Primary School,Primary,710,0,710
Northern Liech,Mayom County,Ruadhnyiboul,Koank Primary School,Primary,977,0,977
Northern Liech,Mayom County,Ruadhnyiboul,Kochkoch Primary School,Primary,643,0,643
Northern Liech,Mayom County,Ruadhnyiboul,Norjuoy Primary School,Primary,613,0,613
Northern Liech,Mayom County,Ruadhnyiboul,Nyebitek Primary School,Primary,1008,0,1008
Northern Liech,Mayom County,Ruadhnyiboul,Nyoat Primary School,Primary,610,0,610
Northern Liech,Mayom County,Ruadhnyiboul,Ruadh bel Primary School,Primary,0,0,0
Northern Liech,Mayom County,Ruadhnyiboul,Ruadh Brain Trust Primary School,Primary,895,0,895
Northern Liech,Mayom County,Ruadhnyiboul,Toy Primary School,Primary,546,0,546
Northern Liech,Mayom County,Wangbuor I,Doltok Primary School,Primary,312,0,312
Northern Liech,Mayom County,Wangbuor I,Dubier Primary School,Primary,334,0,334
Northern Liech,Mayom County,Wangbuor I,Jiok Nyang Primary,Primary,0,0,0
Northern Liech,Mayom County,Wangbuor I,Kudek Primary School,Primary,390,0,390
Northern Liech,Mayom County,Wangbuor I,Kuergangak Primary School,Primary,0,0,0
Northern Liech,Mayom County,Wangbuor I,Kyangkuany Primary School,Primary,0,0,0
Northern Liech,Mayom County,Wangbuor I,Madul Primary School,Primary,105,0,105
Northern Liech,Mayom County,Wangbuor I,Nuane ALP,ALP,0,0,0
Northern Liech,Mayom County,Wangbuor I,Pibor ALP Centre,ALP,0,0,0
Northern Liech,Mayom County,Wangbuor I,Pibor Primary School.,Primary,572,0,572
Northern Liech,Mayom County,Wangbuor I,Tang Kuany Primary School,Primary,411,0,411
Northern Liech,Mayom County,Wangbuor I,Urach Primary,Primary,221,0,221
Northern Liech,Mayom County,Wangkei,Chot Jak Primary School,Primary,208,0,208
Northern Liech,Mayom County,Wangkei,Loathjuat Primary School,Primary,267,0,267
Northern Liech,Mayom County,Wangkei,Nyigar Primary School,Primary,218,0,218
Northern Liech,Mayom County,Wangkei,Thargene Primary School,Primary,286,0,286
Northern Liech,Mayom County,Wangkei,Wangkei Primary School,Primary,1216,0,1216
Northern Liech,Mayom County,Wangkei,Wichock Primary,Primary,283,0,283
Northern Liech,Rubkona County,Bentiu Town,Banpa Primary School,Primary,3406,0,3406
Northern Liech,Rubkona County,Bentiu Town,Bentiu A Primary,Primary,1148,0,1148
Northern Liech,Rubkona County,Bentiu Town,Bentiu B Secondary,Secondary,0,160,160
Northern Liech,Rubkona County,Bentiu Town,Bentiu Girls Primary,Primary,1587,0,1587
Northern Liech,Rubkona County,Bentiu Town,Bentiu National Secondary School,Secondary,0,0,0
Northern Liech,Rubkona County,Bentiu Town,Bentiu School for the Deaf,Primary,0,0,0
Northern Liech,Rubkona County,Bentiu Town,Bentiu Secondary School,Secondary,0,0,0
Northern Liech,Rubkona County,Bentiu Town,Bentiu Secondary School Complex,Secondary,0,858,858
Northern Liech,Rubkona County,Bentiu Town,Bieh Primary School,Primary,0,0,0
Northern Liech,Rubkona County,Bentiu Town,Bilnyang Primary,Primary,0,0,0
Northern Liech,Rubkona County,Bentiu Town,Bir Primary School,Primary,1404,0,1404
Northern Liech,Rubkona County,Bentiu Town,ECD Early Child hood Develop School,PRE,0,0,0
Northern Liech,Rubkona County,Bentiu Town,Eden Primary School,Primary,3176,0,3176
Northern Liech,Rubkona County,Bentiu Town,Gatkuoth Kam Primary School,Primary,260,0,260
Northern Liech,Rubkona County,Bentiu Town,Giama Primary,Primary,0,0,0
Northern Liech,Rubkona County,Bentiu Town,Good Hope Primary School,Primary,0,0,0
Northern Liech,Rubkona County,Bentiu Town,Hameed Ibn Rashed Primary,Primary,0,0,0
Northern Liech,Rubkona County,Bentiu Town,Kalp Adult School,ALP,0,0,0
Northern Liech,Rubkona County,Bentiu Town,Kondial Private Church,Primary,0,0,0
Northern Liech,Rubkona County,Bentiu Town,Liech Primary School,Primary,3095,0,3095
Northern Liech,Rubkona County,Bentiu Town,Maal Primary School,Primary,4082,0,4082
Northern Liech,Rubkona County,Bentiu Town,Machakose Primary,Primary,1174,0,1174
Northern Liech,Rubkona County,Bentiu Town,Naath Primary School,Primary,2961,0,2961
Northern Liech,Rubkona County,Bentiu Town,Nyueljuol Community Primary School,Primary,0,0,0
Northern Liech,Rubkona County,Bentiu Town,Pressbytrain Adult School,ALP,0,0,0
Northern Liech,Rubkona County,Bentiu Town,St Martin Primary School,Primary,260,0,260
Northern Liech,Rubkona County,Bentiu Town,St Peter Primary School,Primary,0,0,0
Northern Liech,Rubkona County,Bentiu Town,St. John Primary School,Primary,1092,0,1092
Northern Liech,Rubkona County,Bentiu Town,Yarjiech Primary School,Primary,0,0,0
Northern Liech,Rubkona County,Bentiu Town,Zachariah Bol Catholic Primary School,Primary,0,0,0
Northern Liech,Rubkona County,Bentiu Town,Zion Primary School,Primary,0,0,0
Northern Liech,Rubkona County,Buddang,Dawa Primary School,Primary,1976,0,1976
Northern Liech,Rubkona County,Buddang,Kwor Primary School,Primary,130,0,130
Northern Liech,Rubkona County,Buddang,Nyaromna Primary School,Primary,858,0,858
Northern Liech,Rubkona County,Buddang,Rotriak Primary School,Primary,286,0,286
Northern Liech,Rubkona County,Buddang,Waak Primary,Primary,0,0,0
Northern Liech,Rubkona County,Buddang,Wunbut Primary,Primary,286,0,286
Northern Liech,Rubkona County,Dhorbor,Dhorbor Primary School,Primary,546,0,546
Northern Liech,Rubkona County,Dhorbor,Norchiengnyapir Primary School,Primary,0,0,0
Northern Liech,Rubkona County,Dhorbor,Nyalekka Primary School,Primary,286,0,286
Northern Liech,Rubkona County,Kaljak,Biel Primary School,Primary,234,0,234
Northern Liech,Rubkona County,Kaljak,Buoytong Primary,Primary,416,0,416
Northern Liech,Rubkona County,Kaljak,Kaljaak Primary School,Primary,286,0,286
Northern Liech,Rubkona County,Kaljak,Kuch Primary School,Primary,0,0,0
Northern Liech,Rubkona County,Kaljak,Wanguar Primary School,Primary,0,0,0
Northern Liech,Rubkona County,Ngop,Dormuol Primary School,Primary,286,0,286
Northern Liech,Rubkona County,Ngop,Kang Primary School,Primary,286,0,286
Northern Liech,Rubkona County,Ngop,Kuermock Primary School,Primary,0,0,0
Northern Liech,Rubkona County,Ngop,Kuertur Primary School,Primary,0,0,0
Northern Liech,Rubkona County,Ngop,Manwalbar Primary School,Primary,0,0,0
Northern Liech,Rubkona County,Ngop,Ngop Primary School,Primary,572,0,572
Northern Liech,Rubkona County,Ngop,Thiet Primary School,Primary,0,0,0
Northern Liech,Rubkona County,Ngop,Wicyuak Primary School,Primary,0,0,0
Northern Liech,Rubkona County,Nhialdiu,Chahan Primary School,Primary,0,0,0
Northern Liech,Rubkona County,Nhialdiu,Chuor Primaty School,Primary,0,0,0
Northern Liech,Rubkona County,Nhialdiu,Nhial Diu Primary School,Primary,858,0,858
Northern Liech,Rubkona County,Nhialdiu,Nhialdiu Highland School,Primary,0,0,0
Northern Liech,Rubkona County,Nhialdiu,Nor -Lamwel,Primary,0,0,0
Northern Liech,Rubkona County,Nhialdiu,Tuoch Luak Primary School,Primary,0,0,0
Northern Liech,Rubkona County,Panhiany,Dol Primary School,Primary,0,0,0
Northern Liech,Rubkona County,Panhiany,Mangual Primary School,Primary,0,0,0
Northern Liech,Rubkona County,Panhiany,Panhiang Primary,Primary,286,0,286
Northern Liech,Rubkona County,Panhiany,POC B primary school,Primary,0,0,0
Northern Liech,Rubkona County,Panhiany,St. Augustino Primary School,Primary,0,0,0
Northern Liech,Rubkona County,Panhiany,Wartung Primary School,Primary,416,0,416
Northern Liech,Rubkona County,Rubkona,POC A primary school,Primary,1938,0,1938
Northern Liech,Rubkona County,Rubkona,Barmalual Primary,Primary,0,0,0
Northern Liech,Rubkona County,Rubkona,Bentiu Standard Secondary School,Secondary,0,520,520
Northern Liech,Rubkona County,Rubkona,Bieny Primary,Primary,0,0,0
Northern Liech,Rubkona County,Rubkona,Char Nyoach Adult School,Primary,286,0,286
Northern Liech,Rubkona County,Rubkona,Deng Jack Primary,Primary,286,0,286
Northern Liech,Rubkona County,Rubkona,Dhorkan Primary,Primary,286,0,286
Northern Liech,Rubkona County,Rubkona,Ding Ding Primary,Primary,858,0,858
Northern Liech,Rubkona County,Rubkona,Eden Secondary School,Secondary,0,572,572
Northern Liech,Rubkona County,Rubkona,Freedom Adult School,AES,0,0,0
Northern Liech,Rubkona County,Rubkona,Gezira Koat Primary,Primary,451,0,451
Northern Liech,Rubkona County,Rubkona,Juach Primary School,Primary,702,0,702
Northern Liech,Rubkona County,Rubkona,Konkel Secondary School,Secondary,0,208,208
Northern Liech,Rubkona County,Rubkona,Mankai Primary School,Primary,0,0,0
Northern Liech,Rubkona County,Rubkona,Naam Adult School,AES,0,0,572
Northern Liech,Rubkona County,Rubkona,Nyieng Primary School,Primary,416,0,416
Northern Liech,Rubkona County,Rubkona,Nyuel Adult Community School,Primary,754,0,754
Northern Liech,Rubkona County,Rubkona,Nyuel Juol Primary,Primary,185,0,185
Northern Liech,Rubkona County,Rubkona,Pakur Primary School,Primary,0,0,0
Northern Liech,Rubkona County,Rubkona,POC4 Primary School,Primary,5734,0,5734
Northern Liech,Rubkona County,Rubkona,POC5 Primary School,Primary,3770,0,3770
Northern Liech,Rubkona County,Rubkona,Pulnyang Primary School,Primary,0,0,0
Northern Liech,Rubkona County,Rubkona,Rubkona Primary School,Primary,811,0,811
Northern Liech,Rubkona County,Rubkona,Rubkona Secondary School,Secondary,0,286,286
Northern Liech,Rubkona County,Rubkona,Salaameza,Primary,1144,0,1144
Northern Liech,Rubkona County,Rubkona,St Mary Adult Community School,Primary,572,0,572
Northern Liech,Rubkona County,Rubkona,St Mary Primary,Primary,0,0,0
Northern Liech,Rubkona County,Rubkona,Tong Primary,Primary,572,0,572
Northern Liech,Rubkona County,Rubkona,Yoanyang Primary School,Primary,0,0,0
Northern Liech,Rubkona County,Wathjak,Rubnyagai Primary School,Primary,260,0,260
Northern Liech,Rubkona County,Wathjak,Touchrier Primary School,Primary,0,0,0
Northern Liech,Rubkona County,Wathjak,Wanglok Primary School,Primary,750,0,750
Northern Liech,Rubkona County,Wathjak,Wathjak Primary School,Primary,338,0,338
Southern Liech,Leer County,Adok,Adok Bhar Primary School,Primary,714,0,714
Southern Liech,Leer County,Adok,Dindin Primary School,Primary,544,0,544
Southern Liech,Leer County,Adok,Naak Primary School,Primary,754,0,754
Southern Liech,Leer County,Adok,Pakuem Primary School,Primary,624,0,624
Southern Liech,Leer County,Adok,Rubinchar Primary School,Primary,858,0,858
Southern Liech,Leer County,Adok,Thor Primary School,Primary,640,0,640
Southern Liech,Leer County,Bow,Bow Primary School,Primary,929,0,929
Southern Liech,Leer County,Bow,Daar Primary School,Primary,390,0,390
Southern Liech,Leer County,Bow,Gaap Primary,Primary,375,0,375
Southern Liech,Leer County,Bow,Gador Primary School,Primary,329,0,329
Southern Liech,Leer County,Bow,Kur Primary School,Primary,840,0,840
Southern Liech,Leer County,Bow,Liah Nhial Primary School,Primary,426,0,426
Southern Liech,Leer County,Bow,Mabil Phan Primary School,Primary,311,0,311
Southern Liech,Leer County,Bow,Padeah Primary School,Primary,650,0,650
Southern Liech,Leer County,Bow,Tharuob Primary School,Primary,416,0,416
Southern Liech,Leer County,Bow,Tiam Primary School,Primary,572,0,572
Southern Liech,Leer County,Guat`,Buoth Primary School,Primary,385,0,385
Southern Liech,Leer County,Guat`,Guat Primary School,Primary,312,0,312
Southern Liech,Leer County,Guat`,Lual Primary School,Primary,450,0,450
Southern Liech,Leer County,Guat`,Pading Primary School,Primary,312,0,312
Southern Liech,Leer County,Juongkang,Dhor Tuol Primary School,Primary,212,0,212
Southern Liech,Leer County,Juongkang,Dhornyal Primary School,Primary,603,0,603
Southern Liech,Leer County,Juongkang,Juong Primary School,Primary,243,0,243
Southern Liech,Leer County,Juongkang,Thonyor Primary School,Primary,286,0,286
Southern Liech,Leer County,Juongkang,Yang Primary School,Primary,598,0,598
Southern Liech,Leer County,Padeah,Buom Diew Primary School,Primary,288,0,288
Southern Liech,Leer County,Padeah,Dungjiak Primary School,Primary,277,0,277
Southern Liech,Leer County,Padeah,Kathiep Primary School,Primary,0,0,0
Southern Liech,Leer County,Padeah,Leer Emma Secondary School,Secondary,0,158,158
Southern Liech,Leer County,Padeah,Leer Primary School,Primary,486,0,486
Southern Liech,Leer County,Padeah,Mary John Primary School,Primary,272,0,272
Southern Liech,Leer County,Padeah,Nyony Primary School,Primary,271,0,271
Southern Liech,Leer County,Padeah,Payak Primary School,Primary,425,0,425
Southern Liech,Leer County,Padeah,Tuah Primary School,Primary,0,0,0
Southern Liech,Leer County,Padeah,Weal Baptist Primary,Primary,0,0,0
Southern Liech,Leer County,Pilieny,Dhornyal Primary School,Primary,0,0,0
Southern Liech,Leer County,Pilieny,Dhoroal Primary School,Primary,0,0,0
Southern Liech,Leer County,Pilieny,Kai Gai Primary School,Primary,0,0,0
Southern Liech,Leer County,Pilieny,Kuachjok Primary School,Primary,468,0,468
Southern Liech,Leer County,Pilieny,Nyachomdiet Primary School,Primary,337,0,337
Southern Liech,Leer County,Pilieny,Pawieny Primary School,Primary,454,0,454
Southern Liech,Leer County,Pilieny,Pillieny Primary School,Primary,546,0,546
Southern Liech,Leer County,Pilieny,Tochriak Primary School,Primary,914,0,914
Southern Liech,Leer County,Pilieny,Yiandany Primary School,Primary,300,0,300
Southern Liech,Mayendit County,Dablual,Chang Rer Primary School,Primary,546,0,546
Southern Liech,Mayendit County,Dablual,Dablual Primary School,Primary,936,0,936
Southern Liech,Mayendit County,Dablual,Dengluoth Primary School,Primary,574,0,574
Southern Liech,Mayendit County,Dablual,Kah Primary School,Primary,931,0,931
Southern Liech,Mayendit County,Dablual,Loang Lieth Primary School,Primary,572,0,572
Southern Liech,Mayendit County,Dablual,Mouk Primary School,Primary,468,0,468
Southern Liech,Mayendit County,Dablual,Padeah Primary School,Primary,572,0,572
Southern Liech,Mayendit County,Dablual,Rieri Primary School,Primary,392,0,392
Southern Liech,Mayendit County,Pabuong,Dongol Primary School,Primary,286,0,286
Southern Liech,Mayendit County,Pabuong,Madol Primary,Primary,258,0,258
Southern Liech,Mayendit County,Pabuong,Malkuer Primary School,Primary,572,0,572
Southern Liech,Mayendit County,Pabuong,Pabuong Dhorthier Primary School.,Primary,754,0,754
Southern Liech,Mayendit County,Pabuong,Wangkei Primary School,Primary,185,0,185
Southern Liech,Mayendit County,Rubkuany,Buoth Primary School,Primary,572,0,572
Southern Liech,Mayendit County,Rubkuany,Jaguor Primary School.,Primary,338,0,338
Southern Liech,Mayendit County,Rubkuany,Kuang Primary School.,Primary,286,0,286
Southern Liech,Mayendit County,Rubkuany,Rubkuany Nursary School,PRE,0,0,0
Southern Liech,Mayendit County,Rubkuany,Rubkuay Primary School.,Primary,468,0,468
Southern Liech,Mayendit County,Rubkuany,Rubnor Primary School,Primary,546,0,546
Southern Liech,Mayendit County,Thaker,Kuok Primary School,Primary,546,0,546
Southern Liech,Mayendit County,Thaker,Maper Primary School,Primary,546,0,546
Southern Liech,Mayendit County,Thaker,Thaker Primary School,Primary,728,0,728
Southern Liech,Mayendit County,Tharjiathbour,Bangkhor Primary School.,Primary,0,0,0
Southern Liech,Mayendit County,Tharjiathbour,Bhor Primary School,Primary,734,0,734
Southern Liech,Mayendit County,Tharjiathbour,Mayiandit Secondary,Secondary,0,206,206
Southern Liech,Mayendit County,Tharjiathbour,Padeah Primary School,Primary,702,0,702
Southern Liech,Mayendit County,Tharjiathbour,Pantot Primary School.,Primary,364,0,364
Southern Liech,Mayendit County,Tharjiathbour,Pulluah Primary School,Primary,572,0,572
Southern Liech,Mayendit County,Tharjiathbour,Tharjiathbor Primary School,Primary,0,0,0
Southern Liech,Mayendit County,Tharjiathbour,Thor Primary School,Primary,0,0,0
Southern Liech,Mayendit County,Tharjiathbour,Wang Koang Primary School,Primary,572,0,572
Southern Liech,Mayendit County,Tharjiathbour,Wuot Liew,Primary,312,0,312
Southern Liech,Mayendit County,Tut nyang,Bhar Gok Primary School,Primary,452,0,452
Southern Liech,Mayendit County,Tut nyang,Dhoryiel Primary School,Primary,572,0,572
Southern Liech,Mayendit County,Tut nyang,Koat Primary School,Primary,624,0,624
Southern Liech,Mayendit County,Tut nyang,Leah Primary School,Primary,260,0,260
Southern Liech,Mayendit County,Tut nyang,Luom Primary School.,Primary,598,0,598
Southern Liech,Mayendit County,Tut nyang,Non Gak Primary School,Primary,390,0,390
Southern Liech,Mayendit County,Tut nyang,Tutnyang Primary School,Primary,935,0,935
Southern Liech,Mayendit County,Tut nyang,Zorjack Primary School,Primary,585,0,585
Southern Liech,Panyijar County,Ganyliel,Bakhita Narsery and Primary School,Primary,0,0,0
Southern Liech,Panyijar County,Ganyliel,Bhakita Nursery School,PRE,0,0,858
Southern Liech,Panyijar County,Ganyliel,Burjoth Nursery School,PRE,0,0,0
Southern Liech,Panyijar County,Ganyliel,Daniel Comboni Primary School,Primary,0,0,0
Southern Liech,Panyijar County,Ganyliel,Decom Primary School,Primary,820,0,820
Southern Liech,Panyijar County,Ganyliel,Dekom Adult Learning Programme,ALP,0,0,0
Southern Liech,Panyijar County,Ganyliel,Dhuordong Priary School,Primary,923,0,923
Southern Liech,Panyijar County,Ganyliel,Ganyiel ALP Centre,ALP,0,0,0
Southern Liech,Panyijar County,Ganyliel,Ganylie Adult Learning Program School,ALP,0,0,832
Southern Liech,Panyijar County,Ganyliel,Ganyliel Mixed Primary School,Primary,832,0,832
Southern Liech,Panyijar County,Ganyliel,Ganyliel Secondary School,Secondary,0,159,159
Southern Liech,Panyijar County,Ganyliel,Machar Primary School,Primary,948,0,948
Southern Liech,Panyijar County,Ganyliel,Makang Primary School,Primary,520,0,520
Southern Liech,Panyijar County,Ganyliel,Malual Kouth Pre School,PRE,0,0,0
Southern Liech,Panyijar County,Ganyliel,Malual Wun Nursery School,PRE,0,0,334
Southern Liech,Panyijar County,Ganyliel,Mathiang Primary School,Primary,936,0,936
Southern Liech,Panyijar County,Ganyliel,Pachienjok Primary School,Primary,1018,0,1018
Southern Liech,Panyijar County,Ganyliel,Pakham Primary School,Primary,737,0,737
Southern Liech,Panyijar County,Ganyliel,Panhial Primary,Primary,952,0,952
Southern Liech,Panyijar County,Ganyliel,Reikey Nursery School,NUR,0,0,480
Southern Liech,Panyijar County,Ganyliel,Tayar Primary School,Primary,832,0,832
Southern Liech,Panyijar County,Ganyliel,Yai Primary School,Primary,1014,0,1014
Southern Liech,Panyijar County,Khol,Ganyliel Nursery School,PRE,0,0,0
Southern Liech,Panyijar County,Khol,Janglow Adult Learning Programme,ALP,0,0,286
Southern Liech,Panyijar County,Khol,Khol Adult Learning Programme,ALP,0,0,208
Southern Liech,Panyijar County,Khol,Kol Community Centre Primary School,Primary,1170,0,1170
Southern Liech,Panyijar County,Khol,Mabil Primary School,Primary,806,0,806
Southern Liech,Panyijar County,Khol,Majak Primary School,Primary,844,0,844
Southern Liech,Panyijar County,Khol,Pajarial Primary School,Primary,1054,0,1054
Southern Liech,Panyijar County,Khol,Panhial Nursery School,PRE,0,0,0
Southern Liech,Panyijar County,Khol,Panyijiar Secondary,Secondary,0,286,286
Southern Liech,Panyijar County,Khol,Pathiel Adult Learning Programme,ALP,0,0,0
Southern Liech,Panyijar County,Khol,Pathiel Pre-School,PRE,0,0,554
Southern Liech,Panyijar County,Khol,Pathiel Primary School,Primary,1430,0,1430
Southern Liech,Panyijar County,Khol,payinjiar Adult ALP Centre,ALP,0,0,322
Southern Liech,Panyijar County,Mayom,Maluak Pre-School,PRE,0,0,0
Southern Liech,Panyijar County,Mayom,Mayom Mixed Primary School,Primary,601,0,601
Southern Liech,Panyijar County,Nyal,Borjani Primary School,Primary,0,0,0
Southern Liech,Panyijar County,Nyal,Duong Adult Learning Programme,ALP,0,0,281
Southern Liech,Panyijar County,Nyal,Duong Primary School,Primary,1708,0,1708
Southern Liech,Panyijar County,Nyal,Garbek Primary School,Primary,629,0,629
Southern Liech,Panyijar County,Nyal,Janglow Primary School,Primary,1430,0,1430
Southern Liech,Panyijar County,Nyal,Kanynhial Adult Learning Programme,ALP,0,0,0
Southern Liech,Panyijar County,Nyal,Kanynhial Primary School,Primary,1494,0,1494
Southern Liech,Panyijar County,Nyal,Katieth Pre- school,PRE,0,0,0
Southern Liech,Panyijar County,Nyal,Kueryieka Nursery school,PRE,0,0,260
Southern Liech,Panyijar County,Nyal,Majaak Adult Programme,ALP,0,0,312
Southern Liech,Panyijar County,Nyal,Maluak Primary School,Primary,1280,0,1280
Southern Liech,Panyijar County,Nyal,Meer Primary School,Primary,589,0,589
Southern Liech,Panyijar County,Nyal,Naath Ganyiel Adult Literacy School,AES,0,0,419
Southern Liech,Panyijar County,Nyal,Nyal Comboni Nursery School,PRE,0,0,286
Southern Liech,Panyijar County,Nyal,Nyal Mixed Adult learning Programme,ALP,0,0,227
Southern Liech,Panyijar County,Nyal,Nyal Mixed Primary School,Primary,2539,0,2539
Southern Liech,Panyijar County,Nyal,Nyal Secondary School,Secondary,0,567,567
Southern Liech,Panyijar County,Nyal,Nyal Unity Adult Learning Programme,ALP,0,0,364
Southern Liech,Panyijar County,Nyal,Nyal Unity Primary School,Primary,2002,0,2002
Southern Liech,Panyijar County,Nyal,Nyandoang Adult learning Programme,ALP,0,0,260
Southern Liech,Panyijar County,Nyal,Nyandong Primary School,Primary,1352,0,1352
Southern Liech,Panyijar County,Nyal,Paliey Primary School,Primary,546,0,546
Southern Liech,Panyijar County,Nyal,Pathiel Nursery School,PRE,0,0,0
Southern Liech,Panyijar County,Nyal,St Mary Mother of God Nursery School,PRE,0,0,0
Southern Liech,Panyijar County,Pachar,Chuk Pre School,PRE,0,0,286
Southern Liech,Panyijar County,Pachar,Maar Primary School,Primary,1118,0,1118
Southern Liech,Panyijar County,Pachar,Machar Adult ALP Centre,ALP,0,0,0
Southern Liech,Panyijar County,Pachar,Makur Primary School,Primary,1076,0,1076
Southern Liech,Panyijar County,Pachar,Pabar Girls Primary School,Primary,614,0,614
Southern Liech,Panyijar County,Pachar,Pachak ALP Centre,ALP,0,0,0
Southern Liech,Panyijar County,Pachar,Pachak Primary School.,Primary,1148,0,1148
Southern Liech,Panyijar County,Pachar,Pachar Primary School,Primary,795,0,795
Southern Liech,Panyijar County,Pachar,Pajarial Nursery School,ALP,0,0,0
Southern Liech,Panyijar County,Pachar,Pamalual Primary School,Primary,858,0,858
Southern Liech,Panyijar County,Pachar,Pariel Primary School,Primary,794,0,794
Southern Liech,Panyijar County,Pachar,Paruon Primary,Primary,863,0,863
Southern Liech,Panyijar County,Pachar,Timkuach Primary School,Primary,781,0,781
Southern Liech,Panyijar County,Pachar,Wargany Primary School,Primary,1482,0,1482
Southern Liech,Panyijar County,Panyijiar,DhorJoak Primary School,Primary,572,0,572
Southern Liech,Panyijar County,Panyijiar,Nyoat Primary School,Primary,234,0,234
Southern Liech,Panyijar County,Panyijiar,Palual Primary School,Primary,575,0,575
Southern Liech,Panyijar County,Panyijiar,Riaithin Primary School,Primary,728,0,728
Southern Liech,Panyijar County,Panyijiar,Tiam Primary School,Primary,728,0,728
Southern Liech,Panyijar County,Thoanuom,JokMiem Primary School,Primary,858,0,858
Southern Liech,Panyijar County,Thoanuom,kuany Teny Adult Learning Programme,ALP,0,0,598
Southern Liech,Panyijar County,Thoanuom,Thoanoum Primary School,Primary,995,0,995
Southern Liech,Panyijar County,Thoanuom,Thoanuom Adult Learning Programme,ALP,0,0,416
Southern Liech,Panyijar County,Tiap,Dhormangang Primary School,Primary,0,0,0
Southern Liech,Panyijar County,Tiap,Jiech Primary School,Primary,702,0,702
Southern Liech,Panyijar County,Tiap,Laidit Primary,Primary,740,0,740
Southern Liech,Panyijar County,Tiap,Paboung Primary School,Primary,857,0,857
Southern Liech,Panyijar County,Tiap,Tarweng Primary,Primary,837,0,837
Southern Liech,Panyijar County,Tiap,Tiap Primary School,Primary,895,0,895
Southern Liech,Panyijar County,Tiap,Yup Primary School,Primary,848,0,848
Eastern Lakes,Awerial County,Abuyung,Abuot-Bai Primary School,Primary,573,0,573
Eastern Lakes,Awerial County,Abuyung,Abuyung Primary School,Primary,568,0,568
Eastern Lakes,Awerial County,Abuyung,Gut- Thom Primary School,Primary,405,0,405
Eastern Lakes,Awerial County,Abuyung,Mabor-Adhiak Primary School,Primary,598,0,598
Eastern Lakes,Awerial County,Abuyung,Makur Primary School,Primary,756,0,756
Eastern Lakes,Awerial County,Abuyung,Ramcial Primary School,Primary,416,0,416
Eastern Lakes,Awerial County,Alel l,Aleel Primary School,Primary,533,0,533
Eastern Lakes,Awerial County,Alel l,Alol Secondary School,Secondary,0,141,141
Eastern Lakes,Awerial County,Alel l,Jarweng Primary School,Primary,478,0,478
Eastern Lakes,Awerial County,Banagok,Aguarkuoth Primary School,Primary,290,0,290
Eastern Lakes,Awerial County,Banagok,Bunagok Central Primary School,Primary,572,0,572
Eastern Lakes,Awerial County,Banagok,Bunagok Comboni Primary School,Primary,702,0,702
Eastern Lakes,Awerial County,Banagok,Riaga Primary School,Primary,156,0,156
Eastern Lakes,Awerial County,Banagok,Wunthoou Primary School,Primary,493,0,493
Eastern Lakes,Awerial County,Dor,Awerial Complex Primary School,Primary,640,0,640
Eastern Lakes,Awerial County,Dor,Dor Primary School,Primary,728,0,728
Eastern Lakes,Awerial County,Dor,Mayom Primary School,Primary,512,0,512
Eastern Lakes,Awerial County,Magok,Magok Primary School,Primary,598,0,598
Eastern Lakes,Awerial County,Magok,Manjur Primary School,Primary,623,0,623
Eastern Lakes,Awerial County,Puluk,Pan-Nhial primary school,Primary,598,0,598
Eastern Lakes,Awerial County,Puluk,Agor Bar Primary School,Primary,0,0,0
Eastern Lakes,Awerial County,Puluk,Ahou Primary school,Primary,0,0,0
Eastern Lakes,Awerial County,Puluk,Akot Salam Primary School,Primary,0,0,0
Eastern Lakes,Awerial County,Puluk,Kalthok Primary School,Primary,364,0,364
Eastern Lakes,Awerial County,Puluk,Kon Anok secondary school,Secondary,0,182,182
Eastern Lakes,Awerial County,Puluk,Malual Tuk Primary School,Primary,468,0,468
Eastern Lakes,Awerial County,Puluk,Marik Primary School,Primary,522,0,522
Eastern Lakes,Awerial County,Puluk,Matt Academy Primary School,Primary,1037,0,1037
Eastern Lakes,Awerial County,Puluk,Mingkaman Primary School,Primary,789,0,789
Eastern Lakes,Awerial County,Puluk,Minkaman 2 Primary school,Primary,0,0,0
Eastern Lakes,Awerial County,Puluk,Padar Primary School,Primary,781,0,781
Eastern Lakes,Awerial County,Puluk,Pulawar Primary School,Primary,0,0,0
Eastern Lakes,Awerial County,Puluk,Roordit Primary School,Primary,988,0,988
Eastern Lakes,Awerial County,Puluk,St Paul Girls Primary School,Primary,410,0,410
Eastern Lakes,Awerial County,Puluk,Thon Acak primary school,Primary,518,0,518
Eastern Lakes,Awerial County,Puluk,Tom-rok Primary School,Primary,824,0,824
Eastern Lakes,Awerial County,Puluk,Yolakot primary school,Primary,0,0,0
Eastern Lakes,Yirol East County,Adior,Adior Primary School,Primary,1144,0,1144
Eastern Lakes,Yirol East County,Adior,Ayiem Primary School,Primary,390,0,390
Eastern Lakes,Yirol East County,Adior,Mamer Boys Primary School,Primary,774,0,774
Eastern Lakes,Yirol East County,Adior,Mamer Girls Primary School,Primary,261,0,261
Eastern Lakes,Yirol East County,Adior,Manyang Jok Girls Primary School,Primary,404,0,404
Eastern Lakes,Yirol East County,Adior,Mayom-Luok Primary School,Primary,274,0,274
Eastern Lakes,Yirol East County,Adior,Shambe Port Primary School,Primary,584,0,584
Eastern Lakes,Yirol East County,Lekakedu,Aruop-Nyiel Boys Primary School,Primary,546,0,546
Eastern Lakes,Yirol East County,Lekakedu,Aruop-Nyiel Girls Primary School,Primary,458,0,458
Eastern Lakes,Yirol East County,Lekakedu,Bun-Agany Primary School,Primary,650,0,650
Eastern Lakes,Yirol East County,Lekakedu,Lekakedu Boys,Primary,768,0,768
Eastern Lakes,Yirol East County,Lekakedu,Lekakedu Girls Primary School,Primary,440,0,440
Eastern Lakes,Yirol East County,Lekakedu,MajakJok Primary School,Primary,419,0,419
Eastern Lakes,Yirol East County,Malek,Langmatot Primary School,Primary,457,0,457
Eastern Lakes,Yirol East County,Malek,Mading(Thian) Primary School,Primary,479,0,479
Eastern Lakes,Yirol East County,Malek,Malek Boys Primary School,Primary,507,0,507
Eastern Lakes,Yirol East County,Malek,Malek Girls Primary School,Primary,494,0,494
Eastern Lakes,Yirol East County,Malek,Malek Primary School,Primary,427,0,427
Eastern Lakes,Yirol East County,Malek,Nhaom Laau Primary School,Primary,1033,0,1033
Eastern Lakes,Yirol East County,Malek,Nyang Girls Primary,Primary,584,0,584
Eastern Lakes,Yirol East County,Malek,Nyang Primary School,Primary,904,0,904
Eastern Lakes,Yirol East County,Malek,Nyang Secondary School,Secondary,0,444,444
Eastern Lakes,Yirol East County,Malek,Panjot Primary School,Primary,386,0,386
Eastern Lakes,Yirol East County,Malek,Ramchiel Primary School,Primary,764,0,764
Eastern Lakes,Yirol East County,Malek,Tot Primary School,Primary,573,0,573
Eastern Lakes,Yirol East County,Pagarau,Machuor Primary School,Primary,1170,0,1170
Eastern Lakes,Yirol East County,Pagarau,Pagarau Girls Primary School,Primary,446,0,446
Eastern Lakes,Yirol East County,Pagarau,Paragau Boys Primary School,Primary,728,0,728
Eastern Lakes,Yirol East County,Titagau,Acigor Boys Primary School,Primary,486,0,486
Eastern Lakes,Yirol East County,Titagau,Acigor Girls Primary,Primary,260,0,260
Eastern Lakes,Yirol East County,Titagau,Alel Primary SChool,Primary,572,0,572
Eastern Lakes,Yirol East County,Titagau,Ciri Primary School,Primary,286,0,286
Eastern Lakes,Yirol East County,Titagau,Manhiany Primary School,Primary,429,0,429
Eastern Lakes,Yirol East County,Titagau,Tinagau Primary School,Primary,411,0,411
Eastern Lakes,Yirol East County,Yali,Bunangui Primary School,Primary,351,0,351
Eastern Lakes,Yirol East County,Yali,Khap Complex Primary School,Primary,1169,0,1169
Eastern Lakes,Yirol East County,Yali,Majok-Cidhhiop Primary School,Primary,432,0,432
Eastern Lakes,Yirol East County,Yali,Tingajieth Primary School,Primary,282,0,282
Eastern Lakes,Yirol East County,Yali,Wunthou Primary School,Primary,742,0,742
Eastern Lakes,Yirol East County,Yali,Yali Primary School,Primary,836,0,836
Eastern Lakes,Yirol West County,Abang,Mapuordit ALP,ALP,0,0,364
Eastern Lakes,Yirol West County,Abang,Abang Marial Primary School,Primary,286,0,286
Eastern Lakes,Yirol West County,Abang,Abang Primary School,Primary,726,0,726
Eastern Lakes,Yirol West County,Abang,Aguraan Primary,Primary,572,0,572
Eastern Lakes,Yirol West County,Abang,Amatnhom Primary School,Primary,572,0,572
Eastern Lakes,Yirol West County,Abang,Betoi Primary school,Primary,364,0,364
Eastern Lakes,Yirol West County,Abang,Botoy Primary School,Primary,572,0,572
Eastern Lakes,Yirol West County,Abang,Comboni Mapuordit Primary School,Primary,1478,0,1478
Eastern Lakes,Yirol West County,Abang,Gom-Pook Primary School,Primary,338,0,338
Eastern Lakes,Yirol West County,Abang,Kowic primary school,Primary,338,0,338
Eastern Lakes,Yirol West County,Abang,Lokiduai Hoth Primary,Primary,494,0,494
Eastern Lakes,Yirol West County,Abang,Lual-ngem,Primary,479,0,479
Eastern Lakes,Yirol West County,Abang,Majok Primary School,Primary,546,0,546
Eastern Lakes,Yirol West County,Abang,Ngap primary school,Primary,423,0,423
Eastern Lakes,Yirol West County,Abang,Ngop Community Primary School,Primary,394,0,394
Eastern Lakes,Yirol West County,Abang,Panamat Primary School,Primary,271,0,271
Eastern Lakes,Yirol West County,Abang,Panekar Boys Primary School,Primary,572,0,572
Eastern Lakes,Yirol West County,Abang,Panekar Girls Primary School,Primary,763,0,763
Eastern Lakes,Yirol West County,Abang,Payii Primary School,Primary,316,0,316
Eastern Lakes,Yirol West County,Aluak-luak,Agany Primary School,Primary,1118,0,1118
Eastern Lakes,Yirol West County,Aluak-luak,Agany Stellite Primary School,Primary,1205,0,1205
Eastern Lakes,Yirol West County,Aluak-luak,Aluak-Luak Girls Primary School,Primary,572,0,572
Eastern Lakes,Yirol West County,Aluak-luak,Aluak-Luak Primary School,Primary,1374,0,1374
Eastern Lakes,Yirol West County,Aluak-luak,Aluak-Luak Secondary SChool,Secondary,0,286,286
Eastern Lakes,Yirol West County,Aluak-luak,Pinypath Primary School,Primary,858,0,858
Eastern Lakes,Yirol West County,Aluak-luak,St. Augustine Primary School,Primary,1144,0,1144
Eastern Lakes,Yirol West County,Aluak-luak,Tiitrom Primary School,Primary,442,0,442
Eastern Lakes,Yirol West County,Aluak-luak,Warakan Primary School,Primary,1149,0,1149
Eastern Lakes,Yirol West County,Anuol,Anuol Primary School,Primary,889,0,889
Eastern Lakes,Yirol West County,Anuol,Ilual Primary School,Primary,878,0,878
Eastern Lakes,Yirol West County,Anuol,Kath-Athier Primary School,Primary,832,0,832
Eastern Lakes,Yirol West County,Anuol,Mageng Primary School,Primary,858,0,858
Eastern Lakes,Yirol West County,Anuol,Pulieliah Primary school,Primary,416,0,416
Eastern Lakes,Yirol West County,Geer,Ateriu Primary School,Primary,958,0,958
Eastern Lakes,Yirol West County,Geer,Atheer Primary School,Primary,884,0,884
Eastern Lakes,Yirol West County,Geer,Cum-Guer Primary School,Primary,702,0,702
Eastern Lakes,Yirol West County,Geer,Pandit Comboni Primary School,Primary,990,0,990
Eastern Lakes,Yirol West County,Geer,Puletit Primary School,Primary,873,0,873
Eastern Lakes,Yirol West County,Geng-Geng,Akekoi Primary School,Primary,686,0,686
Eastern Lakes,Yirol West County,Geng-Geng,Areer Primary School,Primary,553,0,553
Eastern Lakes,Yirol West County,Geng-Geng,Jurnyiel Primary School,Primary,690,0,690
Eastern Lakes,Yirol West County,Geng-Geng,Matbar Primary School,Primary,626,0,626
Eastern Lakes,Yirol West County,Geng-Geng,Pabur Primary School,Primary,624,0,624
Eastern Lakes,Yirol West County,Geng-Geng,Piircook Primary School,Primary,591,0,591
Eastern Lakes,Yirol West County,Geng-Geng,Wun-Rak Primary School,Primary,0,0,0
Eastern Lakes,Yirol West County,Geng-Geng,Wunrak Primary school,Primary,354,0,354
Eastern Lakes,Yirol West County,Yirol Town,E.C.S St. Mathew Primary School,Primary,736,0,736
Eastern Lakes,Yirol West County,Yirol Town,St. Josephine Bakhita Nursery school,PRE,0,0,425
Eastern Lakes,Yirol West County,Yirol Town,Comboni Secondary School,Secondary,0,487,487
Eastern Lakes,Yirol West County,Yirol Town,Dhieu Alam Secondary School,Secondary,0,580,580
Eastern Lakes,Yirol West County,Yirol Town,Gung-anyier Primary School,Primary,575,0,575
Eastern Lakes,Yirol West County,Yirol Town,Holy Cross ALP Centre,ALP,0,0,421
Eastern Lakes,Yirol West County,Yirol Town,Holy Cross Primary School Yirol,Primary,1673,0,1673
Eastern Lakes,Yirol West County,Yirol Town,Hoor-Cung Community Primary School,Primary,390,0,390
Eastern Lakes,Yirol West County,Yirol Town,Hope Primary School,Primary,1849,0,1849
Eastern Lakes,Yirol West County,Yirol Town,Kadula Primary School,Primary,459,0,459
Eastern Lakes,Yirol West County,Yirol Town,Makok Primary School,Primary,778,0,778
Eastern Lakes,Yirol West County,Yirol Town,Panikar Secondary School,Secondary,0,544,544
Eastern Lakes,Yirol West County,Yirol Town,Panliet Primary School,Primary,390,0,390
Eastern Lakes,Yirol West County,Yirol Town,St Daniel Nursery School,NUR,0,0,286
Eastern Lakes,Yirol West County,Yirol Town,St. Daniel Comboni Primary,Primary,1221,0,1221
Eastern Lakes,Yirol West County,Yirol Town,Tiit Marier Primary School,Primary,1148,0,1148
Eastern Lakes,Yirol West County,Yirol Town,Yirol Boys Primary School,Primary,2756,0,2756
Eastern Lakes,Yirol West County,Yirol Town,Yirol Girls Primary School,Primary,1246,0,1246
Western Lakes,Rumbek Centre County,Amongping,Abok Primary School,Primary,542,0,542
Western Lakes,Rumbek Centre County,Amongping,Adol Manyiel Primary School,Primary,572,0,572
Western Lakes,Rumbek Centre County,Amongping,Ajak Anyuon Primary School,Primary,677,0,677
Western Lakes,Rumbek Centre County,Amongping,Among-Ping Town Primary School,Primary,416,0,416
Western Lakes,Rumbek Centre County,Amongping,Amuol Primary School,Primary,617,0,617
Western Lakes,Rumbek Centre County,Amongping,Anguaka Primary School,Primary,572,0,572
Western Lakes,Rumbek Centre County,Amongping,Cuei-Adukan ALP Centre,ALP,0,0,260
Western Lakes,Rumbek Centre County,Amongping,Cuei-Adukan Pre School,PRE,0,0,0
Western Lakes,Rumbek Centre County,Amongping,Cuei-Adukan Primary School,Primary,572,0,572
Western Lakes,Rumbek Centre County,Amongping,Demal Primary School,Primary,286,0,286
Western Lakes,Rumbek Centre County,Amongping,Gol Meen Primary School,Primary,858,0,858
Western Lakes,Rumbek Centre County,Amongping,Keek Primary School,Primary,572,0,572
Western Lakes,Rumbek Centre County,Amongping,Leecitheth Primary School,Primary,286,0,286
Western Lakes,Rumbek Centre County,Amongping,Mabor Primary School,Primary,638,0,638
Western Lakes,Rumbek Centre County,Amongping,Makur Panyon Primary School,Primary,364,0,364
Western Lakes,Rumbek Centre County,Amongping,Malual-Bab Primary School,Primary,572,0,572
Western Lakes,Rumbek Centre County,Amongping,Mapeer Ll Primary School,Primary,609,0,609
Western Lakes,Rumbek Centre County,Amongping,Meen Primary School,Primary,572,0,572
Western Lakes,Rumbek Centre County,Amongping,Panhom-Akoon Primary school,Primary,676,0,676
Western Lakes,Rumbek Centre County,Amongping,Rumbek Girls Primary School,Primary,745,0,745
Western Lakes,Rumbek Centre County,Amongping,Rumbek town primary school,Primary,572,0,572
Western Lakes,Rumbek Centre County,Amongping,Tayau Primary School,Primary,236,0,236
Western Lakes,Rumbek Centre County,Jiir,Abarkou Primary School,Primary,494,0,494
Western Lakes,Rumbek Centre County,Jiir,Abin-Ajok Primary School,Primary,1066,0,1066
Western Lakes,Rumbek Centre County,Jiir,Ager Gum Primary School,Primary,2262,0,2262
Western Lakes,Rumbek Centre County,Jiir,Akoljal Primary School,Primary,692,0,692
Western Lakes,Rumbek Centre County,Jiir,Bishop Mazzolari Primary,Primary,1066,0,1066
Western Lakes,Rumbek Centre County,Jiir,Deng Nhial Primary School,Primary,1303,0,1303
Western Lakes,Rumbek Centre County,Jiir,Gonzaga Primary School,Primary,772,0,772
Western Lakes,Rumbek Centre County,Jiir,Jiir Primary School,Primary,862,0,862
Western Lakes,Rumbek Centre County,Jiir,John Garang Primary School,Primary,0,0,0
Western Lakes,Rumbek Centre County,Jiir,Mading Primary School,Primary,593,0,593
Western Lakes,Rumbek Centre County,Jiir,Ngath Secondary School,Secondary,0,218,218
Western Lakes,Rumbek Centre County,Jiir,Rumbek Town S. S,Secondary,0,679,679
Western Lakes,Rumbek Centre County,Jiir,Savanah High School,Secondary,0,1144,1144
Western Lakes,Rumbek Centre County,Jiir,St Bakhita Primary School,Primary,244,0,244
Western Lakes,Rumbek Centre County,Jiir,Sun-Rise Nursery and Primary School,Primary,598,0,598
Western Lakes,Rumbek Centre County,Malek,Akot Primary School,Primary,286,0,286
Western Lakes,Rumbek Centre County,Malek,Ayei Primary School,Primary,286,0,286
Western Lakes,Rumbek Centre County,Malek,Gum-Dhier Primary School,Primary,416,0,416
Western Lakes,Rumbek Centre County,Malek,Koyich Primary School,Primary,286,0,286
Western Lakes,Rumbek Centre County,Malek,Lui ALP Centre,ALP,0,0,0
Western Lakes,Rumbek Centre County,Malek,Madol-Akoc Primary Schools,Primary,287,0,287
Western Lakes,Rumbek Centre County,Malek,Malek Primary School,Primary,286,0,286
Western Lakes,Rumbek Centre County,Malek,Mayom Aliir Primary School,Primary,286,0,286
Western Lakes,Rumbek Centre County,Malek,Rumbek 1 ECS Primary School,Primary,944,0,944
Western Lakes,Rumbek Centre County,Matangai,Aber Primary School,Primary,497,0,497
Western Lakes,Rumbek Centre County,Matangai,Abukloi Secondary School,Secondary,0,516,516
Western Lakes,Rumbek Centre County,Matangai,Adol Ciluit Primary School,Primary,744,0,744
Western Lakes,Rumbek Centre County,Matangai,Apeet Primary School School,Primary,286,0,286
Western Lakes,Rumbek Centre County,Matangai,Bishop Mazzolari Memorial School,Secondary,0,849,849
Western Lakes,Rumbek Centre County,Matangai,Choloc-Chok Primary School,Primary,832,0,832
Western Lakes,Rumbek Centre County,Matangai,Lia Mabui Primary School,Primary,513,0,513
Western Lakes,Rumbek Centre County,Matangai,Loreto Maker Kuei Primary,Primary,600,0,600
Western Lakes,Rumbek Centre County,Matangai,Loreto Secondary Girls,Secondary,0,322,322
Western Lakes,Rumbek Centre County,Matangai,Mabor - Tit Primary SChool,Primary,577,0,577
Western Lakes,Rumbek Centre County,Matangai,Mabor-Ngap Primary School,Primary,858,0,858
Western Lakes,Rumbek Centre County,Matangai,Majok Primary School,Primary,328,0,328
Western Lakes,Rumbek Centre County,Matangai,Matangai Primary School,Primary,580,0,580
Western Lakes,Rumbek Centre County,Matangai,Mathiang Dhiel Primary School,Primary,563,0,563
Western Lakes,Rumbek Centre County,Matangai,Nyang-Kot Primary School,Primary,546,0,546
Western Lakes,Rumbek Centre County,Matangai,Nytikangui Primary School,Primary,884,0,884
Western Lakes,Rumbek Centre County,Matangai,Rumbek Complex Primary,Primary,940,0,940
Western Lakes,Rumbek Centre County,Matangai,Rumbek National Secondary,Secondary,0,1055,1055
Western Lakes,Rumbek Centre County,Matangai,Rumbek Town Arabic Primary,Primary,0,0,0
Western Lakes,Rumbek Centre County,Matangai,Rumbek Town Arabic Secondary,Secondary,0,0,0
Western Lakes,Rumbek Centre County,Mayom,Bishop Ceasar Maggalari Nur And Pri School,Primary,781,0,781
Western Lakes,Rumbek Centre County,Mayom,Future Generation Primary School,Primary,866,0,866
Western Lakes,Rumbek Centre County,Mayom,Great Lakes Academy Secondary School,Secondary,0,390,390
Western Lakes,Rumbek Centre County,Mayom,Jorry Primary School,Primary,283,0,283
Western Lakes,Rumbek Centre County,Mayom,Lila Primary School,Primary,286,0,286
Western Lakes,Rumbek Centre County,Mayom,Mabor Akan Primary School,Primary,0,0,0
Western Lakes,Rumbek Centre County,Mayom,Makuach Abeb Primary School,Primary,287,0,287
Western Lakes,Rumbek Centre County,Mayom,Mathur Primary School,Primary,485,0,485
Western Lakes,Rumbek Centre County,Mayom,Mayom Girls Primary School,Primary,286,0,286
Western Lakes,Rumbek Centre County,Mayom,Mayom Primary School,Primary,567,0,567
Western Lakes,Rumbek Centre County,Mayom,Pan-Manga Primary School,Primary,285,0,285
Western Lakes,Rumbek Centre County,Mayom,Panda Primary School,Primary,572,0,572
Western Lakes,Rumbek Centre County,Mayom,Pulbet Primary School,Primary,0,0,0
Western Lakes,Rumbek Centre County,Mayom,Rumbek Comboni Primary School,Primary,2548,0,2548
Western Lakes,Rumbek Centre County,Mayom,War Majak Dhiath Primary School,Primary,286,0,286
Western Lakes,Rumbek East County,Aduel,Abinkuac Girls Primary School,Primary,460,0,460
Western Lakes,Rumbek East County,Aduel,Aduel Primary,Primary,545,0,545
Western Lakes,Rumbek East County,Aduel,Amer Primary School,Primary,886,0,886
Western Lakes,Rumbek East County,Aduel,Awach Primary,Primary,533,0,533
Western Lakes,Rumbek East County,Aduel,Bar-Aliap Primary School,Primary,754,0,754
Western Lakes,Rumbek East County,Aduel,Billing Primary School,Primary,231,0,231
Western Lakes,Rumbek East County,Aduel,E.C.S Dhiau Kuei Primary School,Primary,572,0,572
Western Lakes,Rumbek East County,Aduel,Kolcum Primary School,Primary,535,0,535
Western Lakes,Rumbek East County,Aduel,Mabor Duang Primary School,Primary,976,0,976
Western Lakes,Rumbek East County,Aduel,Majakjier Primary School,Primary,542,0,542
Western Lakes,Rumbek East County,Aduel,Malith Primary School,Primary,382,0,382
Western Lakes,Rumbek East County,Aduel,Malou One Primary School,Primary,286,0,286
Western Lakes,Rumbek East County,Aduel,Marial Duol Primary School,Primary,346,0,346
Western Lakes,Rumbek East County,Aduel,Thonic Primary School,Primary,286,0,286
Western Lakes,Rumbek East County,Akot,Abundant Life Primary,Primary,687,0,687
Western Lakes,Rumbek East County,Akot,Akot Primary School,Primary,349,0,349
Western Lakes,Rumbek East County,Akot,Akot Secondary,Secondary,0,182,182
Western Lakes,Rumbek East County,Akot,Ayen Kok Primary,Primary,0,0,0
Western Lakes,Rumbek East County,Akot,Living Water Primary,Primary,383,0,383
Western Lakes,Rumbek East County,Akot,Makur Agar Comboni Primary School,Primary,535,0,535
Western Lakes,Rumbek East County,Akot,Pul-Ajil Girls Primary School,Primary,884,0,884
Western Lakes,Rumbek East County,Atiaba,Adol Primary School,Primary,572,0,572
Western Lakes,Rumbek East County,Atiaba,Ameth Agok Primary School,Primary,240,0,240
Western Lakes,Rumbek East County,Atiaba,Atiaba Primary School,Primary,809,0,809
Western Lakes,Rumbek East County,Atiaba,Bar Makuehdur Primary School,Primary,475,0,475
Western Lakes,Rumbek East County,Atiaba,Dongic Primary School,Primary,286,0,286
Western Lakes,Rumbek East County,Atiaba,Hope and Ressurrection Sec. School,Secondary,0,350,350
Western Lakes,Rumbek East County,Atiaba,Maboric Primary School,Primary,286,0,286
Western Lakes,Rumbek East County,Atiaba,Mathiang Kook Primary School,Primary,826,0,826
Western Lakes,Rumbek East County,Atiaba,Mathiangic Primary School,Primary,767,0,767
Western Lakes,Rumbek East County,Atiaba,Pancuai Primary,Primary,296,0,296
Western Lakes,Rumbek East County,Atiaba,St Mary Ayen Primary School,Primary,540,0,540
Western Lakes,Rumbek East County,Atiaba,Titagok Primary School,Primary,302,0,302
Western Lakes,Rumbek East County,Cueicok,Bilingcok Primary School,Primary,572,0,572
Western Lakes,Rumbek East County,Cueicok,Cueicok Primary School,Primary,1144,0,1144
Western Lakes,Rumbek East County,Cueicok,Karagok Primary School,Primary,286,0,286
Western Lakes,Rumbek East County,Cueicok,Mabor Ngap (One),Primary,535,0,535
Western Lakes,Rumbek East County,Cueicok,Mading Thon Primary School,Primary,287,0,287
Western Lakes,Rumbek East County,Cueicok,Malou Millitary Primary School,Primary,624,0,624
Western Lakes,Rumbek East County,Cueicok,Monyeng Patir Primary School,Primary,572,0,572
Western Lakes,Rumbek East County,Cueicok,Nhiak Primary School,Primary,860,0,860
Western Lakes,Rumbek East County,Cueicok,Tit Atong Primary School,Primary,286,0,286
Western Lakes,Rumbek East County,Cueicok,War Nyinyam Primary School,Primary,494,0,494
Western Lakes,Rumbek East County,Maleng Agok,Colock-Cok Primary School,Primary,390,0,390
Western Lakes,Rumbek East County,Maleng Agok,Gorok Primary,Primary,858,0,858
Western Lakes,Rumbek East County,Maleng Agok,Malengagok Primary School,Primary,1029,0,1029
Western Lakes,Rumbek East County,Maleng Agok,Malual Primary School,Primary,455,0,455
Western Lakes,Rumbek East County,Maleng Agok,Pan Barkou Boys Primary School,Primary,286,0,286
Western Lakes,Rumbek East County,Maleng Agok,Panbarkou Girls Primary School,Primary,853,0,853
Western Lakes,Rumbek East County,Pacong,Adirdir Primary School,Primary,823,0,823
Western Lakes,Rumbek East County,Pacong,Akor Kor Primary,Primary,728,0,728
Western Lakes,Rumbek East County,Pacong,Ateriu Primary School,Primary,852,0,852
Western Lakes,Rumbek East County,Pacong,Ayen Kook Primary School,Primary,415,0,415
Western Lakes,Rumbek East County,Pacong,Mayom Kook Primary School,Primary,572,0,572
Western Lakes,Rumbek East County,Pacong,Pacong Comboni Primary School,Primary,260,0,260
Western Lakes,Rumbek East County,Pacong,Pacong Primary School,Primary,1201,0,1201
Western Lakes,Rumbek East County,Pacong,Pacong Seconday School,Secondary,0,294,294
Western Lakes,Rumbek East County,Pacong,Pan-Awac Primary School,Primary,1139,0,1139
Western Lakes,Rumbek East County,Paloch,Ajak Dut Primary School,Primary,177,0,177
Western Lakes,Rumbek East County,Paloch,Joklei Primary School,Primary,414,0,414
Western Lakes,Rumbek East County,Paloch,Malou Primary School,Primary,286,0,286
Western Lakes,Rumbek East County,Paloch,Mayom Primary School,Primary,699,0,699
Western Lakes,Rumbek East County,Paloch,Muokeer Primary School,Primary,442,0,442
Western Lakes,Rumbek East County,Paloch,Paloch Primary School,Primary,756,0,756
Western Lakes,Rumbek East County,Paloch,Rap - Engei Primary School,Primary,266,0,266
Western Lakes,Rumbek East County,Paloch,War Thiang Primary School,Primary,360,0,360
Western Lakes,Rumbek North County,Aloor,Aloor Primary School,Primary,417,0,417
Western Lakes,Rumbek North County,Aloor,Chatom Primary School (POK),Primary,533,0,533
Western Lakes,Rumbek North County,Aloor,Mayom Primary School,Primary,295,0,295
Western Lakes,Rumbek North County,Aloor,Ngaphal Primary School,Primary,286,0,286
Western Lakes,Rumbek North County,Aloor,Rom-Alol Primary School,Primary,392,0,392
Western Lakes,Rumbek North County,Aloor,Rumkor Primary School,Primary,465,0,465
Western Lakes,Rumbek North County,Madol,Biar Primary School,Primary,386,0,386
Western Lakes,Rumbek North County,Madol,Makuac Primary School,Primary,207,0,207
Western Lakes,Rumbek North County,Madol,Mantieu Primary School,Primary,292,0,292
Western Lakes,Rumbek North County,Madol,Panhiam-Achot Primary School,Primary,314,0,314
Western Lakes,Rumbek North County,Malueth,Abuoth Primary School,Primary,578,0,578
Western Lakes,Rumbek North County,Malueth,Aciek Primary School,Primary,715,0,715
Western Lakes,Rumbek North County,Malueth,Akukar Primary School,Primary,364,0,364
Western Lakes,Rumbek North County,Malueth,Aliet Primary School,Primary,858,0,858
Western Lakes,Rumbek North County,Malueth,Ayuei Primary School,Primary,520,0,520
Western Lakes,Rumbek North County,Malueth,Kak Girls Primary School,Primary,780,0,780
Western Lakes,Rumbek North County,Malueth,Kak Nursery School,NUR,0,0,288
Western Lakes,Rumbek North County,Malueth,Madhol Primary School,Primary,798,0,798
Western Lakes,Rumbek North County,Malueth,Malual Primary School,Primary,364,0,364
Western Lakes,Rumbek North County,Malueth,Malueth Primary School,Primary,808,0,808
Western Lakes,Rumbek North County,Malueth,Thony-Dor Girls Primary School,Primary,531,0,531
Western Lakes,Rumbek North County,Malueth,Yun - Yiith Primary School,Primary,364,0,364
Western Lakes,Rumbek North County,Maper,Chaton Primary School,Primary,300,0,300
Western Lakes,Rumbek North County,Maper,Makuei Primary School,Primary,483,0,483
Western Lakes,Rumbek North County,Maper,Maper Primary School,Primary,582,0,582
Western Lakes,Rumbek North County,Maper,Pakam Girls Primary School,Primary,689,0,689
Western Lakes,Rumbek North County,Meen,Akaac Dong,Primary,364,0,364
Western Lakes,Rumbek North County,Meen,Akoc-dong primary school,Primary,508,0,508
Western Lakes,Rumbek North County,Meen,Alenger Primary,Primary,286,0,286
Western Lakes,Rumbek North County,Meen,Amer Primary School,Primary,248,0,248
Western Lakes,Rumbek North County,Meen,Amok Primary School,Primary,545,0,545
Western Lakes,Rumbek North County,Meen,Anyan Yom Primary School,Primary,189,0,189
Western Lakes,Rumbek North County,Meen,Apabuong Primary School,Primary,220,0,220
Western Lakes,Rumbek North County,Meen,Juitjuit Primary School,Primary,294,0,294
Western Lakes,Rumbek North County,Meen,Kep Ret Primary School,Primary,281,0,281
Western Lakes,Rumbek North County,Meen,Mamer Ayouk Primary School,Primary,487,0,487
Western Lakes,Rumbek North County,Meen,Meen Primary School,Primary,354,0,354
Western Lakes,Rumbek North County,Meen,Pan Ring Girls Primary,Primary,249,0,249
Western Lakes,Rumbek North County,Meen,Rual-Nuer Primary School,Primary,208,0,208
Western Lakes,Rumbek North County,Meen,Wundhiot Pabic Primary School,Primary,279,0,279
Western Lakes,Rumbek North County,WuRing,Ror Bar Pimary school,Primary,374,0,374
Western Lakes,Rumbek North County,WuRing,Payii Primary School,Primary,205,0,205
Western Lakes,Rumbek North County,WuRing,Wurieng Primary School,Primary,332,0,332
Western Lakes,Wulu County,Bahr-gel,Bahr Gel Primary School,Primary,788,0,788
Western Lakes,Wulu County,Bahr-gel,Dourlai Primary School,Primary,286,0,286
Western Lakes,Wulu County,Bahr-gel,Gbawuru Primary School,Primary,572,0,572
Western Lakes,Wulu County,Bahr-gel,Gordon Meen Primary School,Primary,780,0,780
Western Lakes,Wulu County,Bahr-gel,Gulmar Primary School,Primary,760,0,760
Western Lakes,Wulu County,Bahr-gel,Longu Primary School,Primary,546,0,546
Western Lakes,Wulu County,Bahr-gel,Makila Primary School,Primary,735,0,735
Western Lakes,Wulu County,Bahr-gel,Makor Primary School,Primary,585,0,585
Western Lakes,Wulu County,Bahr-gel,Mayeke Primary School,Primary,364,0,364
Western Lakes,Wulu County,Bahr-gel,Mourkuac,Primary,286,0,286
Western Lakes,Wulu County,Domuloto,Domoloto primary school,Primary,286,0,286
Western Lakes,Wulu County,Domuloto,Domuloto Primary School,Primary,1077,0,1077
Western Lakes,Wulu County,Domuloto,Doteku Primary,Primary,316,0,316
Western Lakes,Wulu County,Domuloto,Mattinge Primary School,Primary,533,0,533
Western Lakes,Wulu County,Domuloto,Ngolonyologi Primary School,Primary,103,0,103
Western Lakes,Wulu County,Domuloto,Nukta Magot Primary School,Primary,234,0,234
Western Lakes,Wulu County,Domuloto,St Joseph Primary School,Primary,252,0,252
Western Lakes,Wulu County,Domuloto,Wako Primary School,Primary,463,0,463
Western Lakes,Wulu County,Makundi,Barbol Primary,Primary,994,0,994
Western Lakes,Wulu County,Makundi,Bidibadai Primary School,Primary,676,0,676
Western Lakes,Wulu County,Makundi,Dulo Primary School,Primary,286,0,286
Western Lakes,Wulu County,Makundi,Kombi Primary School,Primary,494,0,494
Western Lakes,Wulu County,Makundi,Kulu Primary School,Primary,390,0,390
Western Lakes,Wulu County,Makundi,Madulu Primary School,Primary,572,0,572
Western Lakes,Wulu County,Makundi,Makundi Primary School,Primary,494,0,494
Western Lakes,Wulu County,Wulu,Alool Primary School,Primary,286,0,286
Western Lakes,Wulu County,Wulu,Ayen Mayar Primary School,Primary,572,0,572
Western Lakes,Wulu County,Wulu,Ayen Paciec Primary,Primary,468,0,468
Western Lakes,Wulu County,Wulu,Dururei Primary School,Primary,400,0,400
Western Lakes,Wulu County,Wulu,Guba Primary School,Primary,286,0,286
Western Lakes,Wulu County,Wulu,Kaming Primary School,Primary,286,0,286
Western Lakes,Wulu County,Wulu,Kuel Kuach Primary School,Primary,572,0,572
Western Lakes,Wulu County,Wulu,Lolbuol Primary School,Primary,572,0,572
Western Lakes,Wulu County,Wulu,Malith Primary School,Primary,538,0,538
Western Lakes,Wulu County,Wulu,Morngeny Comboni Primary School,Primary,961,0,961
Western Lakes,Wulu County,Wulu,St Mary Primary School,Primary,436,0,436
Western Lakes,Wulu County,Wulu,Wulu Gedim,Primary,578,0,578
Western Lakes,Wulu County,Wulu,Wulu Girls Primary School,Primary,286,0,286
Western Lakes,Wulu County,Wulu,Wulu Senior Secondary School,Secondary,0,286,286
Lol,Aweil North County,Ariath,Amel Community School,Primary,0,0,0
Lol,Aweil North County,Ariath,Amel Primary School,Primary,286,0,286
Lol,Aweil North County,Ariath,Ariath Ecs Primary School,Primary,0,0,0
Lol,Aweil North County,Ariath,Ariath Girls Primary School,Primary,0,0,0
Lol,Aweil North County,Ariath,Ariath Primary School,Primary,732,0,732
Lol,Aweil North County,Ariath,Hongkou Primary,Primary,0,0,0
Lol,Aweil North County,Ariath,Kajiik Primary School,Primary,572,0,572
Lol,Aweil North County,Ariath,Lanager Primary,Primary,301,0,301
Lol,Aweil North County,Ariath,Lual Jak Primary School,Primary,632,0,632
Lol,Aweil North County,Ariath,Lueth Lual Primary School,Primary,680,0,680
Lol,Aweil North County,Ariath,Maker Rual Primary,Primary,514,0,514
Lol,Aweil North County,Ariath,Malek Thiep Primary School,Primary,416,0,416
Lol,Aweil North County,Ariath,Malith Thony Primary School,Primary,1026,0,1026
Lol,Aweil North County,Ariath,Ngapakot Primary School,Primary,288,0,288
Lol,Aweil North County,Ariath,Pandit Girls Primary School,Primary,485,0,485
Lol,Aweil North County,Ariath,Pandit Primary School,Primary,362,0,362
Lol,Aweil North County,Ariath,Puor Akoon Primary School,Primary,0,0,0
Lol,Aweil North County,Ariath,Rol Tuam Primary School,Primary,288,0,288
Lol,Aweil North County,Ariath,Rumpalang Primary School,Primary,291,0,291
Lol,Aweil North County,Ariath,St.Denis Comboni Primary,Primary,241,0,241
Lol,Aweil North County,Ariath,Titagor Primary School,Primary,0,0,0
Lol,Aweil North County,Ariath,War Amuor Primary School,Primary,314,0,314
Lol,Aweil North County,Ariath,Waramoth Primary School,Primary,615,0,615
Lol,Aweil North County,Ariath,Wut Adhoot Primary,Primary,287,0,287
Lol,Aweil North County,Malual Centre,Ahuyiir Primary,Primary,0,0,0
Lol,Aweil North County,Malual Centre,Ajakwol Community School,Primary,825,0,825
Lol,Aweil North County,Malual Centre,Ajok Anguei Primary School,Primary,285,0,285
Lol,Aweil North County,Malual Centre,Awai Nhom Community School,Primary,166,0,166
Lol,Aweil North County,Malual Centre,Aweil North Senior Secondary School,Secondary,0,0,0
Lol,Aweil North County,Malual Centre,Buath Anyar Secondary,Secondary,0,104,104
Lol,Aweil North County,Malual Centre,ECS Langic Primary School,Primary,408,0,408
Lol,Aweil North County,Malual Centre,Jaac Primary School,Primary,589,0,589
Lol,Aweil North County,Malual Centre,Kang Kuot Primary School,Primary,265,0,265
Lol,Aweil North County,Malual Centre,Mabior Kuot Primary School,Primary,0,0,0
Lol,Aweil North County,Malual Centre,Majakkaar Primary School,Primary,833,0,833
Lol,Aweil North County,Malual Centre,Majakkaar secondary school,Secondary,0,130,130
Lol,Aweil North County,Malual Centre,Majok-Kuom Primary School,Primary,579,0,579
Lol,Aweil North County,Malual Centre,Mangar Akot Primary,Primary,382,0,382
Lol,Aweil North County,Malual Centre,Mareng Akok Primary School,Primary,286,0,286
Lol,Aweil North County,Malual Centre,Marol Deng Geng Primary School,Primary,785,0,785
Lol,Aweil North County,Malual Centre,Matuich AES Centre,AES,0,0,296
Lol,Aweil North County,Malual Centre,Matuich Primary School,Primary,631,0,631
Lol,Aweil North County,Malual Centre,Mayom Kawach Primary school,Primary,587,0,587
Lol,Aweil North County,Malual Centre,Pamat AES School,AES,0,0,0
Lol,Aweil North County,Malual Centre,Pamat Primary School,Primary,657,0,657
Lol,Aweil North County,Malual Centre,Warkot Primary,Primary,456,0,456
Lol,Aweil North County,Malual Centre,Wunaruol Community School,Primary,295,0,295
Lol,Aweil North County,Malual East,Abuyei Primary,Primary,286,0,286
Lol,Aweil North County,Malual East,Abyei Chok Basic Primary School,Primary,286,0,286
Lol,Aweil North County,Malual East,Akoch Atong Mabil Primary School,Primary,463,0,463
Lol,Aweil North County,Malual East,Benjamin Bol akol Secondary School,Secondary,0,362,362
Lol,Aweil North County,Malual East,Buol Akop Primary,Primary,508,0,508
Lol,Aweil North County,Malual East,Chaulek Primary School,Primary,607,0,607
Lol,Aweil North County,Malual East,Chiwel Primary School,Primary,265,0,265
Lol,Aweil North County,Malual East,I.D.P.S Jaac Primary School,Primary,262,0,262
Lol,Aweil North County,Malual East,Jaach Adventist Church Primary School,Primary,572,0,572
Lol,Aweil North County,Malual East,Kuang Tong Primary School,Primary,602,0,602
Lol,Aweil North County,Malual East,Long - Ajak Primary School,Primary,0,0,0
Lol,Aweil North County,Malual East,Long - Ajak Primary School,Primary,293,0,293
Lol,Aweil North County,Malual East,Mabior Akoon Kuot Primary,Primary,553,0,553
Lol,Aweil North County,Malual East,Mabior Anguei Primary School,Primary,288,0,288
Lol,Aweil North County,Malual East,Machar-Abeer Primary School,Primary,546,0,546
Lol,Aweil North County,Malual East,Makuach Maduok Primary,Primary,359,0,359
Lol,Aweil North County,Malual East,Makuech Kotic Primary School,Primary,406,0,406
Lol,Aweil North County,Malual East,Malith Anei Deng Primary School.,Primary,296,0,296
Lol,Aweil North County,Malual East,Malual Deng Arum Primary School,Primary,446,0,446
Lol,Aweil North County,Malual East,Malualdit Agep Primary School,Primary,298,0,298
Lol,Aweil North County,Malual East,Mangar Ayiou Primary School,Primary,587,0,587
Lol,Aweil North County,Malual East,Mangar Mou Primary School.,Primary,442,0,442
Lol,Aweil North County,Malual East,Maper Dut Thou Primary School,Primary,579,0,579
Lol,Aweil North County,Malual East,Mayen Ulem AES School,AES,0,0,411
Lol,Aweil North County,Malual East,Mayen Ulem Primary School,Primary,1229,0,1229
Lol,Aweil North County,Malual East,Mayom Deng Akol Primary School,Primary,626,0,626
Lol,Aweil North County,Malual East,Panwet Kuek Primary School,Primary,300,0,300
Lol,Aweil North County,Malual East,Pathuan Primary School.,Primary,572,0,572
Lol,Aweil North County,Malual East,Riang Aweet Basic Primary,Primary,286,0,286
Lol,Aweil North County,Malual East,Riangakeer Community Ophanage School,Primary,530,0,530
Lol,Aweil North County,Malual East,Ricethece Primary School,Primary,0,0,0
Lol,Aweil North County,Malual East,Rup Mading Primary School,Primary,567,0,567
Lol,Aweil North County,Malual East,Titchok Primary School,Primary,312,0,312
Lol,Aweil North County,Malual East,Wanlist Aher Primary School,Primary,484,0,484
Lol,Aweil North County,Malual East,War Apei Primary School,Primary,578,0,578
Lol,Aweil North County,Malual East,War Pach Primary,Primary,573,0,573
Lol,Aweil North County,Malual East,War-Pach Primary,Primary,296,0,296
Lol,Aweil North County,Malual East,Wathalel Comboni Primary,Primary,286,0,286
Lol,Aweil North County,Malual East,Wathok AES Primary School,Primary,572,0,572
Lol,Aweil North County,Malual East,Wathok Basic Primary School,Primary,887,0,887
Lol,Aweil North County,Malual East,Wathok Primary School,Primary,0,0,0
Lol,Aweil North County,Malual North,Adhal Primary School,Primary,532,0,532
Lol,Aweil North County,Malual North,Awangnhom Primary School.,Primary,385,0,385
Lol,Aweil North County,Malual North,Gok Machar ALP Centre,ALP,0,0,468
Lol,Aweil North County,Malual North,Gok Machar Comboni Primary School,Primary,977,0,977
Lol,Aweil North County,Malual North,Gok Machar Primary School,Primary,819,0,819
Lol,Aweil North County,Malual North,Gok Machar Secondary,Secondary,0,0,0
Lol,Aweil North County,Malual North,Good Shepherd Primary School,Primary,285,0,285
Lol,Aweil North County,Malual North,Gor Ayen AES School,AES,0,0,439
Lol,Aweil North County,Malual North,Gorayen Primary School,Primary,1669,0,1669
Lol,Aweil North County,Malual North,Jokbil Primary School,Primary,678,0,678
Lol,Aweil North County,Malual North,Kak Luol Primary School,Primary,549,0,549
Lol,Aweil North County,Malual North,Machol Primary School,Primary,750,0,750
Lol,Aweil North County,Malual North,Majak Bol Primary School,Primary,309,0,309
Lol,Aweil North County,Malual North,Majok Lob Primary School.,Primary,0,0,0
Lol,Aweil North County,Malual North,Majook-Loop Primary School,Primary,750,0,750
Lol,Aweil North County,Malual North,Malith Jongkor Primary School,Primary,504,0,504
Lol,Aweil North County,Malual North,Malou Ajal Primary School.,Primary,0,0,0
Lol,Aweil North County,Malual North,Malual Dit Primary School,Primary,463,0,463
Lol,Aweil North County,Malual North,Malual Loch Primary School,Primary,544,0,544
Lol,Aweil North County,Malual North,Mariik Primary School,Primary,570,0,570
Lol,Aweil North County,Malual North,Mayom Adhal AES School,AES,0,0,0
Lol,Aweil North County,Malual North,Mayom Adhal Primary School,Primary,894,0,894
Lol,Aweil North County,Malual North,Pacthok Primary School,Primary,606,0,606
Lol,Aweil North County,Malual North,Panriang ALP Centre,ALP,0,0,0
Lol,Aweil North County,Malual North,Panriang Primary School,Primary,674,0,674
Lol,Aweil North County,Malual North,Peth Primary School,Primary,364,0,364
Lol,Aweil North County,Malual North,Pethyiik Primary,Primary,849,0,849
Lol,Aweil North County,Malual North,Riang Anei Primary,Primary,382,0,382
Lol,Aweil North County,Malual North,Riang Mier Primary,Primary,550,0,550
Lol,Aweil North County,Malual North,Rolngut Primary School,Primary,972,0,972
Lol,Aweil North County,Malual North,Warchuei Primary School,Primary,387,0,387
Lol,Aweil North County,Malual North,Warperdit Primary,Primary,397,0,397
Lol,Aweil North County,Malual West,Akuak Machar AES School,AES,0,0,0
Lol,Aweil North County,Malual West,Akuak Machar Primary School,Primary,264,0,264
Lol,Aweil North County,Malual West,Akuak Tit Primary School,Primary,0,0,0
Lol,Aweil North County,Malual West,Bibin Nursery School,PRE,0,0,0
Lol,Aweil North County,Malual West,Biet Primary School,Primary,0,0,0
Lol,Aweil North County,Malual West,Gok Anur AES School,AES,0,0,0
Lol,Aweil North County,Malual West,Gokanuor Primary School,Primary,571,0,571
Lol,Aweil North County,Malual West,Jorbioch Primary School,Primary,345,0,345
Lol,Aweil North County,Malual West,Joukou Primary School,Primary,280,0,280
Lol,Aweil North County,Malual West,Kolangap Primary,Primary,470,0,470
Lol,Aweil North County,Malual West,Mabior Nyang Primary School,Primary,287,0,287
Lol,Aweil North County,Malual West,Majak Baai Primary School,Primary,796,0,796
Lol,Aweil North County,Malual West,Majak Kuol Primary,Primary,568,0,568
Lol,Aweil North County,Malual West,Majook Deng Dit Primary School,Primary,0,0,0
Lol,Aweil North County,Malual West,Makuei Comboni Primary School,Primary,596,0,596
Lol,Aweil North County,Malual West,Mangar Piol Primary School,Primary,291,0,291
Lol,Aweil North County,Malual West,Manyiel AES Centre,AES,0,0,0
Lol,Aweil North County,Malual West,Manyiel Primary School,Primary,635,0,635
Lol,Aweil North County,Malual West,Manyiel Secondary School,Secondary,0,0,0
Lol,Aweil North County,Malual West,Muony Primary School,Primary,0,0,0
Lol,Aweil North County,Malual West,Nyinameth Primary School,Primary,418,0,418
Lol,Aweil North County,Malual West,Nyinken Comboni Primary,Primary,307,0,307
Lol,Aweil North County,Malual West,Titcok Primary School,Primary,0,0,0
Lol,Aweil North County,Malual West,War Chuei Primary School.,Primary,282,0,282
Lol,Aweil North County,Malual West,Warkot Primary school,Primary,0,0,0
Lol,Aweil West County,Achana,Aboba Primary School,Primary,0,0,0
Lol,Aweil West County,Achana,Achana Primary,Primary,288,0,288
Lol,Aweil West County,Achana,Achana Umora Primary School,Primary,0,0,0
Lol,Aweil West County,Achana,Angot Primary School,Primary,344,0,344
Lol,Aweil West County,Achana,CRM Primary School,Primary,572,0,572
Lol,Aweil West County,Achana,Gori AES Centre,AES,0,0,0
Lol,Aweil West County,Achana,Gori Primary School,Primary,0,0,0
Lol,Aweil West County,Achana,Majok Dengdit AES Centre,AES,0,0,0
Lol,Aweil West County,Achana,Maper Paami AES Centre,AES,0,0,0
Lol,Aweil West County,Achana,Maper Pamii,Primary,0,0,0
Lol,Aweil West County,Achana,Marol Madhan Primary school,Primary,0,0,0
Lol,Aweil West County,Ayat Centre,Achorou Primary,Primary,286,0,286
Lol,Aweil West County,Ayat Centre,Ajok Primary School,Primary,571,0,571
Lol,Aweil West County,Ayat Centre,Akuong Primary School,Primary,286,0,286
Lol,Aweil West County,Ayat Centre,Akuong Yok Primary School,Primary,0,0,0
Lol,Aweil West County,Ayat Centre,Angonlek Primary School,Primary,286,0,286
Lol,Aweil West County,Ayat Centre,Makuma Primary,Primary,286,0,286
Lol,Aweil West County,Ayat Centre,Makuoch Primary,Primary,285,0,285
Lol,Aweil West County,Ayat Centre,Marol Anei Primary School,Primary,286,0,286
Lol,Aweil West County,Ayat Centre,Mayom Akuang Primary School,Primary,573,0,573
Lol,Aweil West County,Ayat Centre,Mayom Akuangrel AES Centre,AES,0,0,0
Lol,Aweil West County,Ayat Centre,Nyin-Achol AES Centre,AES,0,0,0
Lol,Aweil West County,Ayat Centre,Wun - Giir,Primary,297,0,297
Lol,Aweil West County,Ayat Centre,Wun Giir AES Centre,AES,0,0,0
Lol,Aweil West County,Ayat East,Achak Deng Secondary,Secondary,0,0,0
Lol,Aweil West County,Ayat East,Agoor Primary School,Primary,446,0,446
Lol,Aweil West County,Ayat East,Ayat Secondary School,Secondary,0,234,234
Lol,Aweil West County,Ayat East,Emmannuel Orphan Primary,Primary,518,0,518
Lol,Aweil West County,Ayat East,Langic Primary School,Primary,296,0,296
Lol,Aweil West County,Ayat East,Mabior L. Primary School,Primary,286,0,286
Lol,Aweil West County,Ayat East,Machar Adhot Primary School,Primary,269,0,269
Lol,Aweil West County,Ayat East,Machar Lower Primary Sch00L,Primary,273,0,273
Lol,Aweil West County,Ayat East,Majook-Adim Primary School,Primary,390,0,390
Lol,Aweil West County,Ayat East,Maluil Primary School,Primary,269,0,269
Lol,Aweil West County,Ayat East,Marial - Baai AES Centre,AES,0,0,286
Lol,Aweil West County,Ayat East,Marial Baai Primary School,Primary,850,0,850
Lol,Aweil West County,Ayat East,Marialbai Secondary School,Secondary,0,0,0
Lol,Aweil West County,Ayat East,Nhom Laau Primary,Primary,572,0,572
Lol,Aweil West County,Ayat East,Nyamlel Senior Secondary School,Secondary,0,338,338
Lol,Aweil West County,Ayat East,Panda Academic Primary School,Primary,0,0,0
Lol,Aweil West County,Ayat East,Shining Junior and High School,Primary,0,0,0
Lol,Aweil West County,Ayat East,St. Joseph Comboni Primary School,Primary,500,0,500
Lol,Aweil West County,Ayat East,War - Alel AES Centre,AES,0,0,396
Lol,Aweil West County,Ayat East,Warallel Primary School,Primary,1040,0,1040
Lol,Aweil West County,Ayat West,Akuang Aruol Primary School,Primary,0,0,0
Lol,Aweil West County,Ayat West,Lulic AES Centre,AES,0,0,0
Lol,Aweil West County,Ayat West,Lulic Primary School,Primary,260,0,260
Lol,Aweil West County,Ayat West,Malek Mayar Primary School,Primary,291,0,291
Lol,Aweil West County,Ayat West,Malek Miir Primary School,Primary,236,0,236
Lol,Aweil West County,Ayat West,Mathiang Aher Primary School,Primary,284,0,284
Lol,Aweil West County,Ayat West,Mayom Bol Primary,Primary,209,0,209
Lol,Aweil West County,Ayat West,Nyinbouli AES Centre,AES,0,0,0
Lol,Aweil West County,Ayat West,Nyinbuoli Primary School,Primary,336,0,336
Lol,Aweil West County,Gomjuer Centre,Akewich AES Centre,AES,0,0,281
Lol,Aweil West County,Gomjuer Centre,Akewich Primary School,Primary,582,0,582
Lol,Aweil West County,Gomjuer Centre,Akuak Ngap AES Centre,AES,0,0,0
Lol,Aweil West County,Gomjuer Centre,Amothic Primary,Primary,527,0,527
Lol,Aweil West County,Gomjuer Centre,Angol Primary School,Primary,503,0,503
Lol,Aweil West County,Gomjuer Centre,Anuai Primary School,Primary,312,0,312
Lol,Aweil West County,Gomjuer Centre,Aweil Intergrated Primary School,Primary,885,0,885
Lol,Aweil West County,Gomjuer Centre,Aweil West High School,Secondary,0,0,0
Lol,Aweil West County,Gomjuer Centre,Ayak Hong,Primary,292,0,292
Lol,Aweil West County,Gomjuer Centre,Ayak tiit Primary School,Primary,871,0,871
Lol,Aweil West County,Gomjuer Centre,Ayaktiit AES Centre,AES,0,0,166
Lol,Aweil West County,Gomjuer Centre,Chumich Primary School,Primary,287,0,287
Lol,Aweil West County,Gomjuer Centre,Hong Boi Primary School,Primary,338,0,338
Lol,Aweil West County,Gomjuer Centre,Malou AES Centre,AES,0,0,234
Lol,Aweil West County,Gomjuer Centre,Malou Primary School,Primary,783,0,783
Lol,Aweil West County,Gomjuer Centre,Marol Akhon Primary School,Primary,480,0,480
Lol,Aweil West County,Gomjuer Centre,Mayom Akoon Primary School,Primary,284,0,284
Lol,Aweil West County,Gomjuer Centre,Naivasha Primary School,Primary,271,0,271
Lol,Aweil West County,Gomjuer Centre,New Life Primary School,Primary,570,0,570
Lol,Aweil West County,Gomjuer Centre,NEW Life Secondary School,Secondary,0,113,113
Lol,Aweil West County,Gomjuer Centre,Nyamlel Primary School,Primary,774,0,774
Lol,Aweil West County,Gomjuer Centre,Nyamlell Comboni Primary School,Primary,725,0,725
Lol,Aweil West County,Gomjuer Centre,Referendum AES Centre,AES,0,0,285
Lol,Aweil West County,Gomjuer Centre,Referrundum Estat Primary,Primary,850,0,850
Lol,Aweil West County,Gomjuer Centre,St. Elizabeth Orphans Primary,Primary,680,0,680
Lol,Aweil West County,Gumjuer East,Adhotich Primary School,Primary,291,0,291
Lol,Aweil West County,Gumjuer East,Aguat AES Centre,AES,0,0,208
Lol,Aweil West County,Gumjuer East,Aguat Primary School,Primary,625,0,625
Lol,Aweil West County,Gumjuer East,Amat - Nyang AES Centre,AES,0,0,260
Lol,Aweil West County,Gumjuer East,Amatyang Primary School,Primary,387,0,387
Lol,Aweil West County,Gumjuer East,Ameth Primary School,Primary,334,0,334
Lol,Aweil West County,Gumjuer East,Central Nyamlel Primary School,Primary,280,0,280
Lol,Aweil West County,Gumjuer East,Good Shepherd Primary School,Primary,566,0,566
Lol,Aweil West County,Gumjuer East,Gukic Primary School,Primary,286,0,286
Lol,Aweil West County,Gumjuer East,Gungruel Primary School,Primary,286,0,286
Lol,Aweil West County,Gumjuer East,Kuch MAthiang Primary,Primary,274,0,274
Lol,Aweil West County,Gumjuer East,Lueth Ameny Primary School,Primary,510,0,510
Lol,Aweil West County,Gumjuer East,Makuei Primary School,Primary,380,0,380
Lol,Aweil West County,Gumjuer East,Maohol Primary School,Primary,0,0,0
Lol,Aweil West County,Gumjuer East,Old Welweil Primary,Primary,549,0,549
Lol,Aweil West County,Gumjuer East,Rolchol AES Centre,AES,0,0,234
Lol,Aweil West County,Gumjuer East,Rolchol Primary School,Primary,282,0,282
Lol,Aweil West County,Gumjuer East,Wedweil AES Centre,AES,0,0,286
Lol,Aweil West County,Gumjuer East,Wedweil COmmunity AES Centre,AES,0,0,0
Lol,Aweil West County,Gumjuer East,Wedweil Community Girls School,Secondary,0,286,286
Lol,Aweil West County,Gumjuer East,Wedwiel Primary School,Primary,838,0,838
Lol,Aweil West County,Guom Juer West,Anyounpjany AES Centre,AES,0,0,0
Lol,Aweil West County,Guom Juer West,Anyuopjang Primary School,Primary,588,0,588
Lol,Aweil West County,Guom Juer West,Chelkou Community Secondary,Secondary,0,0,0
Lol,Aweil West County,Guom Juer West,Chelkou Upper Primary School,Primary,555,0,555
Lol,Aweil West County,Guom Juer West,Cholkou AES Centre,AES,0,0,0
Lol,Aweil West County,Guom Juer West,Hong Wet Jok AES Centre,AES,0,0,0
Lol,Aweil West County,Guom Juer West,Hong Wet Jok Primary School,Primary,522,0,522
Lol,Aweil West County,Guom Juer West,Majook Nyor Primary,Primary,236,0,236
Lol,Aweil West County,Guom Juer West,Maker Jiel Primary School,Primary,0,0,0
Lol,Aweil West County,Guom Juer West,Malek Kadany Primary School,Primary,431,0,431
Lol,Aweil West County,Guom Juer West,Marach Akhon AES Centre,AES,0,0,517
Lol,Aweil West County,Guom Juer West,Marach Akoon Primary Schol,Primary,755,0,755
Lol,Aweil West County,Guom Juer West,Marol Buol Primary School,Primary,568,0,568
Lol,Aweil West County,Guom Juer West,Nyinalel Primary School,Primary,416,0,416
Lol,Aweil West County,Guom Juer West,Pantit Primary School,Primary,512,0,512
Lol,Aweil West County,Mariam,Akhoch Primary School,Primary,572,0,572
Lol,Aweil West County,Mariam,Amodhtic AES Centre,AES,0,0,274
Lol,Aweil West County,Mariam,George Bush And Tony Blair Primary,Primary,343,0,343
Lol,Aweil West County,Mariam,Luenh Abur Primary,Primary,286,0,286
Lol,Aweil West County,Mariam,Mabol Wol Primary,Primary,286,0,286
Lol,Aweil West County,Mariam,Machar Abun Primary School,Primary,458,0,458
Lol,Aweil West County,Mariam,Maker Primary School,Primary,557,0,557
Lol,Aweil West County,Mariam,Makeramuk Primary School,Primary,369,0,369
Lol,Aweil West County,Mariam,Makuach Primary School,Primary,439,0,439
Lol,Aweil West County,Mariam,Malou Primary School,Primary,520,0,520
Lol,Aweil West County,Mariam,Maluil Deng Primary School,Primary,334,0,334
Lol,Aweil West County,Mariam,Maper Secondary,Secondary,0,0,0
Lol,Aweil West County,Mariam,Mareng Akuar Primary School,Primary,524,0,524
Lol,Aweil West County,Mariam,Mariem Primary School,Primary,573,0,573
Lol,Aweil West County,Mariam,Riang Majak,Primary,286,0,286
Lol,Aweil West County,Mariam,Riangangon Primary School,Primary,457,0,457
Lol,Aweil West County,Mariam,Tiemata Girls Primary,Primary,286,0,286
Lol,Aweil West County,Mariam,Udhum AES Centre,AES,0,0,364
Lol,Aweil West County,Mariam,Udhum Orphan Primary School,Primary,286,0,286
Lol,Aweil West County,Mariam,Udhum Secondary,Secondary,0,286,286
Lol,Aweil West County,Mariam,Udhum Upper Primary School,Primary,698,0,698
Lol,Aweil West County,Mariam,War Adhot Primary School,Primary,364,0,364
Lol,Aweil West County,Mariem East,Akal Thut Primary,Primary,0,0,0
Lol,Aweil West County,Mariem East,Akoong Primary school,Primary,271,0,271
Lol,Aweil West County,Mariem East,Lol Kou Primary School,Primary,234,0,234
Lol,Aweil West County,Mariem East,Magar Lower Primary School,Primary,620,0,620
Lol,Aweil West County,Mariem East,Maluil Primary School,Primary,647,0,647
Lol,Aweil West County,Mariem East,Rual-Ngol Primary School,Primary,208,0,208
Lol,Aweil West County,Mariem East,Rumtit Primary School,Primary,452,0,452
Lol,Raga County,Ere,Boro Primary,Primary,129,0,129
Lol,Raga County,Ere,Dimjlap,Primary,0,0,0
Lol,Raga County,Raga,Ambanga Primary School,Primary,0,0,0
Lol,Raga County,Raga,Boro Boys Secondary School,Secondary,0,0,0
Lol,Raga County,Raga,Bright Day Academy,Primary,0,0,0
Lol,Raga County,Raga,Comboni Co.Educ Primary,Primary,589,0,589
Lol,Raga County,Raga,Comboni Raja Secondary School,Secondary,0,0,0
Lol,Raga County,Raga,Delebe Primary,Primary,110,0,110
Lol,Raga County,Raga,Dr John Garang Primary School,Primary,0,0,0
Lol,Raga County,Raga,Etihadel Moulimin Primary,Primary,0,0,0
Lol,Raga County,Raga,GATA RIJIL CO-EDUCATION,Primary,0,0,0
Lol,Raga County,Raga,Gess Boro Primary School,Primary,107,0,107
Lol,Raga County,Raga,Good Hope Academic Nursery School,PRE,0,0,0
Lol,Raga County,Raga,Good Hope Academic Primary School,Primary,416,0,416
Lol,Raga County,Raga,Ibn El Walid Boys,Primary,0,0,0
Lol,Raga County,Raga,Ibn El Walid Girls,Primary,0,0,0
Lol,Raga County,Raga,Kata Primary School,Primary,251,0,251
Lol,Raga County,Raga,Khalid Ibn Elwalid Sec. School,Secondary,0,208,208
Lol,Raga County,Raga,Khar Buga Community Primary School,Primary,0,0,0
Lol,Raga County,Raga,KHOR BUGA PRIMARY SCHOOL,Primary,0,0,0
Lol,Raga County,Raga,khor Hajar primary school,Primary,0,0,0
Lol,Raga County,Raga,Khorshamam Primary School,Primary,0,0,0
Lol,Raga County,Raga,Kuru Primary School,Primary,280,0,280
Lol,Raga County,Raga,Lamba Primary,Primary,0,0,0
Lol,Raga County,Raga,Mangayat Primary School,Primary,325,0,325
Lol,Raga County,Raga,Mayonga Primary School,Primary,0,0,0
Lol,Raga County,Raga,Raja East,Primary,554,0,554
Lol,Raga County,Raga,Raja Girls Secondary,Secondary,0,0,0
Lol,Raga County,Raga,Raja Secondary School,Secondary,0,0,0
Lol,Raga County,Raga,Raja South,Primary,0,0,0
Lol,Raga County,Raga,Raja West,Primary,399,0,399
Lol,Raga County,Raga,Salva Kiir Primary,Primary,0,0,0
Lol,Raga County,Raga,SiriMalaka Primary School,Primary,217,0,217
Lol,Raga County,Raga,Sopo Girls Secondary School,Secondary,0,0,0
Lol,Raga County,Raga,Sopo Primary School,Primary,255,0,255
Lol,Raga County,Raga,TimSaha Primary School,Primary,911,0,911
Lol,Raga County,Ringi,Abulu Primary School,Primary,210,0,210
Lol,Raga County,Ringi,Firka Primary School,Primary,112,0,112
Lol,Raga County,Ringi,Ramala Primary School,Primary,0,0,0
Lol,Raga County,Ringi,Rinji,Primary,0,0,0
Lol,Raga County,Uyujuku,Demi Zubier Primary School,Primary,672,0,672
Maridi,Ibba County,Ibba,ECS Mburupai Nursary school,PRE,0,0,0
Maridi,Ibba County,Ibba,Ibba Girls Boarding School,Primary,196,0,196
Maridi,Ibba County,Ibba,Ibba Secondary,Secondary,0,23,23
Maridi,Ibba County,Ibba,Ibba town Primary,Primary,479,0,479
Maridi,Ibba County,Ibba,Nakongoni / Hope ALP School,ALP,0,0,0
Maridi,Ibba County,Ibba,Nakongoni primary,Primary,374,0,374
Maridi,Ibba County,Ibba,Ngungua Primary School,Primary,207,0,207
Maridi,Ibba County,Ibba,St Lwanga Primary School,Primary,402,0,402
Maridi,Ibba County,Ibba,St peter Primary School,Primary,703,0,703
Maridi,Ibba County,Ibba,St. Barnaba primary school,Primary,286,0,286
Maridi,Ibba County,Madebe,Maroko kpiapai sub primary school,Primary,274,0,274
Maridi,Ibba County,Madebe,Sanango Primary School,Primary,237,0,237
Maridi,Ibba County,Madebe,St. Mary Primary,Primary,226,0,226
Maridi,Ibba County,Manikakara,Abiriko Primary School,Primary,134,0,134
Maridi,Ibba County,Manikakara,Don Bosco Manikakara Primary School,Primary,281,0,281
Maridi,Ibba County,Manikakara,Donbosco sub primary school,Primary,249,0,249
Maridi,Ibba County,Manikakara,Manikakara ECS Primary School,Primary,358,0,358
Maridi,Ibba County,Manikakara,Nanguruza Primary School,Primary,135,0,135
Maridi,Ibba County,Nabanga,Bamani Primary School,Primary,0,0,0
Maridi,Ibba County,Nabanga,Nabanga ECS Primary School,Primary,182,0,182
Maridi,Ibba County,Nabanga,Nabanga Primary School,Primary,256,0,256
Maridi,Maridi County,Kozi,Bimongo Pre-Primary School,Primary,174,0,174
Maridi,Maridi County,Kozi,Kalusi Primary School,Primary,0,0,0
Maridi,Maridi County,Kozi,Kozi Boma Primary School,Primary,551,0,551
Maridi,Maridi County,Kozi,Madragi,Primary,0,0,0
Maridi,Maridi County,Kozi,Marangi Primary School,Primary,166,0,166
Maridi,Maridi County,Kozi,Mudubai Community Girls School,Primary,206,0,206
Maridi,Maridi County,Kozi,Nambia Primary School,Primary,269,0,269
Maridi,Maridi County,Kozi,Onjirima Primary School,Primary,411,0,411
Maridi,Maridi County,Kozi,Woko Primary School,Primary,105,0,105
Maridi,Maridi County,Landilli,Ras-Olo I Primary School,Primary,772,0,772
Maridi,Maridi County,Mambe,Afa Displaced Primary School,Primary,70,0,70
Maridi,Maridi County,Mambe,Bahr-Olo Primary School,Primary,529,0,529
Maridi,Maridi County,Mambe,Eyira Primary School,Primary,207,0,207
Maridi,Maridi County,Mambe,Eyira Secondary School,Secondary,0,0,0
Maridi,Maridi County,Mambe,Longboa I Primary School,Primary,130,0,130
Maridi,Maridi County,Mambe,Lutule Primary School,Primary,174,0,174
Maridi,Maridi County,Mambe,Malaga Adventist Primary School,Primary,347,0,347
Maridi,Maridi County,Mambe,Mambe Primary School,Primary,159,0,159
Maridi,Maridi County,Mambe,Maringindo Primary School,Primary,0,0,0
Maridi,Maridi County,Mambe,Oza Primary School,Primary,336,0,336
Maridi,Maridi County,Maridi,Adventist Model primary,Primary,731,0,731
Maridi,Maridi County,Maridi,Araka Community Girls School (C.G.A),Primary,295,0,295
Maridi,Maridi County,Maridi,Araka Displaced Primary School,Primary,581,0,581
Maridi,Maridi County,Maridi,Army Garrission Primary School,Primary,140,0,140
Maridi,Maridi County,Maridi,Bakindo Town Church Primary School,Primary,0,0,0
Maridi,Maridi County,Maridi,Bright Future Primary School,Primary,357,0,357
Maridi,Maridi County,Maridi,Don Bosco Primary School,Primary,1047,0,1047
Maridi,Maridi County,Maridi,Don Bosco Secondary School,Secondary,0,180,180
Maridi,Maridi County,Maridi,ECS Referendum Primary School,Primary,0,0,0
Maridi,Maridi County,Maridi,Gbutala Secondary School,Secondary,0,207,207
Maridi,Maridi County,Maridi,Haddow Primary School,Primary,691,0,691
Maridi,Maridi County,Maridi,Haddow Secondary School,Secondary,0,548,548
Maridi,Maridi County,Maridi,Hill side Primary School,Primary,799,0,799
Maridi,Maridi County,Maridi,Ini-Angodu Primary School,Primary,205,0,205
Maridi,Maridi County,Maridi,Kazan I Primary School,Primary,237,0,237
Maridi,Maridi County,Maridi,Luru Primary School,Primary,253,0,253
Maridi,Maridi County,Maridi,Lutheran Primary School,Primary,0,0,0
Maridi,Maridi County,Maridi,Mabirindi Primary School,Primary,318,0,318
Maridi,Maridi County,Maridi,Madubai Pre-Primary School,Primary,0,0,0
Maridi,Maridi County,Maridi,Manibu Primary School,Primary,0,0,0
Maridi,Maridi County,Maridi,Manubu Primary School,Primary,0,0,0
Maridi,Maridi County,Maridi,Maridi 1 Primary School,Primary,591,0,591
Maridi,Maridi County,Maridi,Maridi Academic Pre-Primary School,Primary,218,0,218
Maridi,Maridi County,Maridi,Maridi Girls Boarding Secondary School,Secondary,0,132,132
Maridi,Maridi County,Maridi,Maridi Girls Primary School,Primary,361,0,361
Maridi,Maridi County,Maridi,Maridi High Secondary School,Secondary,0,380,380
Maridi,Maridi County,Maridi,Mboroko Primary School,Primary,212,0,212
Maridi,Maridi County,Maridi,Michael Tawil Primary School,Primary,843,0,843
Maridi,Maridi County,Maridi,Monari Community Girls School,Primary,140,0,140
Maridi,Maridi County,Maridi,Monari Primary School,Primary,0,0,0
Maridi,Maridi County,Maridi,Mudubai Primary School,Primary,204,0,204
Maridi,Maridi County,Maridi,Muku I Primary School,Primary,761,0,761
Maridi,Maridi County,Maridi,Nangbia Primary School,Primary,94,0,94
Maridi,Maridi County,Maridi,Napere Primary School,Primary,110,0,110
Maridi,Maridi County,Maridi,Ngburudoko Primary School,Primary,266,0,266
Maridi,Maridi County,Maridi,Our Lady of Fatina Primary School,Primary,534,0,534
Maridi,Maridi County,Maridi,Owangasa Primary,Primary,606,0,606
Maridi,Maridi County,Maridi,Ras-Tigi 1 Primary School,Primary,260,0,260
Maridi,Maridi County,Maridi,Seventh Day Adventist Primary School,Primary,747,0,747
Maridi,Maridi County,Maridi,Sika-Adao Primary School,Primary,0,0,0
Maridi,Maridi County,Maridi,Town Primary,Primary,679,0,679
Maridi,Maridi County,Maridi,Unity Primary School,Primary,281,0,281
Maridi,Maridi County,Maridi,Wake up Primary,Primary,567,0,567
Maridi,Maridi County,Maridi,Wako-Apai ALP Centre,ALP,0,0,0
Maridi,Maridi County,Maridi,Wokoapai Primary School,Primary,194,0,194
Maridi,Maridi County,Ngamunde,Arende Primary School,Primary,169,0,169
Maridi,Maridi County,Ngamunde,Bilali Primary School,Primary,198,0,198
Maridi,Maridi County,Ngamunde,Bongoma Primary School,Primary,0,0,0
Maridi,Maridi County,Ngamunde,Kwanga Community Girls School,Primary,0,0,0
Maridi,Maridi County,Ngamunde,Ngburusai Primary School,Primary,342,0,342
Namorunyang,Budi County,Kimotong,Farak -Sika Primary School,Primary,0,0,0
Namorunyang,Budi County,Kimotong,Kali,Primary,0,0,0
Namorunyang,Budi County,Kimotong,Kimotong Primary School,Primary,461,0,461
Namorunyang,Budi County,Kimotong,Loriyok Primary School,Primary,280,0,280
Namorunyang,Budi County,Kimotong,Napak Primary School,Primary,0,0,0
Namorunyang,Budi County,Kimotong,Ngauro Primary School,Primary,465,0,465
Namorunyang,Budi County,Komiri,Betalado Primary School,Primary,333,0,333
Namorunyang,Budi County,Komiri,Chukudum Primary School,Primary,673,0,673
Namorunyang,Budi County,Komiri,Chukudum Progressive Academy,Secondary,0,149,149
Namorunyang,Budi County,Komiri,Chukudum Secondary School,Secondary,0,186,186
Namorunyang,Budi County,Komiri,Dokoch Primary School,Primary,494,0,494
Namorunyang,Budi County,Komiri,Helecit Primary School,Primary,460,0,460
Namorunyang,Budi County,Komiri,Kartima Primary School,Primary,286,0,286
Namorunyang,Budi County,Komiri,Konyokonyok Primary School,Primary,104,0,104
Namorunyang,Budi County,Komiri,Kuwua,Primary,448,0,448
Namorunyang,Budi County,Komiri,Lohidele Primary School,Primary,574,0,574
Namorunyang,Budi County,Komiri,Lohucha,Primary,286,0,286
Namorunyang,Budi County,Komiri,Lojjiong Primary School,Primary,494,0,494
Namorunyang,Budi County,Komiri,Nakuwa Primary School,Primary,734,0,734
Namorunyang,Budi County,Komiri,Ngalam Primary School,Primary,261,0,261
Namorunyang,Budi County,Lotukei,Himan Primary School,Primary,175,0,175
Namorunyang,Budi County,Lotukei,Itingi Primary School,Primary,244,0,244
Namorunyang,Budi County,Lotukei,Kikilai Primary School,Primary,480,0,480
Namorunyang,Budi County,Lotukei,Lorege Primary School,Primary,265,0,265
Namorunyang,Budi County,Lotukei,Lorema Primary School,Primary,493,0,493
Namorunyang,Budi County,Lotukei,Namituit Primary,Primary,263,0,263
Namorunyang,Budi County,Lotukei,Piobokoi Primary School,Primary,261,0,261
Namorunyang,Budi County,Lotukei,Sacred Heart Nursery School,NUR,0,0,100
Namorunyang,Budi County,Loudo,Celele Primary School,Primary,0,0,0
Namorunyang,Budi County,Loudo,Charet Primary School,Primary,194,0,194
Namorunyang,Budi County,Loudo,Hathac Primary School,Primary,202,0,202
Namorunyang,Budi County,Loudo,Kapeta Primary School,Primary,421,0,421
Namorunyang,Budi County,Loudo,Kitela Primary School,Primary,0,0,0
Namorunyang,Budi County,Loudo,Lobitang Primary School,Primary,260,0,260
Namorunyang,Budi County,Loudo,Lohiboth Primary School,Primary,133,0,133
Namorunyang,Budi County,Loudo,Lokiding,Primary,0,0,0
Namorunyang,Budi County,Loudo,Nantorilem Primary School,Primary,156,0,156
Namorunyang,Budi County,Loudo,Nathilani Primary School,Primary,218,0,218
Namorunyang,Budi County,Loudo,Ngatuba Primary School,Primary,0,0,0
Namorunyang,Budi County,Loudo,Teten Primary School,Primary,493,0,493
Namorunyang,Budi County,Nahichot,Bohollonya Primary School,Primary,260,0,260
Namorunyang,Budi County,Nahichot,City On The Hill Primary,Primary,494,0,494
Namorunyang,Budi County,Nahichot,Faith Primary,Primary,280,0,280
Namorunyang,Budi County,Nahichot,Kapua Primary School,Primary,0,0,0
Namorunyang,Budi County,Nahichot,Loturukana Primary School,Primary,286,0,286
Namorunyang,Budi County,Nahichot,Nagishot Primary School,Primary,400,0,400
Namorunyang,Budi County,Nahichot,Naperetom Primary School,Primary,0,0,0
Namorunyang,Budi County,Nauro,Killanya Primary School,Primary,0,0,0
Namorunyang,Budi County,Nauro,Morukoyen Primary School,Primary,208,0,208
Namorunyang,Budi County,Nauro,Randub Primary School,Primary,226,0,226
Namorunyang,Budi County,Nauro,Tulugi Primary School,Primary,256,0,256
Namorunyang,Kapoeta East County,Katodori,Good shepherd ALP,ALP,0,0,0
Namorunyang,Kapoeta East County,Katodori,Lokuma Primary School,Primary,0,0,0
Namorunyang,Kapoeta East County,Katodori,Lowoyakali ALP,ALP,0,0,0
Namorunyang,Kapoeta East County,Katodori,Lowoyakali Nursery school,PRE,0,0,0
Namorunyang,Kapoeta East County,Katodori,Lowoyakrli Primary,Primary,0,0,0
Namorunyang,Kapoeta East County,Katodori,Nangatuny Primary School,Primary,0,0,0
Namorunyang,Kapoeta East County,Katodori,Nanyangacor Primary School,Primary,95,0,95
Namorunyang,Kapoeta East County,Katodori,Napwatasigiria Primary School,Primary,0,0,0
Namorunyang,Kapoeta East County,Lotimor,Lohipor Primary School,Primary,69,0,69
Namorunyang,Kapoeta East County,Lotimor,Lotimor Primary School,Primary,0,0,0
Namorunyang,Kapoeta East County,Mogos,Mogos Primary School,Primary,0,0,0
Namorunyang,Kapoeta East County,Mogos,Moruarengan Primary School,Primary,0,0,0
Namorunyang,Kapoeta East County,Mogos,Nasigiriat Primary School,Primary,0,0,0
Namorunyang,Kapoeta East County,Narus,A.I.C Nacipo Primary School,Primary,0,0,0
Namorunyang,Kapoeta East County,Narus,A.I.C Namurpus Primary School,Primary,0,0,0
Namorunyang,Kapoeta East County,Narus,Aic nacipo Nurser School,PRE,0,0,0
Namorunyang,Kapoeta East County,Narus,Comboni Nadapal Day Mixed Primary School,Primary,228,0,228
Namorunyang,Kapoeta East County,Narus,Comboni nadapal mixed Nursery School,PRE,0,0,78
Namorunyang,Kapoeta East County,Narus,Immanuel Nursery And Primary School,Primary,115,0,115
Namorunyang,Kapoeta East County,Narus,International safety training leader School,PRE,0,0,78
Namorunyang,Kapoeta East County,Narus,International Safety Training Leaders ( Istl),Primary,446,0,446
Namorunyang,Kapoeta East County,Narus,Kalachamixed Primary School,Primary,104,0,104
Namorunyang,Kapoeta East County,Narus,Kaldo Primary School,Primary,143,0,143
Namorunyang,Kapoeta East County,Narus,Little Lamb Academy,Primary,325,0,325
Namorunyang,Kapoeta East County,Narus,Little lamb academy nursery School,PRE,0,0,171
Namorunyang,Kapoeta East County,Narus,Loolim (Uber) Mixed Primary School,Primary,111,0,111
Namorunyang,Kapoeta East County,Narus,Lopua Memorial Secondary,Secondary,0,130,130
Namorunyang,Kapoeta East County,Narus,Narus Mixed Primary School,Primary,155,0,155
Namorunyang,Kapoeta East County,Narus,St D. Comboni Boys Primary School,Primary,378,0,378
Namorunyang,Kapoeta East County,Narus,St Daniel Comboni Nursery School,NUR,0,0,72
Namorunyang,Kapoeta East County,Narus,St Joseph's Nursery School,NUR,0,0,114
Namorunyang,Kapoeta East County,Narus,St Patrick's Boys Secondary School,Secondary,0,52,52
Namorunyang,Kapoeta East County,Narus,St Thomas Kuron Pre School,Primary,331,0,331
Namorunyang,Kapoeta East County,Narus,St. bakhita day and boarding girls Nursery,PRE,0,0,0
Namorunyang,Kapoeta East County,Narus,St. Bakhita Day And Boarding Girls Primary Sc,Primary,586,0,586
Namorunyang,Kapoeta East County,Narus,St. Bakhita S. S,Secondary,0,235,235
Namorunyang,Kapoeta East County,Natinga,Nakwathom Heritage Academy Primary School,Primary,61,0,61
Namorunyang,Kapoeta East County,Natinga,Natinga Phase Foundation,Primary,0,0,0
Namorunyang,Kapoeta North County,Chumakori,Riwoto Primary School,Primary,519,0,519
Namorunyang,Kapoeta North County,Karukomuge,Karokomuge Primary Schoo,Primary,184,0,184
Namorunyang,Kapoeta North County,Lomeyang,Lokwamor Primary School,Primary,0,0,0
Namorunyang,Kapoeta North County,Lomeyang,Lomeyen Primary School,Primary,213,0,213
Namorunyang,Kapoeta North County,Lomeyang,Nakwaa Primary School,Primary,0,0,0
Namorunyang,Kapoeta North County,Lomeyang,New Hope Nakwa primary School,Primary,0,0,0
Namorunyang,Kapoeta North County,Lomeyang,St. Mary Magdalane Primary School,Primary,429,0,429
Namorunyang,Kapoeta North County,Najie,Nangoletiras Primary,Primary,0,0,0
Namorunyang,Kapoeta North County,Najie,St. Mary Madagalena Primary School,Primary,0,0,0
Namorunyang,Kapoeta North County,Paringa,Choroi Primary School,Primary,248,0,248
Namorunyang,Kapoeta North County,Paringa,Paringa Primary School,Primary,192,0,192
Namorunyang,Kapoeta South County,Kapoeta Town,Bishop Mazoldi Primary School,Primary,386,0,386
Namorunyang,Kapoeta South County,Kapoeta Town,Homiri Model Primary School,Primary,511,0,511
Namorunyang,Kapoeta South County,Kapoeta Town,Kapoeta Day Secondary School,Secondary,0,277,277
Namorunyang,Kapoeta South County,Kapoeta Town,Kapoeta Mixed Primary School,Primary,362,0,362
Namorunyang,Kapoeta South County,Kapoeta Town,Kotome Primary School,Primary,798,0,798
Namorunyang,Kapoeta South County,Kapoeta Town,Kueu Lights Academy Primary,Primary,527,0,527
Namorunyang,Kapoeta South County,Kapoeta Town,Lomilimili Primary School,Primary,154,0,154
Namorunyang,Kapoeta South County,Kapoeta Town,Singaita Basic Primary School,Primary,749,0,749
Namorunyang,Kapoeta South County,Longeleya,Longeleya Primary School,Primary,235,0,235
Namorunyang,Kapoeta South County,Longeleya,Namoronyang Primary School,Primary,0,0,0
Namorunyang,Kapoeta South County,Longeleya,Natapar Basic School,Primary,0,0,0
Namorunyang,Kapoeta South County,Machi I,Katiko Primary School,Primary,109,0,109
Namorunyang,Kapoeta South County,Machi I,Nachilagur Basic School,Primary,0,0,0
Namorunyang,Kapoeta South County,Machi II,Hope For Sudan Primary School,Primary,564,0,564
Namorunyang,Kapoeta South County,Machi II,Nakware Basic School,Primary,0,0,0
Namorunyang,Kapoeta South County,Pwata,Nachukut Basic School,Primary,0,0,0
Eastern Nile,Akoka County,Abwong,Abwong Primary School,Primary,1779,0,1779
Eastern Nile,Akoka County,Abwong,Nyokjok Primary School,Primary,0,0,0
Eastern Nile,Akoka County,Abwong,Wunbut Primary School,Primary,0,0,0
Eastern Nile,Akoka County,Adong,Abel Thon Malek Primary,Primary,0,0,0
Eastern Nile,Akoka County,Adong,Adong Boys Primary,Primary,0,0,0
Eastern Nile,Akoka County,Adong,Adong Girls Primary School,Primary,571,0,571
Eastern Nile,Akoka County,Akoka,Akoka Primary School,Primary,1206,0,1206
Eastern Nile,Akoka County,Akoka,Ayong Deng Goch Primary School,Primary,80,0,80
Eastern Nile,Akoka County,Akoka,Bienythiang primary,Primary,360,0,360
Eastern Nile,Akoka County,Akoka,Bienythiang Secondary School,Secondary,0,282,282
Eastern Nile,Akoka County,Akoka,Dincuk Primary School,Primary,0,0,0
Eastern Nile,Akoka County,Akoka,Tam Cuk Primary,Primary,0,0,0
Eastern Nile,Akoka County,Akoka,Thon Wai Primary School,Primary,0,0,0
Eastern Nile,Akoka County,Nyok Kuac,Baliet Primary School,Primary,805,0,805
Eastern Nile,Akoka County,Nyok Kuac,Dut Primary School,Primary,0,0,0
Eastern Nile,Akoka County,Nyok Kuac,Duut West Primary,Primary,0,0,0
Eastern Nile,Akoka County,Nyok Kuac,Kuel Primary School,Primary,0,0,0
Eastern Nile,Akoka County,Nyok Kuac,Pador Primary School,Primary,200,0,200
Eastern Nile,Akoka County,Nyok Kuac,Paroch Primary School,Primary,212,0,212
Eastern Nile,Akoka County,Nyok Kuac,Wuring Primary,Primary,0,0,0
Eastern Nile,Akoka County,Rom,Atiabtiab Primary School,Primary,590,0,590
Eastern Nile,Akoka County,Rom,Rom Primary,Primary,519,0,519
Eastern Nile,Akoka County,Wunthow,Abinyay Primary School,Primary,428,0,428
Eastern Nile,Akoka County,Wunthow,Aboroch Primary School,Primary,377,0,377
Eastern Nile,Akoka County,Wunthow,Dithwok Primary School,Primary,287,0,287
Eastern Nile,Akoka County,Wunthow,Majak Primary School,Primary,298,0,298
Eastern Nile,Akoka County,Wunthow,Malo Primary School,Primary,208,0,208
Eastern Nile,Akoka County,Wunthow,Riang Primary School,Primary,553,0,553
Eastern Nile,Akotweng County,Akotweng,Akotweng Primary,Primary,0,0,0
Eastern Nile,Akotweng County,Akotweng,Loryier Primary School,Primary,0,0,0
Eastern Nile,Akotweng County,Akotweng,Peldiarowei Primary School,Primary,390,0,390
Eastern Nile,Akotweng County,Akotweng,Wunchil Primary School,Primary,0,0,0
Eastern Nile,Akotweng County,Akotweng,Wunkor Primary School,Primary,0,0,0
Eastern Nile,Maban County,Alkor El Ahmar,Dar-Es-Salam Primary School,Primary,0,0,0
Eastern Nile,Maban County,Alkor El Ahmar,Doro Basic Shool,Primary,708,0,708
Eastern Nile,Maban County,Alkor El Ahmar,Khartoumbak Basic School,Primary,574,0,574
Eastern Nile,Maban County,Alkor El Ahmar,New Gofa Primary School,Primary,0,0,0
Eastern Nile,Maban County,Alkor El Ahmar,New Guffa Primary School,Primary,0,0,0
Eastern Nile,Maban County,Alkor El Ahmar,Nilla Primary School,Primary,501,0,501
Eastern Nile,Maban County,Alkor El Ahmar,Nur Primary School,Primary,0,0,0
Eastern Nile,Maban County,Alkor El Ahmar,Old Guffa Primary School,Primary,0,0,0
Eastern Nile,Maban County,Alkor El Ahmar,Poumkimeder Primary School,Primary,402,0,402
Eastern Nile,Maban County,Alkor El Ahmar,Samari Primary School,Primary,0,0,0
Eastern Nile,Maban County,Alkor El Ahmar,Sic Secondary School,Secondary,0,0,0
Eastern Nile,Maban County,Alkor El Ahmar,Sim Secondary School,Secondary,0,0,0
Eastern Nile,Maban County,Banishiew,Banishiew Zenk Primary School,Primary,0,0,0
Eastern Nile,Maban County,Banishiew,Banshulgo ALP Centre,ALP,0,0,323
Eastern Nile,Maban County,Banishiew,Dangaji ALP Centre,ALP,0,0,237
Eastern Nile,Maban County,Banishiew,Dangaji ECD School,ECD,0,0,0
Eastern Nile,Maban County,Banishiew,Dangji Basic School,Primary,998,0,998
Eastern Nile,Maban County,Banishiew,Jabir Dida Primary School,Primary,511,0,511
Eastern Nile,Maban County,Banishiew,Kanyaji Primary School,Primary,330,0,330
Eastern Nile,Maban County,Banishiew,Keewaji Basic School,Primary,238,0,238
Eastern Nile,Maban County,Banishiew,Kengoyo Primary School,Primary,442,0,442
Eastern Nile,Maban County,Banishiew,Kenway Primary School,Primary,0,0,0
Eastern Nile,Maban County,Banishiew,Liang ALP Centre,ALP,0,0,0
Eastern Nile,Maban County,Banishiew,Liang Mamure Basic School,Primary,429,0,429
Eastern Nile,Maban County,Banishiew,Yacob Primary School,Primary,300,0,300
Eastern Nile,Maban County,Banishiew,Yianage Primary School,Primary,0,0,0
Eastern Nile,Maban County,Boung,Albunj Complex Secondary School,Secondary,0,207,207
Eastern Nile,Maban County,Boung,Bankuman ALP Centre,ALP,0,0,0
Eastern Nile,Maban County,Boung,Bawkuman Primary,Primary,807,0,807
Eastern Nile,Maban County,Boung,Bouji Secondary School,Secondary,0,307,307
Eastern Nile,Maban County,Boung,Buny Primary School.,Primary,1523,0,1523
Eastern Nile,Maban County,Boung,Catte Primary School.,Primary,667,0,667
Eastern Nile,Maban County,Boung,Gamaji Primary School,Primary,494,0,494
Eastern Nile,Maban County,Boung,Gammage Primary School,Primary,0,0,0
Eastern Nile,Maban County,Boung,Gasmala Basic School,Primary,815,0,815
Eastern Nile,Maban County,Boung,Good Shephered ECD School,ECD,0,0,0
Eastern Nile,Maban County,Boung,Guluweny Primary School,Primary,593,0,593
Eastern Nile,Maban County,Boung,Gulwenye Pre-School,PRE,0,0,199
Eastern Nile,Maban County,Boung,Leka Primary,Primary,0,0,0
Eastern Nile,Maban County,Boung,Thuoye Basic School,Primary,284,0,284
Eastern Nile,Maban County,Boung,Tomagi Primary School,Primary,657,0,657
Eastern Nile,Maban County,Jimkwota,Jinkwota Primary School,Primary,0,0,0
Eastern Nile,Maban County,Jimkwota,Piekaji Primary School.,Primary,539,0,539
Eastern Nile,Maban County,Jimkwota,Unity Primary School,Primary,0,0,0
Eastern Nile,Maban County,Jimkwota,Yousif Batil Secondary School,Secondary,0,634,634
Eastern Nile,Maban County,Jinmagda,Banjalle Primary,Primary,0,0,0
Eastern Nile,Maban County,Jinmagda,Bankita Primary,Primary,0,0,0
Eastern Nile,Maban County,Jinmagda,Jamam Primary,Primary,286,0,286
Eastern Nile,Maban County,Jinmagda,Nushin Primary School,Primary,0,0,0
Eastern Nile,Malakal County,Lelo,Detong Basic school,Primary,0,0,0
Eastern Nile,Malakal County,Lelo,Lelo Primary,Primary,0,0,0
Eastern Nile,Malakal County,Lelo,Malakal East Primary School,Primary,0,0,0
Eastern Nile,Malakal County,Lelo,Malakal El Gezira Primary School,Primary,0,0,0
Eastern Nile,Malakal County,Lelo,Mangalla B Basic school,Primary,0,0,0
Eastern Nile,Malakal County,Lelo,Second Shift ALP Center School,ALP,0,0,0
Eastern Nile,Malakal County,Lelo,Sector II East ALP Centre,ALP,0,0,480
Eastern Nile,Malakal County,Lelo,Sector One Primary School,Primary,724,0,724
Eastern Nile,Malakal County,Lelo,Wajowk Primary,Primary,0,0,0
Eastern Nile,Malakal County,Malakal Central,ALP Second Shift POC Centre,ALP,0,0,0
Eastern Nile,Malakal County,Malakal Central,Arop Co Education Secondary School,Secondary,0,0,0
Eastern Nile,Malakal County,Malakal Central,Bander Boys Primary,Primary,0,0,0
Eastern Nile,Malakal County,Malakal Central,Bander Girls Basic school,Primary,608,0,608
Eastern Nile,Malakal County,Malakal Central,E.C.S Epicapal Basic School,Primary,0,0,0
Eastern Nile,Malakal County,Malakal Central,ECS Basic Primary,Primary,0,0,0
Eastern Nile,Malakal County,Malakal Central,ECS Episcopal St. Peters Secondary School,Secondary,0,0,0
Eastern Nile,Malakal County,Malakal Central,Gelachol Primary,Primary,0,0,0
Eastern Nile,Malakal County,Malakal Central,Giada Boys primary,Primary,0,0,0
Eastern Nile,Malakal County,Malakal Central,Gieda Girls school,Primary,0,0,0
Eastern Nile,Malakal County,Malakal Central,Good sheperd Presbyterian Basic,Primary,475,0,475
Eastern Nile,Malakal County,Malakal Central,Good Shephered Presbyterian Secondary,Secondary,0,0,0
Eastern Nile,Malakal County,Malakal Central,Hai-Salam primary,Primary,0,0,0
Eastern Nile,Malakal County,Malakal Central,Hamdan Bin Rashid Secondary School,Secondary,0,306,306
Eastern Nile,Malakal County,Malakal Central,Hope Primary,Primary,0,0,0
Eastern Nile,Malakal County,Malakal Central,Luigi Adwok Secondary,Secondary,0,0,0
Eastern Nile,Malakal County,Malakal Central,Malakal Commercial Secondary School,Secondary,0,0,0
Eastern Nile,Malakal County,Malakal Central,Malakal POC Sector II ALP Afternoon Shift,ALP,0,0,0
Eastern Nile,Malakal County,Malakal Central,Malakal POC Sector IV ALP Afternoon Shift,ALP,0,0,0
Eastern Nile,Malakal County,Malakal Central,Mijok Primary School,Primary,178,0,178
Eastern Nile,Malakal County,Malakal Central,POC New Extension School 1,Primary,0,0,0
Eastern Nile,Malakal County,Malakal Central,POC New Extension School 2,Primary,0,0,0
Eastern Nile,Malakal County,Malakal Central,Prophet Moses Primary,Primary,0,0,0
Eastern Nile,Malakal County,Malakal Central,Salaam Sector I Primary School,Primary,1297,0,1297
Eastern Nile,Malakal County,Malakal Central,Salaam Sector II Primary School,Primary,921,0,921
Eastern Nile,Malakal County,Malakal Central,Scientific Institute Primary,Primary,0,0,0
Eastern Nile,Malakal County,Malakal Central,Seven Day Advantist Primary,Primary,0,0,0
Eastern Nile,Malakal County,Malakal Central,Shaab Boys primary,Primary,52,0,52
Eastern Nile,Malakal County,Malakal Central,Shaab girls primary,Primary,0,0,0
Eastern Nile,Malakal County,Malakal Central,Sobat Secondary School,Secondary,0,216,216
Eastern Nile,Malakal County,Malakal Central,Sudan Interior Church primary,Primary,259,0,259
Eastern Nile,Malakal County,Malakal Central,Thora Bander Boys Primary School,Primary,0,0,0
Eastern Nile,Malakal County,Malakal Central,Women Development Primary School,Primary,554,0,554
Eastern Nile,Malakal County,Malakal Central,Wonding Primary School,Primary,0,0,0
Eastern Nile,Malakal County,Malakal North,Alsalam primary,Primary,0,0,0
Eastern Nile,Malakal County,Malakal North,Atar Boys Secondary School,Secondary,0,0,0
Eastern Nile,Malakal County,Malakal North,El Jinubia Primary,Primary,0,0,0
Eastern Nile,Malakal County,Malakal North,Hai Elmater Complex primary,Primary,0,0,0
Eastern Nile,Malakal County,Malakal North,Joshua Dei Wang primary,Primary,0,0,0
Eastern Nile,Malakal County,Malakal North,Lwakat Basic School,Primary,400,0,400
Eastern Nile,Malakal County,Malakal North,Malakal POC ALP center,ALP,0,0,237
Eastern Nile,Malakal County,Malakal North,Malakal POC New Extention West Basic,Primary,951,0,951
Eastern Nile,Malakal County,Malakal North,Malakal POC Secondary School,Secondary,0,249,249
Eastern Nile,Malakal County,Malakal North,Malakal PoC Sector 4 Primary School,Primary,1303,0,1303
Eastern Nile,Malakal County,Malakal North,Malakal PoC Sector II ALP Centre,ALP,0,0,0
Eastern Nile,Malakal County,Malakal North,Malakia Boys Basic School,Primary,545,0,545
Eastern Nile,Malakal County,Malakal North,Malakia girls Basic school,Primary,0,0,0
Eastern Nile,Malakal County,Malakal North,New POC Basic School,Primary,0,0,0
Eastern Nile,Malakal County,Malakal North,POC One Basic School,Primary,938,0,938
Eastern Nile,Malakal County,Malakal North,Sora East Girls Primary,Primary,0,0,0
Eastern Nile,Malakal County,Malakal North,Sora Malakia East Boys Primary,Primary,0,0,0
Eastern Nile,Malakal County,Malakal North,Sora West Basic school,Primary,0,0,0
Eastern Nile,Malakal County,Malakal North,Unity National primary,Primary,0,0,0
Eastern Nile,Malakal County,Malakal South,Ajuba Primary School,Primary,297,0,297
Eastern Nile,Malakal County,Malakal South,Assosa complex primary,Primary,0,0,0
Eastern Nile,Malakal County,Malakal South,Assosa Girls Secondary School,Secondary,0,0,0
Eastern Nile,Malakal County,Malakal South,Assosa New Primary,Primary,0,0,0
Eastern Nile,Malakal County,Malakal South,Baliet Secondary School,Secondary,0,0,0
Eastern Nile,Malakal County,Malakal South,Banglai Primary,Primary,0,0,0
Eastern Nile,Malakal County,Malakal South,Dar El Salam Girls Primary School,Primary,0,0,0
Eastern Nile,Malakal County,Malakal South,Dar Salam Boys Primary School,Primary,0,0,0
Eastern Nile,Malakal County,Malakal South,DR. JOHN GARANG BOYS Primary School,Primary,572,0,572
Eastern Nile,Malakal County,Malakal South,Dr. John Garang girls primary,Primary,573,0,573
Eastern Nile,Malakal County,Malakal South,Hai Tenmia primary,Primary,0,0,0
Eastern Nile,Malakal County,Malakal South,Kopuot Primary,Primary,0,0,0
Eastern Nile,Malakal County,Malakal South,Lony Primary School,Primary,0,0,0
Eastern Nile,Malakal County,Malakal South,Malakal Boys Secondary School,Secondary,0,0,0
Eastern Nile,Malakal County,Malakal South,Nyongrial Primary,Primary,0,0,0
Eastern Nile,Malakal County,Malakal South,Ruweng Hope Nursery School,NUR,0,0,0
Eastern Nile,Malakal County,Malakal South,St Andrew Inthary Primary School,Primary,562,0,562
Eastern Nile,Malakal County,Malakal South,Tarawa Basic school,Primary,0,0,0
Eastern Nile,Malakal County,Ogot,Assosa community primary,Primary,0,0,0
Eastern Nile,Malakal County,Ogot,Jesus Shepard Primary School,Primary,0,0,0
Eastern Nile,Malakal County,Ogot,Ogod West Primary,Primary,0,0,0
Eastern Nile,Malakal County,Ogot,OgotEast primary,Primary,0,0,0
Eastern Nile,Malakal County,Ogot,Ogweni Primary School,Primary,0,0,0
Eastern Nile,Malakal County,Ogot,Padit Primary,Primary,0,0,0
Eastern Nile,Malakal County,Ogot,Pamath Primary School,Primary,0,0,0
Eastern Nile,Malakal County,Ogot,Wau Shilluk East Primary School,Primary,0,0,0
Eastern Nile,Malakal County,Ogot,Wau Shilluk West ALP Centre,ALP,0,0,0
Eastern Nile,Malakal County,Ogot,Wau west Primary School,Primary,0,0,0
Eastern Nile,Melut County,Bimachuk,Thak Basic School,Primary,0,0,0
Eastern Nile,Melut County,Galdora,Anyoka Primary School,Primary,129,0,129
Eastern Nile,Melut County,Galdora,Goldra Basic Level School,Primary,337,0,337
Eastern Nile,Melut County,Galdora,Kor Adar Primary school,Primary,517,0,517
Eastern Nile,Melut County,Galdora,Lual Ruum Primary,Primary,649,0,649
Eastern Nile,Melut County,malut,Agape Youth Care Primary,Primary,175,0,175
Eastern Nile,Melut County,malut,Alpha High Secondary School,Secondary,0,453,453
Eastern Nile,Melut County,malut,Athieng Primary School,Primary,298,0,298
Eastern Nile,Melut County,malut,Dimtama 1 Basic School,Primary,1202,0,1202
Eastern Nile,Melut County,malut,Dimtama 2 Primary School,Primary,1395,0,1395
Eastern Nile,Melut County,malut,Dingtoma ALP Centre,ALP,0,0,286
Eastern Nile,Melut County,malut,Dr. John Garang Primary School,Primary,624,0,624
Eastern Nile,Melut County,malut,E.C.S.Sunday Basic School (ECS),Primary,767,0,767
Eastern Nile,Melut County,malut,Good Shepherd Basic School (PCOS),Primary,998,0,998
Eastern Nile,Melut County,malut,Good Shepherd Secondary,Secondary,0,0,0
Eastern Nile,Melut County,malut,Khorflus Secondary School,Secondary,0,314,314
Eastern Nile,Melut County,malut,Leila Academic Primary,Primary,0,0,0
Eastern Nile,Melut County,malut,Malek Secondary School,Secondary,0,0,0
Eastern Nile,Melut County,malut,Malut Girls Primary School,Primary,1058,0,1058
Eastern Nile,Melut County,malut,Melut Mix Secondary school,Secondary,0,0,0
Eastern Nile,Melut County,malut,New Sudan Basic school,Primary,651,0,651
Eastern Nile,Melut County,malut,Nyayoik Basic School,Primary,126,0,126
Eastern Nile,Melut County,malut,Nyayoik Basic School,Primary,0,0,0
Eastern Nile,Melut County,malut,Panamdit Modern Basic school,Primary,365,0,365
Eastern Nile,Melut County,malut,Pariak Basic School,Primary,417,0,417
Eastern Nile,Melut County,malut,Pariak Basic School,Primary,0,0,0
Eastern Nile,Melut County,malut,POC 2 Primary School,Primary,0,0,0
Eastern Nile,Melut County,malut,POC UNIMISS Primary School,Primary,0,0,0
Eastern Nile,Melut County,malut,Salaam (SIDO),Primary,0,0,0
Eastern Nile,Melut County,malut,Sudan Interior Church Primary School,Primary,0,0,0
Eastern Nile,Melut County,Paloch,Church of Christ Primary School,Primary,442,0,442
Eastern Nile,Melut County,Paloch,Paloch 1 Basic School,Primary,1155,0,1155
Eastern Nile,Melut County,Paloch,Trinity Primary School,Primary,1100,0,1100
Eastern Nile,Melut County,Panhomdit,Belgo Primary School,Primary,180,0,180
Eastern Nile,Melut County,Panhomdit,Good Shepherd Primary School,Primary,594,0,594
Eastern Nile,Melut County,Panhomdit,Thiangrial Basic School,Primary,0,0,0
Eastern Nile,Melut County,Panhomdit,Wechilda Primary School,Primary,0,0,0
Eastern Nile,Pigi County,Afar,Atar Primary,Primary,0,0,0
Eastern Nile,Pigi County,Afar,Atar Secondary School,Secondary,0,0,0
Eastern Nile,Pigi County,Alam,Alam Primary School,Primary,0,0,0
Eastern Nile,Pigi County,Alam,Aluel Primary,Primary,0,0,0
Eastern Nile,Pigi County,Alam,Amat Nyang Primary School,Primary,0,0,0
Eastern Nile,Pigi County,Alam,Chuei,Primary,0,0,0
Eastern Nile,Pigi County,Alam,Kholiet Primary School,Primary,0,0,0
Eastern Nile,Pigi County,Alam,Ngong Primary School,Primary,0,0,0
Eastern Nile,Pigi County,Alam,Wun Akot Primary,Primary,0,0,0
Eastern Nile,Pigi County,Alam,Wunlith Primary School,Primary,286,0,286
Eastern Nile,Pigi County,Belawich,Ayom Them Primary School,Primary,0,0,0
Eastern Nile,Pigi County,Belawich,Ayot Primary School,Primary,0,0,0
Eastern Nile,Pigi County,Belawich,Gumriak,Primary,0,0,0
Eastern Nile,Pigi County,Belawich,Koldeng,Primary,0,0,0
Eastern Nile,Pigi County,Belawich,Manbai Primary School,Primary,0,0,0
Eastern Nile,Pigi County,Khorwach,Agaak Primary School,Primary,0,0,0
Eastern Nile,Pigi County,Khorwach,Amannyang Primary School,Primary,0,0,0
Eastern Nile,Pigi County,Khorwach,Awulien Primary School,Primary,0,0,0
Eastern Nile,Pigi County,Khorwach,Chuei Primary,Primary,0,0,0
Eastern Nile,Pigi County,Khorwach,Kholchur Primary School,Primary,0,0,0
Eastern Nile,Pigi County,Khorwach,Khorwach Primary School,Primary,0,0,0
Eastern Nile,Pigi County,Khorwach,Tuometim,Primary,0,0,0
Eastern Nile,Pigi County,Mareng,Belawich Primary School,Primary,0,0,0
Eastern Nile,Pigi County,Nyinthok,Agak Primary School,Primary,0,0,0
Eastern Nile,Pigi County,Nyinthok,Ayiei Primary School,Primary,0,0,0
Eastern Nile,Pigi County,Nyinthok,ECS Basic,Primary,0,0,0
Eastern Nile,Pigi County,Nyinthok,Khorfulus Primary School,Primary,242,0,242
Eastern Nile,Pigi County,Nyinthok,Nyinthok,Primary,0,0,0
Eastern Nile,Pigi County,Nyinthok,Papiew Primary School,Primary,0,0,0
Eastern Nile,Pigi County,Nyinthok,Ponypiot,Primary,0,0,0
Eastern Nile,Pigi County,Nyinthok,Wun Mijak Primary,Primary,0,0,0
Eastern Nile,Pigi County,Nyinthok,Wunarop Primary School,Primary,0,0,0
Eastern Nile,Pigi County,Wunlem,Akol Chol Primary School,Primary,0,0,0
Eastern Nile,Pigi County,Wunlem,Belawich Primary School,Primary,0,0,0
Eastern Nile,Pigi County,Wunlem,Khan Primay School,Primary,0,0,0
Eastern Nile,Pigi County,Wunlem,Wunadol Primary School,Primary,0,0,0
Eastern Nile,Pigi County,Wunlem,Wunkiir,Primary,0,0,0
Eastern Nile,Pigi County,Wunlem,Wunlem Primary School,Primary,0,0,0
Eastern Nile,Renk County,Chamade,Babnees Basic School,Primary,0,0,0
Eastern Nile,Renk County,Chamade,Got choly Got Primary,Primary,0,0,0
Eastern Nile,Renk County,Chamade,Shamidi North Primary,Primary,250,0,250
Eastern Nile,Renk County,Chamade,shamidi Primary School,Primary,0,0,0
Eastern Nile,Renk County,Chamade,Sunday lathbier primary,Primary,0,0,0
Eastern Nile,Renk County,Geigar,Duk Duk Primary School,Primary,0,0,0
Eastern Nile,Renk County,Geigar,El-Remella Basic School,Primary,0,0,0
Eastern Nile,Renk County,Geigar,Geiger Boys Primary,Primary,161,0,161
Eastern Nile,Renk County,Geigar,Geiger everning primary,Primary,0,0,0
Eastern Nile,Renk County,Geigar,Geiger Girls Primary School,Primary,214,0,214
Eastern Nile,Renk County,Geigar,Gerbanat Basic School,Primary,0,0,0
Eastern Nile,Renk County,Geigar,Gieger Secondary School,Secondary,0,0,0
Eastern Nile,Renk County,Geigar,Goz Fami Basic School,Primary,0,0,0
Eastern Nile,Renk County,Geigar,Hamdok Primary,Primary,0,0,0
Eastern Nile,Renk County,Geigar,K5 Basic School,Primary,0,0,0
Eastern Nile,Renk County,Geigar,Kolang Primary School,Primary,0,0,0
Eastern Nile,Renk County,Geigar,um-dulus Primary,Primary,0,0,0
Eastern Nile,Renk County,Geigar,Wad Bodha Primary Scool,Primary,0,0,0
Eastern Nile,Renk County,Jelhak,Bangang Basic School,Primary,134,0,134
Eastern Nile,Renk County,Jelhak,Jelhak Integrated S. School,Secondary,0,0,0
Eastern Nile,Renk County,Jelhak,Jelhak Primary School,Primary,614,0,614
Eastern Nile,Renk County,Jelhak,Ketpiol Basic School,Primary,315,0,315
Eastern Nile,Renk County,Jelhak,Maina Primary School,Primary,0,0,0
Eastern Nile,Renk County,Jelhak,Majak Primary School,Primary,0,0,0
Eastern Nile,Renk County,Jelhak,Mulbook Primary School,Primary,252,0,252
Eastern Nile,Renk County,Jelhak,Tongair Primary,Primary,0,0,0
Eastern Nile,Renk County,North Renk,Abayak Pre School,PRE,0,0,0
Eastern Nile,Renk County,North Renk,Abu Khadra Basic School,Primary,136,0,136
Eastern Nile,Renk County,North Renk,Alsalam Girls Basic Primary,Primary,268,0,268
Eastern Nile,Renk County,North Renk,Chief Monydeng ECD School,ECD,0,0,0
Eastern Nile,Renk County,North Renk,Comboni Basic School,Primary,1424,0,1424
Eastern Nile,Renk County,North Renk,Comboni Catholic Church Pre-Primary School,PRE,0,0,558
Eastern Nile,Renk County,North Renk,Comboni Secondary School,Secondary,0,123,123
Eastern Nile,Renk County,North Renk,Dr John Garang Primary School,Primary,976,0,976
Eastern Nile,Renk County,North Renk,Duma ALP Centre,ALP,0,0,0
Eastern Nile,Renk County,North Renk,El-Dawa Islamic Organisation Boys,Primary,435,0,435
Eastern Nile,Renk County,North Renk,Elawia Abdal Farag Secondary School,Secondary,0,122,122
Eastern Nile,Renk County,North Renk,Elhegera Basic School,Primary,0,0,0
Eastern Nile,Renk County,North Renk,Islamic Compound Kindergarden,PRE,0,0,0
Eastern Nile,Renk County,North Renk,Kodiet Secondary,Secondary,0,0,0
Eastern Nile,Renk County,North Renk,Nazir Lul Deng Kak ALP Centre,ALP,0,0,1081
Eastern Nile,Renk County,North Renk,Nuj Kur Chol Pre School,PRE,0,0,0
Eastern Nile,Renk County,North Renk,Paiwer ECD School,ECD,0,0,0
Eastern Nile,Renk County,North Renk,Police Primary,Primary,0,0,0
Eastern Nile,Renk County,North Renk,Presbytery Primary,Primary,593,0,593
Eastern Nile,Renk County,North Renk,Renk 3 Basic School,Primary,0,0,0
Eastern Nile,Renk County,North Renk,Renk 3 evening primary,Primary,0,0,0
Eastern Nile,Renk County,North Renk,Renk Boys Secondary School,Secondary,0,87,87
Eastern Nile,Renk County,North Renk,Root of LOve Dasic School,Primary,0,0,0
Eastern Nile,Renk County,North Renk,Sunday Basic School,Primary,947,0,947
Eastern Nile,Renk County,North Renk,Yabioc Secondary,Secondary,0,169,169
Eastern Nile,Renk County,South Renk,Abyuk Primary School,Primary,500,0,500
Eastern Nile,Renk County,South Renk,Chief Monydong Primary,Primary,348,0,348
Eastern Nile,Renk County,South Renk,Chief Shoum Alinj Primary,Primary,725,0,725
Eastern Nile,Renk County,South Renk,Dawa evening primary,Primary,0,0,0
Eastern Nile,Renk County,South Renk,Dawa Girls primary,Primary,442,0,442
Eastern Nile,Renk County,South Renk,Dr John Garang ALP School,ALP,0,0,275
Eastern Nile,Renk County,South Renk,Elizalyke Primary School,Primary,0,0,0
Eastern Nile,Renk County,South Renk,Hai Annasr Primary School,Primary,152,0,152
Eastern Nile,Renk County,South Renk,Jok Yousof Ngor Primary,Primary,390,0,390
Eastern Nile,Renk County,South Renk,Muhamed Bin Fauzan Primary School,Primary,20,0,20
Eastern Nile,Renk County,South Renk,NajKur chol Primary,Primary,1013,0,1013
Eastern Nile,Renk County,South Renk,Nazel Lul Primary,Primary,902,0,902
Eastern Nile,Renk County,South Renk,Paiwar Primary School,Primary,203,0,203
Eastern Nile,Renk County,South Renk,Presbyterian Church Secondary,Secondary,0,0,0
Eastern Nile,Renk County,South Renk,Renk 1 Boys Basic School,Primary,0,0,0
Eastern Nile,Renk County,South Renk,Renk Episcopal Secondary School,Secondary,0,370,370
Eastern Nile,Renk County,South Renk,Renk Everning Secondary,Secondary,0,0,0
Eastern Nile,Renk County,South Renk,Renk Girls Secondary School,Secondary,0,114,114
Eastern Nile,Renk County,South Renk,Ruadh ALP School,ALP,0,0,0
Eastern Nile,Renk County,South Renk,Shawg Dalung Secondary School,Secondary,0,247,247
Eastern Nile,Renk County,South Renk,Wanthow Primary School,Primary,237,0,237
Western Nile,Kodok County,Kodok,Atar Primary School,Primary,510,0,510
Western Nile,Kodok County,Kodok,Gollocombine Primary School.,Primary,351,0,351
Western Nile,Kodok County,Kodok,Jesus the Shepherd Primary School,Primary,0,0,0
Western Nile,Kodok County,Kodok,Kodok ALP Centre,ALP,0,0,247
Western Nile,Kodok County,Kodok,Kodok Boys Primary,Primary,0,0,0
Western Nile,Kodok County,Kodok,Kodok Girls Basic School,Primary,703,0,703
Western Nile,Kodok County,Kodok,Kodok IDP Primary School,Primary,0,0,0
Western Nile,Kodok County,Kodok,Kodok II primary,Primary,0,0,0
Western Nile,Kodok County,Kodok,Kodok Secondary School,Secondary,0,79,79
Western Nile,Kodok County,Kodok,Lemo Complex Primary School,Primary,0,0,0
Western Nile,Kodok County,Kodok,Nyigier Primary,Primary,207,0,207
Western Nile,Kodok County,Kodok,St. Peter Complex Primary School,Primary,0,0,0
Western Nile,Kodok County,Kodok,St. Stephen Primary,Primary,218,0,218
Western Nile,Kodok County,Kodok,Wicowang Primary School,Primary,416,0,416
Western Nile,Kodok County,Lul,Abanin Primary School,Primary,0,0,0
Western Nile,Kodok County,Lul,Achak Primary,Primary,486,0,486
Western Nile,Kodok County,Lul,Bol Primary School,Primary,0,0,0
Western Nile,Kodok County,Lul,Dekech Primary School,Primary,0,0,0
Western Nile,Kodok County,Lul,Lul 2 Primary School,Primary,0,0,0
Western Nile,Kodok County,Lul,Lul I Primary School,Primary,277,0,277
Western Nile,Kodok County,Lul,Nyingaro Primary School,Primary,0,0,0
Western Nile,Kodok County,Lul,Oriny Primary,Primary,369,0,369
Western Nile,Manyo County,Athiidwony,Athidway Primary School.,Primary,174,0,174
Western Nile,Manyo County,Athiidwony,Awet Primary,Primary,287,0,287
Western Nile,Manyo County,Athiidwony,Dilal Ajack Primary,Primary,222,0,222
Western Nile,Manyo County,Athiidwony,Dimeth Primary,Primary,0,0,0
Western Nile,Manyo County,Athiidwony,Nyileaj Primary,Primary,278,0,278
Western Nile,Manyo County,Athiidwony,Panikang primary,Primary,0,0,0
Western Nile,Manyo County,Athiidwony,Thor Primary,Primary,240,0,240
Western Nile,Manyo County,Kaka,Adeeri Mixed Primary School.,Primary,0,0,0
Western Nile,Manyo County,Kaka,Agout primary,Primary,0,0,0
Western Nile,Manyo County,Kaka,Akorwa Primary,Primary,0,0,0
Western Nile,Manyo County,Kaka,Ganwat Primary School,Primary,0,0,0
Western Nile,Manyo County,Kaka,Kaka Alsalam Primary,Primary,0,0,0
Western Nile,Manyo County,Kaka,Kaka Basic,Primary,0,0,0
Western Nile,Manyo County,Kaka,Kaka Complex Secondary School,Secondary,0,0,0
Western Nile,Manyo County,Kaka,Kaka Girls primary,Primary,0,0,0
Western Nile,Manyo County,Kaka,Mannam Basic,Primary,0,0,0
Western Nile,Manyo County,Kaka,Noun Primary School,Primary,0,0,0
Western Nile,Manyo County,Kaka,Obwud Primary School,Primary,0,0,0
Western Nile,Manyo County,Kaka,Thorgoang Primary School.,Primary,0,0,0
Western Nile,Manyo County,Wadakona,Albushara Primary School,Primary,0,0,0
Western Nile,Manyo County,Wadakona,Alshaid Abdusalam Basic School.,Primary,0,0,0
Western Nile,Manyo County,Wadakona,Ayad Primary School.,Primary,0,0,0
Western Nile,Manyo County,Wadakona,Comboni Basic School.,Primary,0,0,0
Western Nile,Manyo County,Wadakona,El Kwek Basic school,Primary,0,0,0
Western Nile,Manyo County,Wadakona,Maganis Basic school,Primary,0,0,0
Western Nile,Manyo County,Wadakona,Omaro Primary school,Primary,71,0,71
Western Nile,Manyo County,Wadakona,Pio Yukwan P,Primary,0,0,0
Western Nile,Manyo County,Wadakona,Pioyukwan Secondary School,Secondary,0,0,0
Western Nile,Manyo County,Wadakona,Salam Primary School,Primary,0,0,0
Western Nile,Manyo County,Wadakona,Wadakona Boys Primary School,Primary,0,0,0
Western Nile,Manyo County,Wadakona,Wadakona Girls Primary School,Primary,0,0,0
Western Nile,Manyo County,Wadakona,Wadakona Primary School,Primary,218,0,218
Western Nile,Panyikang County,Dhethim,Alel Primary School,Primary,0,0,0
Western Nile,Panyikang County,Dhethim,Dolieb Hill Primary School,Primary,0,0,0
Western Nile,Panyikang County,Dhethim,Obel I Primary School,Primary,289,0,289
Western Nile,Panyikang County,Dhethim,Obel II Primary School,Primary,0,0,0
Western Nile,Panyikang County,Dhethim,Owaci Combined Basic School,Primary,74,0,74
Western Nile,Panyikang County,Pakang,Darpwojo pakang primary,Primary,0,0,0
Western Nile,Panyikang County,Pakang,Obay abouib primary,Primary,0,0,0
Western Nile,Panyikang County,Pakang,Obayi Dheego Primary,Primary,0,0,0
Western Nile,Panyikang County,Pakang,Pakang Primary,Primary,0,0,0
Western Nile,Panyikang County,Panyiduai,Obel (3) Basic School,Primary,0,0,0
Western Nile,Panyikang County,Panyiduai,Yapuang Primary School,Primary,0,0,0
Western Nile,Panyikang County,Panyikang,Ayemkar Presbyterian Primary School,Primary,0,0,0
Western Nile,Panyikang County,Panyikang,Nogdiar Girls Primary School,Primary,0,0,0
Western Nile,Panyikang County,Panyikang,Nyilwak 1 Basic School,Primary,217,0,217
Western Nile,Panyikang County,Panyikang,Panyikang Primary,Primary,0,0,0
Western Nile,Panyikang County,Panyikang,Wejpatuk Primary,Primary,0,0,0
Western Nile,Panyikang County,Panyikang,Wijpathwonh Primary,Primary,0,0,0
Western Nile,Panyikang County,Tonga,Dhokalal primary,Primary,0,0,0
Western Nile,Panyikang County,Tonga,Dr. Kunjwok Secondary,Secondary,0,0,0
Western Nile,Panyikang County,Tonga,Nyijwado Primary School.,Primary,0,0,0
Western Nile,Panyikang County,Tonga,Pachal Primary,Primary,0,0,0
Western Nile,Panyikang County,Tonga,Papwojo Primary,Primary,113,0,113
Western Nile,Panyikang County,Tonga,Tonga Boys Primary,Primary,887,0,887
Western Nile,Panyikang County,Tonga,Tonga girls Primary,Primary,0,0,0
Western Nile,Panyikang County,Tonga,Wicajwok Basic,Primary,0,0,0
Ruweng,Abiemnon County,Abiemnom,Abiemnom Primary School,Primary,475,0,475
Ruweng,Abiemnon County,Abiemnom,Abiemnom Secondary School,Secondary,0,486,486
Ruweng,Abiemnon County,Abiemnom,Agongbek Primary School,Primary,637,0,637
Ruweng,Abiemnon County,Abiemnom,Awarepiiny Primary School.,Primary,406,0,406
Ruweng,Abiemnon County,Abiemnom,Bangbang ALP Centre,ALP,0,0,0
Ruweng,Abiemnon County,Abiemnom,Biemkat Primary,Primary,416,0,416
Ruweng,Abiemnon County,Abiemnom,Gumriak Primary School,Primary,0,0,0
Ruweng,Abiemnon County,Abiemnom,Jotbainom AES Centre Private School,AES,0,0,214
Ruweng,Abiemnon County,Abiemnom,kolmalek Primary School,Primary,532,0,532
Ruweng,Abiemnon County,Abiemnom,Magok Primary,Primary,405,0,405
Ruweng,Abiemnon County,Abiemnom,Thargoup Pre School,PRE,0,0,0
Ruweng,Abiemnon County,Abiemnom,Wurem Primary School,Primary,503,0,503
Ruweng,Abiemnon County,Aworpiny,Bourach Primary School,Primary,162,0,162
Ruweng,Abiemnon County,Manajoga,Rummiyar Primary School,Primary,457,0,457
Ruweng,Abiemnon County,Panyang,Biem Primary School,Primary,280,0,280
Ruweng,Abiemnon County,Panyang,Dak Awan Primary,Primary,0,0,0
Ruweng,Abiemnon County,Panyang,Pagalang Primary School,Primary,0,0,0
Ruweng,Abiemnon County,Panyang,Pangok Primary School,Primary,794,0,794
Ruweng,Abiemnon County,Panyang,Panriang Co-Education Sec. School,Secondary,0,0,0
Ruweng,Abiemnon County,Panyang,Panyang Primary,Primary,260,0,260
Ruweng,Abiemnon County,Panyang,Panyang Primary School,Primary,546,0,546
Ruweng,Abiemnon County,Panyang,Papendeer Primary School,Primary,0,0,0
Ruweng,Abiemnon County,Panyang,Wunameth Primary School,Primary,364,0,364
Ruweng,Abiemnon County,Panyang,Yien Primary School.,Primary,0,0,0
Ruweng,Panrieng County,Aliiny,Alilang Primary School,Primary,308,0,308
Ruweng,Panrieng County,Aliiny,Alilang Two (2) Primary School,Primary,0,0,0
Ruweng,Panrieng County,Aliiny,Athony Primary School,Primary,0,0,0
Ruweng,Panrieng County,Aliiny,Bongki Primary School,Primary,306,0,306
Ruweng,Panrieng County,Aliiny,Pachat Primary School,Primary,0,0,0
Ruweng,Panrieng County,Aliiny,Unity Primary School,Primary,0,0,0
Ruweng,Panrieng County,Aliiny,Wun-Kur,Primary,0,0,0
Ruweng,Panrieng County,Biu,Agarak Primary,Primary,0,0,0
Ruweng,Panrieng County,Biu,Aliap Primary School,Primary,0,0,0
Ruweng,Panrieng County,Biu,Alooch Primary School,Primary,0,0,0
Ruweng,Panrieng County,Biu,Bhal Primary School,Primary,0,0,0
Ruweng,Panrieng County,Biu,Biu Primary School,Primary,131,0,131
Ruweng,Panrieng County,Biu,Buordeng Primary School,Primary,0,0,0
Ruweng,Panrieng County,Biu,Lele Primary,Primary,0,0,0
Ruweng,Panrieng County,Biu,Nyabile Primary,Primary,0,0,0
Ruweng,Panrieng County,Biu,Nyarweng Primary School,Primary,481,0,481
Ruweng,Panrieng County,Biu,Panthur Primary School,Primary,0,0,0
Ruweng,Panrieng County,Biu,Pathieng Primary,Primary,0,0,0
Ruweng,Panrieng County,Biu,Yida Primary School,Primary,523,0,523
Ruweng,Panrieng County,Jamjang,Alwa Primary School,Primary,318,0,318
Ruweng,Panrieng County,Jamjang,Awulu Primary School,Primary,0,0,0
Ruweng,Panrieng County,Jamjang,Bankee Primary School,Primary,0,0,0
Ruweng,Panrieng County,Jamjang,Bankhi Primary School,Primary,1193,0,1193
Ruweng,Panrieng County,Jamjang,Jamjang Primary School.,Primary,0,0,0
Ruweng,Panrieng County,Jamjang,Labang Primary School,Primary,0,0,0
Ruweng,Panrieng County,Jamjang,Makuria Primary School,Primary,1054,0,1054
Ruweng,Panrieng County,Jamjang,Mankuar Community Primary School,Primary,0,0,0
Ruweng,Panrieng County,Jamjang,Merowe Primary School,Primary,633,0,633
Ruweng,Panrieng County,Jamjang,Napat ALP Centre,ALP,0,0,0
Ruweng,Panrieng County,Jamjang,Soba Senior Secondary School,Secondary,0,555,555
Ruweng,Panrieng County,Nyeel,Adiei Primary School,Primary,0,0,0
Ruweng,Panrieng County,Nyeel,Akok Primary School,Primary,0,0,0
Ruweng,Panrieng County,Nyeel,Kong Primary School,Primary,0,0,0
Ruweng,Panrieng County,Nyeel,Kumagon Primary School,Primary,213,0,213
Ruweng,Panrieng County,Nyeel,Merowe ALP Centre,ALP,0,0,0
Ruweng,Panrieng County,Nyeel,Nyiel Primary School,Primary,0,0,0
Ruweng,Panrieng County,Nyeel,Nyongrial Primary School,Primary,0,0,0
Ruweng,Panrieng County,Nyeel,Wengdhier Primary School,Primary,0,0,0
Ruweng,Panrieng County,Pariang,Abujojo Pre School,PRE,0,0,0
Ruweng,Panrieng County,Pariang,Al-Amasha Pre - School,PRE,0,0,0
Ruweng,Panrieng County,Pariang,Allwa Six Pre School,PRE,0,0,0
Ruweng,Panrieng County,Pariang,Bangi Alazem Pre School,PRE,0,0,0
Ruweng,Panrieng County,Pariang,Bright Future Primary School,Primary,0,0,0
Ruweng,Panrieng County,Pariang,Bright Stake Pre School,PRE,0,0,0
Ruweng,Panrieng County,Pariang,Community Self-help Primary School,Primary,260,0,260
Ruweng,Panrieng County,Pariang,Dr John Garang A Primary School,Primary,953,0,953
Ruweng,Panrieng County,Pariang,Father Philip Pre School,PRE,0,0,0
Ruweng,Panrieng County,Pariang,Future Primary School,Primary,792,0,792
Ruweng,Panrieng County,Pariang,Gumriak Ophan Primary,Primary,0,0,0
Ruweng,Panrieng County,Pariang,Guwaka Pre School,PRE,0,0,0
Ruweng,Panrieng County,Pariang,Hope Primary School,Primary,572,0,572
Ruweng,Panrieng County,Pariang,Jabadi Primary School,Primary,261,0,261
Ruweng,Panrieng County,Pariang,Kings of Naba Pre - School,PRE,0,0,0
Ruweng,Panrieng County,Pariang,Kings Of Nuba Primary School,Primary,0,0,0
Ruweng,Panrieng County,Pariang,Komolo Primary School,Primary,613,0,613
Ruweng,Panrieng County,Pariang,Kuku Pre School,PRE,0,0,0
Ruweng,Panrieng County,Pariang,Kush Primaey School,Primary,811,0,811
Ruweng,Panrieng County,Pariang,Lake No Primary Scho,Primary,0,0,0
Ruweng,Panrieng County,Pariang,Light Future Pre School,PRE,0,0,0
Ruweng,Panrieng County,Pariang,Mandela Scondary School,Secondary,0,501,501
Ruweng,Panrieng County,Pariang,Martyrs Primary School,Primary,0,0,0
Ruweng,Panrieng County,Pariang,Meepan Pre School,PRE,0,0,0
Ruweng,Panrieng County,Pariang,Model Pre - School,PRE,0,0,0
Ruweng,Panrieng County,Pariang,Mop Pre School,PRE,0,0,0
Ruweng,Panrieng County,Pariang,Mother Tratha Primary School,Primary,0,0,0
Ruweng,Panrieng County,Pariang,Naminit Primary School,Primary,0,0,0
Ruweng,Panrieng County,Pariang,Napata Primary School,Primary,1095,0,1095
Ruweng,Panrieng County,Pariang,Nhomalau Primary School,Primary,0,0,0
Ruweng,Panrieng County,Pariang,Nob Pre School,PRE,0,0,0
Ruweng,Panrieng County,Pariang,Nomlou Primary School,Primary,140,0,140
Ruweng,Panrieng County,Pariang,Panlou Primary School,Primary,0,0,0
Ruweng,Panrieng County,Pariang,Panrieng A Primary School,Primary,672,0,672
Ruweng,Panrieng County,Pariang,Panrieng Secondary School,Secondary,0,144,144
Ruweng,Panrieng County,Pariang,Panyang Secondary,Secondary,0,0,0
Ruweng,Panrieng County,Pariang,Parieng Primary School,Primary,0,0,0
Ruweng,Panrieng County,Pariang,Rahy Salah Primary School,Primary,0,0,0
Ruweng,Panrieng County,Pariang,Revulation Pre School,PRE,0,0,0
Ruweng,Panrieng County,Pariang,River Wood Primary School,Primary,0,0,0
Ruweng,Panrieng County,Pariang,Salam Primary School,Primary,0,0,0
Ruweng,Panrieng County,Pariang,Savana Pre School,PRE,0,0,0
Ruweng,Panrieng County,Pariang,St Machael Primary School,Primary,504,0,504
Ruweng,Panrieng County,Pariang,St. Mary Primary School,Primary,0,0,0
Ruweng,Panrieng County,Pariang,St. Stephen Primary School,Primary,0,0,0
Ruweng,Panrieng County,Pariang,Tabrass Pre School,PRE,0,0,0
Ruweng,Panrieng County,Pariang,Tirhaka Pre School,PRE,0,0,0
Ruweng,Panrieng County,Pariang,Twelve Star Pre School,PRE,0,0,0
Ruweng,Panrieng County,Pariang,Unity Five Pre School,PRE,0,0,0
Ruweng,Panrieng County,Pariang,Unity Nine Pre - School,PRE,0,0,0
Ruweng,Panrieng County,Pariang,Unity Pre School,PRE,0,0,265
Ruweng,Panrieng County,Pariang,Vision Secondary School,Secondary,0,244,244
Ruweng,Panrieng County,Pariang,Yousif Primary School,Primary,656,0,656
Ruweng,Panrieng County,Wunkur,Liorli Primary School,Primary,150,0,150
Ruweng,Panrieng County,Wunkur,Madgo Primary School,Primary,0,0,0
Ruweng,Panrieng County,Wunkur,Panthiai Primary School,Primary,0,0,0
Ruweng,Panrieng County,Wunkur,Wunkur Primary,Primary,0,0,0
Terekeka,Terekeka County,Gemeiza,Gemeiza Primary School,Primary,298,0,298
Terekeka,Terekeka County,Gemeiza,Kanyawal primary,Primary,0,0,0
Terekeka,Terekeka County,Gemeiza,Khorsomba Primary School,Primary,285,0,285
Terekeka,Terekeka County,Gemeiza,Yeki Primary School,Primary,182,0,182
Terekeka,Terekeka County,Muni,Bodok Primary School,Primary,302,0,302
Terekeka,Terekeka County,Muni,Bokana Primary School,Primary,300,0,300
Terekeka,Terekeka County,Muni,Muni Lake Primary School,Primary,200,0,200
Terekeka,Terekeka County,Muni,Tukoro Primary School,Primary,175,0,175
Terekeka,Terekeka County,Muni,Yebisak Primary School,Primary,88,0,88
Terekeka,Terekeka County,Nyori,Bariarie Primary School,Primary,0,0,0
Terekeka,Terekeka County,Nyori,keji Juba primary,Primary,456,0,456
Terekeka,Terekeka County,Nyori,Kuda Primary,Primary,221,0,221
Terekeka,Terekeka County,Nyori,Moridi Primary School,Primary,149,0,149
Terekeka,Terekeka County,Rego,Bura Primary School,Primary,129,0,129
Terekeka,Terekeka County,Rego,Gwulukuk Primary School,Primary,214,0,214
Terekeka,Terekeka County,Rego,Kwornyang Primary School,Primary,400,0,400
Terekeka,Terekeka County,Rego,Lojora Primary School,Primary,309,0,309
Terekeka,Terekeka County,Rego,Lowa koke Primary,Primary,289,0,289
Terekeka,Terekeka County,Rejong,Jonkok Basic Primary School,Primary,0,0,0
Terekeka,Terekeka County,Rejong,Kawari Primary School,Primary,0,0,0
Terekeka,Terekeka County,Rejong,Rijong Primary,Primary,0,0,0
Terekeka,Terekeka County,Tali,ATIT dudu Primary School,Primary,260,0,260
Terekeka,Terekeka County,Tali,Bari Primary School,Primary,415,0,415
Terekeka,Terekeka County,Tali,Bukon Primary School,Primary,286,0,286
Terekeka,Terekeka County,Tali,Dari Primary School,Primary,468,0,468
Terekeka,Terekeka County,Tali,Jodu Primary School,Primary,286,0,286
Terekeka,Terekeka County,Tali,Kiu Primary School,Primary,367,0,367
Terekeka,Terekeka County,Tali,Mading Primary School.,Primary,416,0,416
Terekeka,Terekeka County,Tali,MIJIKI Primary School,Primary,285,0,285
Terekeka,Terekeka County,Tali,MINA Primary School,Primary,342,0,342
Terekeka,Terekeka County,Tali,MOKIDO Primary School,Primary,477,0,477
Terekeka,Terekeka County,Tali,PAGARA Primary School,Primary,399,0,399
Terekeka,Terekeka County,Tali,Pododi Primary School,Primary,415,0,415
Terekeka,Terekeka County,Tali,Roro Primary School,Primary,286,0,286
Terekeka,Terekeka County,Tali,St Daniel Comboni Nursery School,PRE,0,0,145
Terekeka,Terekeka County,Tali,St. Daniel Comboni Primary School,Primary,347,0,347
Terekeka,Terekeka County,Tali,Tali ALP Centre,ALP,0,0,549
Terekeka,Terekeka County,Tali,TALI MODEL Primary School,Primary,648,0,648
Terekeka,Terekeka County,Tali,Tali Secondary,Secondary,0,206,206
Terekeka,Terekeka County,Tali,Temchar Primary School,Primary,418,0,418
Terekeka,Terekeka County,Terekeka,Jor Primary School,Primary,0,0,0
Terekeka,Terekeka County,Terekeka,Lokweni Primary School,Primary,411,0,411
Terekeka,Terekeka County,Terekeka,Lopuja Primary School,Primary,0,0,0
Terekeka,Terekeka County,Terekeka,Nyikabur Primary School,Primary,273,0,273
Terekeka,Terekeka County,Terekeka,Pokor Primary School,Primary,286,0,286
Terekeka,Terekeka County,Terekeka,St Mary Accelerating ALP Centre,ALP,0,0,118
Terekeka,Terekeka County,Terekeka,St Mary Nursery School,PRE,0,0,153
Terekeka,Terekeka County,Terekeka,St Mary Secondary School,Secondary,0,181,181
Terekeka,Terekeka County,Terekeka,St Stephen Nusery School,PRE,0,0,96
Terekeka,Terekeka County,Terekeka,St Stephen Senior Secondary School,Secondary,0,156,156
Terekeka,Terekeka County,Terekeka,St. Bartholomews Nursery School,PRE,0,0,0
Terekeka,Terekeka County,Terekeka,St. Mary Primary School,Primary,830,0,830
Terekeka,Terekeka County,Terekeka,St. Stephen Primary School,Primary,772,0,772
Terekeka,Terekeka County,Terekeka,Terekeka Nursery School,PRE,0,0,121
Terekeka,Terekeka County,Terekeka,Terekeka Primary School,Primary,1143,0,1143
Terekeka,Terekeka County,Terekeka,Terekeka Secondary,Secondary,0,250,250
Terekeka,Terekeka County,Tindilo,MUNDARI BURA Primary School,Primary,0,0,0
Terekeka,Terekeka County,Tindilo,RAJAF Primary School,Primary,0,0,0
Terekeka,Terekeka County,Tindilo,Timothy Primary School,Primary,320,0,320
Terekeka,Terekeka County,Tindilo,Tindilo Basic School,Primary,225,0,225
Terekeka,Terekeka County,Tombek,Light of Hope Nursery and Primary School,Primary,139,0,139
Tonj State,Tonj East County,Ananatak,Ananatak Primary School,Primary,192,0,192
Tonj State,Tonj East County,Ananatak,Kacuat Primary School,Primary,572,0,572
Tonj State,Tonj East County,Ananatak,Lol-Liith Primary School,Primary,0,0,0
Tonj State,Tonj East County,Ananatak,Malualcum,Primary,286,0,286
Tonj State,Tonj East County,Ananatak,Mider Primary School,Primary,153,0,153
Tonj State,Tonj East County,Ananatak,Ngabagok Primary School,Primary,707,0,707
Tonj State,Tonj East County,Ananatak,Ngabanet Primary School,Primary,302,0,302
Tonj State,Tonj East County,Ananatak,Palubuok Primary School,Primary,0,0,0
Tonj State,Tonj East County,Makuach,Aleel Primary,Primary,442,0,442
Tonj State,Tonj East County,Makuach,Alongjooth Primary School,Primary,415,0,415
Tonj State,Tonj East County,Makuach,Angijoong Primary School,Primary,344,0,344
Tonj State,Tonj East County,Makuach,Ayok Primary School,Primary,390,0,390
Tonj State,Tonj East County,Makuach,Makuac Primary School,Primary,572,0,572
Tonj State,Tonj East County,Makuach,Malou Primary,Primary,283,0,283
Tonj State,Tonj East County,Makuach,Mapara Primary School,Primary,572,0,572
Tonj State,Tonj East County,Makuach,Marial-Tiit Primary School,Primary,286,0,286
Tonj State,Tonj East County,Makuach,Wunabii Primary School,Primary,286,0,286
Tonj State,Tonj East County,Palal,Abiei Primary School,Primary,286,0,286
Tonj State,Tonj East County,Palal,Akier Primary School,Primary,286,0,286
Tonj State,Tonj East County,Palal,Paguet Primary School,Primary,192,0,192
Tonj State,Tonj East County,Palal,Palaal Primary School,Primary,389,0,389
Tonj State,Tonj East County,Paliang,Abior Primary,Primary,416,0,416
Tonj State,Tonj East County,Paliang,Fr. Cicacci Comboni Primary,Primary,757,0,757
Tonj State,Tonj East County,Paliang,Gak-Looc Primary School,Primary,624,0,624
Tonj State,Tonj East County,Paliang,Paliang Primary,Primary,624,0,624
Tonj State,Tonj East County,Paliang,Romic Secondary,Secondary,0,251,251
Tonj State,Tonj East County,Paliang,Rumabuth Primary School,Primary,702,0,702
Tonj State,Tonj East County,Paweng,Akoc cok Primary School,Primary,229,0,229
Tonj State,Tonj East County,Paweng,Apuuk-Lian Primary School,Primary,313,0,313
Tonj State,Tonj East County,Paweng,Juolgok Primary School,Primary,356,0,356
Tonj State,Tonj East County,Paweng,Ngelmar Primary School,Primary,280,0,280
Tonj State,Tonj East County,Paweng,Nyinyien Primary school,Primary,312,0,312
Tonj State,Tonj East County,Paweng,Pan-Mill Primary School,Primary,392,0,392
Tonj State,Tonj East County,Paweng,Pan-Nhial Primary School,Primary,309,0,309
Tonj State,Tonj East County,Paweng,Paweng Primary School,Primary,338,0,338
Tonj State,Tonj East County,Paweng,Ugor Primary School,Primary,161,0,161
Tonj State,Tonj East County,Wunlit,Ager Primary School,Primary,286,0,286
Tonj State,Tonj East County,Wunlit,Angottek Primary School,Primary,286,0,286
Tonj State,Tonj East County,Wunlit,Anhiany -Loc Primary school,Primary,286,0,286
Tonj State,Tonj East County,Wunlit,Kuer-Bach Primary School,Primary,270,0,270
Tonj State,Tonj East County,Wunlit,Malual primary school,Primary,390,0,390
Tonj State,Tonj East County,Wunlit,Mayen Ador Primary School,Primary,590,0,590
Tonj State,Tonj East County,Wunlit,Pagakdit Primary School.,Primary,572,0,572
Tonj State,Tonj East County,Wunlit,Pagook Primary School,Primary,0,0,0
Tonj State,Tonj East County,Wunlit,Palam/Kurager Primary School,Primary,468,0,468
Tonj State,Tonj East County,Wunlit,Wunchuei Primary School,Primary,389,0,389
Tonj State,Tonj East County,Wunlit,Wunlit Primary School,Primary,635,0,635
Tonj State,Tonj North County,Akop,Akop Primary School,Primary,572,0,572
Tonj State,Tonj North County,Akop,Athiengpuol Primary School,Primary,598,0,598
Tonj State,Tonj North County,Akop,Bundiir Primary School,Primary,203,0,203
Tonj State,Tonj North County,Akop,Kondok Primary School,Primary,286,0,286
Tonj State,Tonj North County,Akop,Mangok Chuei Primary School,Primary,165,0,165
Tonj State,Tonj North County,Akop,Marial-Amel Primary School,Primary,208,0,208
Tonj State,Tonj North County,Akop,Pacaweng Primary School,Primary,286,0,286
Tonj State,Tonj North County,Akop,Rual Malith Primary School,Primary,306,0,306
Tonj State,Tonj North County,Alabek,Alabek Primary School,Primary,286,0,286
Tonj State,Tonj North County,Alabek,Aru Jur Primary School,Primary,598,0,598
Tonj State,Tonj North County,Alabek,Langkap Primary School,Primary,754,0,754
Tonj State,Tonj North County,Alabek,Mading Primary School,Primary,861,0,861
Tonj State,Tonj North County,Alabek,Majaklou Primary School,Primary,806,0,806
Tonj State,Tonj North County,Alabek,Malok primary,Primary,286,0,286
Tonj State,Tonj North County,Alabek,Maluildit Primary School.,Primary,239,0,239
Tonj State,Tonj North County,Alabek,Manyiel Primary School,Primary,432,0,432
Tonj State,Tonj North County,Alabek,Marial Akech Primary School,Primary,555,0,555
Tonj State,Tonj North County,Alabek,Marol Primary School,Primary,572,0,572
Tonj State,Tonj North County,Alabek,Thuranyar Primary School,Primary,754,0,754
Tonj State,Tonj North County,Alabek,Warkot Primary School,Primary,286,0,286
Tonj State,Tonj North County,Aliek,Abiel Nyang Primary,Primary,208,0,208
Tonj State,Tonj North County,Aliek,Aciir Cok Primary School,Primary,286,0,286
Tonj State,Tonj North County,Aliek,Adhor primary,Primary,260,0,260
Tonj State,Tonj North County,Aliek,Aliek Primary,Primary,572,0,572
Tonj State,Tonj North County,Aliek,Aweet Primary School,Primary,260,0,260
Tonj State,Tonj North County,Aliek,Comboni Primary School,Primary,234,0,234
Tonj State,Tonj North County,Aliek,Gak Primary,Primary,221,0,221
Tonj State,Tonj North County,Aliek,Nock-Nhial Primary School,Primary,364,0,364
Tonj State,Tonj North County,Aliek,Patei Primary School,Primary,390,0,390
Tonj State,Tonj North County,Aliek,Roorkou Primary School,Primary,572,0,572
Tonj State,Tonj North County,Awul,Ageny primary School,Primary,0,0,0
Tonj State,Tonj North County,Awul,Aporlang Primary School,Primary,0,0,0
Tonj State,Tonj North County,Awul,Awul Primary School,Primary,359,0,359
Tonj State,Tonj North County,Awul,Aya-Akat Primary School,Primary,258,0,258
Tonj State,Tonj North County,Awul,Dhak Primary School,Primary,277,0,277
Tonj State,Tonj North County,Awul,Dom-Kuat Primary School,Primary,0,0,0
Tonj State,Tonj North County,Awul,Ghazal International Secondary School,Secondary,0,286,286
Tonj State,Tonj North County,Awul,Kuany-Goi Primary School,Primary,104,0,104
Tonj State,Tonj North County,Awul,Mabior Atok primary,Primary,0,0,0
Tonj State,Tonj North County,Awul,Makol Primary School,Primary,147,0,147
Tonj State,Tonj North County,Awul,Pagakdit Primary School,Primary,293,0,293
Tonj State,Tonj North County,Awul,Rumtiit Primary School,Primary,258,0,258
Tonj State,Tonj North County,Awul,War-pac primary,Primary,899,0,899
Tonj State,Tonj North County,Awul,Warrap ALP,ALP,0,0,0
Tonj State,Tonj North County,Awul,Warrap comboni primary,Primary,630,0,630
Tonj State,Tonj North County,Awul,Warrap Secondary,Secondary,0,515,515
Tonj State,Tonj North County,Awul,Wunchuei Primary School,Primary,100,0,100
Tonj State,Tonj North County,Kirik,Achiir Primary School,Primary,286,0,286
Tonj State,Tonj North County,Kirik,Aciira-Jak Primary School,Primary,286,0,286
Tonj State,Tonj North County,Kirik,Agany Primary School,Primary,0,0,0
Tonj State,Tonj North County,Kirik,Kirik Primary School,Primary,468,0,468
Tonj State,Tonj North County,Kirik,Lac-Mangok Primary School,Primary,286,0,286
Tonj State,Tonj North County,Kirik,Madhiath Ajak Primary School,Primary,281,0,281
Tonj State,Tonj North County,Kirik,Maluil Primary School,Primary,250,0,250
Tonj State,Tonj North County,Kirik,Mangok-Tit Primary School,Primary,259,0,259
Tonj State,Tonj North County,Kirik,Manyiel Upper Primary School,Primary,390,0,390
Tonj State,Tonj North County,Kirik,Ngoro Primary,Primary,156,0,156
Tonj State,Tonj North County,Kirik,Pabukchak Primary School,Primary,286,0,286
Tonj State,Tonj North County,Kirik,Rumwut Primary School,Primary,338,0,338
Tonj State,Tonj North County,Manalor,Akurbiok Primary School,Primary,455,0,455
Tonj State,Tonj North County,Manalor,Aru Primary School,Primary,286,0,286
Tonj State,Tonj North County,Manalor,Atap Primary School,Primary,0,0,0
Tonj State,Tonj North County,Manalor,Gircik Primary School,Primary,528,0,528
Tonj State,Tonj North County,Manalor,Gugic Primary,Primary,286,0,286
Tonj State,Tonj North County,Manalor,Kom-Ngol Primary School,Primary,416,0,416
Tonj State,Tonj North County,Manalor,Majak Tiit Primary School,Primary,247,0,247
Tonj State,Tonj North County,Manalor,Makuok Primary School,Primary,265,0,265
Tonj State,Tonj North County,Manalor,Malek Primary School,Primary,570,0,570
Tonj State,Tonj North County,Manalor,Malou-Abiem Primary School,Primary,572,0,572
Tonj State,Tonj North County,Manalor,Man Lor Primary School,Primary,496,0,496
Tonj State,Tonj North County,Manalor,Rum-Thony  Primary School,Primary,530,0,530
Tonj State,Tonj North County,Marial lou,Agawei Primary School,Primary,286,0,286
Tonj State,Tonj North County,Marial lou,Bettei Primary School,Primary,0,0,0
Tonj State,Tonj North County,Marial lou,Gormook Primary School.,Primary,274,0,274
Tonj State,Tonj North County,Marial lou,Marial Lou Secondary,Secondary,0,286,286
Tonj State,Tonj North County,Marial lou,Puol Bar Primary School.,Primary,208,0,208
Tonj State,Tonj North County,Marial lou,St. Daniel Comboni Primary School,Primary,877,0,877
Tonj State,Tonj North County,Marial lou,Wunkuel Primary School.,Primary,0,0,0
Tonj State,Tonj North County,Pagol,Akuoc Primary School,Primary,249,0,249
Tonj State,Tonj North County,Pagol,Bol Bol Primary School,Primary,286,0,286
Tonj State,Tonj North County,Pagol,Lurcuk Girls Primary  School,Primary,284,0,284
Tonj State,Tonj North County,Pagol,Lurcuk Primary School,Primary,542,0,542
Tonj State,Tonj North County,Pagol,Majok Primary School,Primary,231,0,231
Tonj State,Tonj North County,Pagol,Mayen-Loc Primary School,Primary,363,0,363
Tonj State,Tonj North County,Pagol,Muoralol Primary School,Primary,234,0,234
Tonj State,Tonj North County,Pagol,Pagol primary school,Primary,334,0,334
Tonj State,Tonj North County,Pagol,Rum-Rual Primary School,Primary,237,0,237
Tonj State,Tonj North County,Rualbelt,Achol Primary School,Primary,286,0,286
Tonj State,Tonj North County,Rualbelt,Akotdit Primary School.,Primary,0,0,0
Tonj State,Tonj North County,Rualbelt,Duliet-Aduany primary,Primary,286,0,286
Tonj State,Tonj North County,Rualbelt,Malou Primary School,Primary,284,0,284
Tonj State,Tonj North County,Rualbelt,Mayen-Kuel Primary School,Primary,286,0,286
Tonj State,Tonj North County,Rualbelt,Rualbet Boys Primary School,Primary,278,0,278
Tonj State,Tonj North County,Rualbelt,Wunthilik Primary School,Primary,572,0,572
Tonj State,Tonj North County,Rualbelt,Yar Arol Girl Primary School,Primary,572,0,572
Tonj State,Tonj South County,Jak,Ajem-Yar Primary School,Primary,286,0,286
Tonj State,Tonj South County,Jak,Ariec Primary School,Primary,338,0,338
Tonj State,Tonj South County,Jak,Chiir Primary School,Primary,338,0,338
Tonj State,Tonj South County,Jak,Jak-Ameth Primary School,Primary,286,0,286
Tonj State,Tonj South County,Jak,Majok Primary School,Primary,286,0,286
Tonj State,Tonj South County,Jak,Majook primary school,Primary,0,0,0
Tonj State,Tonj South County,Jak,Paduer Primary School,Primary,312,0,312
Tonj State,Tonj South County,Jak,Piok Koi Centre,ALP,0,0,0
Tonj State,Tonj South County,Jak,Piok-Koi Primary School.,Primary,649,0,649
Tonj State,Tonj South County,Jak,Warcuei Primary School,Primary,441,0,441
Tonj State,Tonj South County,Manyangok,Adama Primary School,Primary,286,0,286
Tonj State,Tonj South County,Manyangok,Ageng Primary School,Primary,286,0,286
Tonj State,Tonj South County,Manyangok,Ayigak Primary School.,Primary,286,0,286
Tonj State,Tonj South County,Manyangok,Ayom Primary School,Primary,287,0,287
Tonj State,Tonj South County,Manyangok,Chum Thong Primary School,Primary,286,0,286
Tonj State,Tonj South County,Manyangok,Manyangok Primary School,Primary,286,0,286
Tonj State,Tonj South County,Manyangok,Manyiel-Thony Primary School,Primary,858,0,858
Tonj State,Tonj South County,Manyangok,Wunkec Primary School,Primary,286,0,286
Tonj State,Tonj South County,Thiet,Angol Girls Primary School,Primary,807,0,807
Tonj State,Tonj South County,Thiet,Angon-dong Primary School,Primary,260,0,260
Tonj State,Tonj South County,Thiet,Angui Primary School,Primary,286,0,286
Tonj State,Tonj South County,Thiet,Apuot Primary School,Primary,338,0,338
Tonj State,Tonj South County,Thiet,Aram-wut Primary School,Primary,286,0,286
Tonj State,Tonj South County,Thiet,Bol Diong Primary School,Primary,268,0,268
Tonj State,Tonj South County,Thiet,Heritage Senior Secondary School,Secondary,0,0,0
Tonj State,Tonj South County,Thiet,KalKur Primary,Primary,0,0,0
Tonj State,Tonj South County,Thiet,Kau Primary School,Primary,286,0,286
Tonj State,Tonj South County,Thiet,Madhol Primary School,Primary,286,0,286
Tonj State,Tonj South County,Thiet,Manyiel Agei Primary School,Primary,286,0,286
Tonj State,Tonj South County,Thiet,Mayom Secondary,Secondary,0,0,0
Tonj State,Tonj South County,Thiet,Mayom-Abun Main Complex Primary School,Primary,286,0,286
Tonj State,Tonj South County,Thiet,Mour - Agoor Centre,ALP,0,0,286
Tonj State,Tonj South County,Thiet,Ngap Anet Primary School,Primary,286,0,286
Tonj State,Tonj South County,Thiet,Thiet Don Bosco Primary School,Primary,702,0,702
Tonj State,Tonj South County,Thiet,Thiet-dit Primary School,Primary,0,0,0
Tonj State,Tonj South County,Thiet,Warwut Primary School,Primary,260,0,260
Tonj State,Tonj South County,Thiet,Women Federation Centre,ALP,0,0,0
Tonj State,Tonj South County,Thiet,Wun-Ngap Primary School,Primary,0,0,0
Tonj State,Tonj South County,Thiet,Wunngap Primary School,Primary,0,0,0
Tonj State,Tonj South County,Thiet,Yinh Kuel Primary School,Primary,412,0,412
Tonj State,Tonj South County,Tonj,Abyiei Cok Primary School,Primary,286,0,286
Tonj State,Tonj South County,Tonj,Agugo Primary School,Primary,286,0,286
Tonj State,Tonj South County,Tonj,Agukrot Primary School,Primary,312,0,312
Tonj State,Tonj South County,Tonj,Babcok Primary School,Primary,286,0,286
Tonj State,Tonj South County,Tonj,Bakitha Primary School,Primary,559,0,559
Tonj State,Tonj South County,Tonj,Bongo Primary School,Primary,910,0,910
Tonj State,Tonj South County,Tonj,Cuei Ajai Primary School,Primary,608,0,608
Tonj State,Tonj South County,Tonj,Deng Ading Primary School,Primary,572,0,572
Tonj State,Tonj South County,Tonj,Deng Nhial Memorial High Secondary School,Secondary,0,571,571
Tonj State,Tonj South County,Tonj,Deng Nhial Primary School,Primary,572,0,572
Tonj State,Tonj South County,Tonj,Don Bosco Primary School,Primary,869,0,869
Tonj State,Tonj South County,Tonj,Don Bosco Secondary School,Secondary,0,228,228
Tonj State,Tonj South County,Tonj,Himago Primary School,Primary,698,0,698
Tonj State,Tonj South County,Tonj,Kony-Bai Adult Edu,ALP,0,0,0
Tonj State,Tonj South County,Tonj,Kuel Chok Primary,Primary,650,0,650
Tonj State,Tonj South County,Tonj,Lachok Primary School,Primary,572,0,572
Tonj State,Tonj South County,Tonj,Magordit Primary School,Primary,572,0,572
Tonj State,Tonj South County,Tonj,Makerdit Primary School,Primary,441,0,441
Tonj State,Tonj South County,Tonj,Malual-Muok Primary School,Primary,442,0,442
Tonj State,Tonj South County,Tonj,Model Primary School,Primary,598,0,598
Tonj State,Tonj South County,Tonj,Royal Progressive Academy Secondary School,Secondary,0,375,375
Tonj State,Tonj South County,Tonj,Tonj Academy primary school,Primary,0,0,0
Tonj State,Tonj South County,Tonj,Tonj Academy Secondary School,Secondary,0,295,295
Tonj State,Tonj South County,Tonj,Tonj Girls Primary School,Primary,747,0,747
Tonj State,Tonj South County,Tonj,Tonj Secondary School,Secondary,0,598,598
Tonj State,Tonj South County,Tonj,Tonj Women Centre,ALP,0,0,0
Tonj State,Tonj South County,Tonj,Warak Primary School,Primary,1144,0,1144
Tonj State,Tonj South County,Tonj,Wargiir Primary School,Primary,286,0,286
Tonj State,Tonj South County,Wanhalel,Aguath Primary School,Primary,286,0,286
Tonj State,Tonj South County,Wanhalel,Ayuath Primary School,Primary,286,0,286
Tonj State,Tonj South County,Wanhalel,Domdeng Primary School,Primary,286,0,286
Tonj State,Tonj South County,Wanhalel,Mabior Yar Primary School,Primary,608,0,608
Tonj State,Tonj South County,Wanhalel,Mading Apuk Primary School,Primary,286,0,286
Tonj State,Tonj South County,Wanhalel,Pagang Primary School,Primary,0,0,0
Tonj State,Tonj South County,Wanhalel,Palek Primary School,Primary,286,0,286
Tonj State,Tonj South County,Wanhalel,Panjang Primary school,Primary,0,0,0
Tonj State,Tonj South County,Wanhalel,Pawel Primary School,Primary,572,0,572
Tonj State,Tonj South County,Wanhalel,Wanhalel Basic School,Primary,234,0,234
Twic State,Twic County,Ajak kuac,Ajak -Kuac primary School,Primary,0,0,0
Twic State,Twic County,Ajak kuac,Ajak Primary,Primary,650,0,650
Twic State,Twic County,Ajak kuac,Atoung Primary School,Primary,281,0,281
Twic State,Twic County,Ajak kuac,Guk Primary School,Primary,487,0,487
Twic State,Twic County,Ajak kuac,Mabil Girls Primary School,Primary,309,0,309
Twic State,Twic County,Ajak kuac,Majak Kol military school,Primary,624,0,624
Twic State,Twic County,Ajak kuac,Majak Kol Primary,Primary,286,0,286
Twic State,Twic County,Ajak kuac,Malual Aleu Primary School,Primary,0,0,0
Twic State,Twic County,Ajak kuac,Manh-Awan Primary school,Primary,442,0,442
Twic State,Twic County,Ajak kuac,Panruel Primary School,Primary,717,0,717
Twic State,Twic County,Ajak kuac,Queen of Africa primary school,Primary,288,0,288
Twic State,Twic County,Ajak kuac,Tiret Primary School.,Primary,312,0,312
Twic State,Twic County,Akoc,Abyei boys primary,Primary,0,0,0
Twic State,Twic County,Akoc,Abyei boys primary,Primary,484,0,484
Twic State,Twic County,Akoc,Abyei Boys Secondary School,Secondary,0,192,192
Twic State,Twic County,Akoc,Abyei girls primary,Primary,553,0,553
Twic State,Twic County,Akoc,Abyei Girls Secondary School,Secondary,0,105,105
Twic State,Twic County,Akoc,Achel Primary School,Primary,286,0,286
Twic State,Twic County,Akoc,Agany Tok Primary School,Primary,114,0,114
Twic State,Twic County,Akoc,Agok B Primary School,Primary,947,0,947
Twic State,Twic County,Akoc,Agok ECS A Primary School,Primary,1420,0,1420
Twic State,Twic County,Akoc,Agok Secondary School,Secondary,0,509,509
Twic State,Twic County,Akoc,Akechnial Primary School,Primary,364,0,364
Twic State,Twic County,Akoc,Akoch Primary School,Primary,832,0,832
Twic State,Twic County,Akoc,Akoch Secondary School,Secondary,0,572,572
Twic State,Twic County,Akoc,Akuol Thii Primary School,Primary,286,0,286
Twic State,Twic County,Akoc,Aluel Primary School,Primary,286,0,286
Twic State,Twic County,Akoc,Anyiel Thon Primary,Primary,364,0,364
Twic State,Twic County,Akoc,Athony Primary School,Primary,0,0,0
Twic State,Twic County,Akoc,Athor-Ajiep Primary School,Primary,572,0,572
Twic State,Twic County,Akoc,Awolnhom primary School,Primary,71,0,71
Twic State,Twic County,Akoc,Ayom Buony Primary School,Primary,148,0,148
Twic State,Twic County,Akoc,Bang-Abuoc,Primary,442,0,442
Twic State,Twic County,Akoc,Comboni Abyei Priamary School,Primary,1512,0,1512
Twic State,Twic County,Akoc,Comboni Juoljok Primary School,Primary,1087,0,1087
Twic State,Twic County,Akoc,Comboni Secondary School,Secondary,0,422,422
Twic State,Twic County,Akoc,Deng Mathiang Priamary,Primary,962,0,962
Twic State,Twic County,Akoc,Dhian-Agal Primary School,Primary,442,0,442
Twic State,Twic County,Akoc,Ganga Primary SChool,Primary,1074,0,1074
Twic State,Twic County,Akoc,Gumel Primary School,Primary,442,0,442
Twic State,Twic County,Akoc,Louis Nyok Primary School,Primary,174,0,174
Twic State,Twic County,Akoc,Mabior (Awal) Primary School,Primary,0,0,0
Twic State,Twic County,Akoc,Mabok Primary School,Primary,0,0,0
Twic State,Twic County,Akoc,Mabuny Primary School,Primary,893,0,893
Twic State,Twic County,Akoc,Mading Achueng Primary School,Primary,442,0,442
Twic State,Twic County,Akoc,Mading Cuar Primary School,Primary,507,0,507
Twic State,Twic County,Akoc,Mading Jokthiang Primary School,Primary,419,0,419
Twic State,Twic County,Akoc,Magar-Thon Primary school,Primary,312,0,312
Twic State,Twic County,Akoc,Majak-Anyiel Primary School,Primary,312,0,312
Twic State,Twic County,Akoc,Majbong Primary,Primary,240,0,240
Twic State,Twic County,Akoc,Makuei-Abeek Primary School,Primary,286,0,286
Twic State,Twic County,Akoc,Malual Aleu Primary SChool,Primary,111,0,111
Twic State,Twic County,Akoc,Malual Aweil Primary School,Primary,572,0,572
Twic State,Twic County,Akoc,Manyuar Girls Primary School.,Primary,650,0,650
Twic State,Twic County,Akoc,Marial Achak Primary School,Primary,0,0,0
Twic State,Twic County,Akoc,Mayen- Bala Primary School,Primary,390,0,390
Twic State,Twic County,Akoc,Mayom Orphan School,Primary,624,0,624
Twic State,Twic County,Akoc,Mijak Primary School,Primary,230,0,230
Twic State,Twic County,Akoc,Minyang Anyiel primary,Primary,212,0,212
Twic State,Twic County,Akoc,Mior Malek Ajok Primary.,Primary,364,0,364
Twic State,Twic County,Akoc,Miyom Ngok Primary School,Primary,626,0,626
Twic State,Twic County,Akoc,Mulmul Primary School,Primary,572,0,572
Twic State,Twic County,Akoc,Noong Primary School,Primary,0,0,0
Twic State,Twic County,Akoc,Nyang-Alei Primary School,Primary,572,0,572
Twic State,Twic County,Akoc,Nyiel Primary School,Primary,439,0,439
Twic State,Twic County,Akoc,Paliet-Thon Primary School,Primary,490,0,490
Twic State,Twic County,Akoc,Rum-Agok Primary School,Primary,546,0,546
Twic State,Twic County,Akoc,Rumamer Primary School,Primary,309,0,309
Twic State,Twic County,Akoc,Rumbek Primary School,Primary,212,0,212
Twic State,Twic County,Akoc,Tiit Noon Primary School,Primary,546,0,546
Twic State,Twic County,Akoc,Wang-Chuk Primary School,Primary,546,0,546
Twic State,Twic County,Akoc,Wun-Cuei Primary School,Primary,832,0,832
Twic State,Twic County,Akoc,Wunpeth Primary School,Primary,358,0,358
Twic State,Twic County,Akoc,Wunrouk Primary School,Primary,85,0,85
Twic State,Twic County,Akoc,Yiik-Thon Primary School,Primary,442,0,442
Twic State,Twic County,Awang,Agook Community Primary School,Primary,778,0,778
Twic State,Twic County,Awang,Akathuok Primary,Primary,390,0,390
Twic State,Twic County,Awang,Anganguot Primary,Primary,624,0,624
Twic State,Twic County,Awang,Apaping Girls Primary School,Primary,430,0,430
Twic State,Twic County,Awang,Aweng Primary School,Primary,804,0,804
Twic State,Twic County,Awang,Aweng secondary school,Secondary,0,297,297
Twic State,Twic County,Awang,Bulyom Primary School,Primary,572,0,572
Twic State,Twic County,Awang,Burgik Primary School,Primary,468,0,468
Twic State,Twic County,Awang,Kabara Girls Primary School,Primary,728,0,728
Twic State,Twic County,Awang,Majok Noon Primary School,Primary,754,0,754
Twic State,Twic County,Awang,Malualdit Community Primary,Primary,286,0,286
Twic State,Twic County,Awang,Maper Primary School,Primary,962,0,962
Twic State,Twic County,Awang,Marial-Maper Primary School,Primary,732,0,732
Twic State,Twic County,Awang,Paleng Primary School,Primary,335,0,335
Twic State,Twic County,Awang,Panagok Primary School,Primary,736,0,736
Twic State,Twic County,Awang,Rakacuk Primary School,Primary,390,0,390
Twic State,Twic County,Awang,Totenyieth Primary,Primary,520,0,520
Twic State,Twic County,Pan-nyok,Abiok Jak Primary School,Primary,286,0,286
Twic State,Twic County,Pan-nyok,Acuanic primary,Primary,234,0,234
Twic State,Twic County,Pan-nyok,Agieu Primary School.,Primary,572,0,572
Twic State,Twic County,Pan-nyok,Alanya Primary School,Primary,286,0,286
Twic State,Twic County,Pan-nyok,Ataak Primary School,Primary,286,0,286
Twic State,Twic County,Pan-nyok,Baar Primary School,Primary,260,0,260
Twic State,Twic County,Pan-nyok,Banya Primary School,Primary,572,0,572
Twic State,Twic County,Pan-nyok,Bondor Primary School,Primary,572,0,572
Twic State,Twic County,Pan-nyok,Duony Yep Primary School,Primary,520,0,520
Twic State,Twic County,Pan-nyok,Gony Primary School,Primary,494,0,494
Twic State,Twic County,Pan-nyok,Guok-Rot Primary School,Primary,442,0,442
Twic State,Twic County,Pan-nyok,Kunyuk Primary School,Primary,565,0,565
Twic State,Twic County,Pan-nyok,Kuruyuk Girls Primary School.,Primary,572,0,572
Twic State,Twic County,Pan-nyok,Lach Akak Primary,Primary,572,0,572
Twic State,Twic County,Pan-nyok,Leilei Primary,Primary,286,0,286
Twic State,Twic County,Pan-nyok,Mabouny Primary School,Primary,0,0,0
Twic State,Twic County,Pan-nyok,Mading Luit Primary,Primary,283,0,283
Twic State,Twic County,Pan-nyok,Majak Pagai Primary School,Primary,546,0,546
Twic State,Twic County,Pan-nyok,Makuac Ajaj rac Primary School,Primary,338,0,338
Twic State,Twic County,Pan-nyok,Makuei-Abuoc Primary School,Primary,286,0,286
Twic State,Twic County,Pan-nyok,Malual Kiir Primary,Primary,858,0,858
Twic State,Twic County,Pan-nyok,Mamiir Primary School,Primary,286,0,286
Twic State,Twic County,Pan-nyok,Manyiel Akak Primary School,Primary,572,0,572
Twic State,Twic County,Pan-nyok,Mareng Primary School,Primary,572,0,572
Twic State,Twic County,Pan-nyok,Pagai Primary School,Primary,286,0,286
Twic State,Twic County,Pan-nyok,Pan-nyok Secondary School,Secondary,0,286,286
Twic State,Twic County,Pan-nyok,Panbaai Primary School.,Primary,572,0,572
Twic State,Twic County,Pan-nyok,Pannyok Primary School,Primary,806,0,806
Twic State,Twic County,Pan-nyok,Pantiok Primary School,Primary,572,0,572
Twic State,Twic County,Pan-nyok,Thakayen Primary School,Primary,622,0,622
Twic State,Twic County,Pan-nyok,Tualie Primary School,Primary,572,0,572
Twic State,Twic County,Pan-nyok,Tumakon Primary School,Primary,286,0,286
Twic State,Twic County,Turalei,Abayok Primary School,Primary,416,0,416
Twic State,Twic County,Turalei,Agany Amuol Primary,Primary,562,0,562
Twic State,Twic County,Turalei,Akur Primary School,Primary,398,0,398
Twic State,Twic County,Turalei,Anyiel Abiel Primary School,Primary,729,0,729
Twic State,Twic County,Turalei,Anyiel Kuac Primary School,Primary,738,0,738
Twic State,Twic County,Turalei,Apirin primary,Primary,286,0,286
Twic State,Twic County,Turalei,Ayien Primary School,Primary,832,0,832
Twic State,Twic County,Turalei,Bunkor primary,Primary,312,0,312
Twic State,Twic County,Turalei,Dr. Justin Yac secondary School,Secondary,0,502,502
Twic State,Twic County,Turalei,Jock Abiel Primary School,Primary,416,0,416
Twic State,Twic County,Turalei,Kac Beek Primary School,Primary,364,0,364
Twic State,Twic County,Turalei,Kuileny Primary School,Primary,286,0,286
Twic State,Twic County,Turalei,Mading Abiel Primary School,Primary,754,0,754
Twic State,Twic County,Turalei,Madou Primary School,Primary,286,0,286
Twic State,Twic County,Turalei,Majakaher Primary School,Primary,810,0,810
Twic State,Twic County,Turalei,Majok Amuol Primary School,Primary,442,0,442
Twic State,Twic County,Turalei,Makeer Awet Primary,Primary,442,0,442
Twic State,Twic County,Turalei,Mangok Amuol,Primary,572,0,572
Twic State,Twic County,Turalei,Manyang Girls Primary School,Primary,338,0,338
Twic State,Twic County,Turalei,Mother Teresa Primary School,Primary,369,0,369
Twic State,Twic County,Turalei,Nyinapor Primary School,Primary,286,0,286
Twic State,Twic County,Turalei,Page ALP Centre,ALP,0,0,286
Twic State,Twic County,Turalei,Page Primary School,Primary,280,0,280
Twic State,Twic County,Turalei,Pandit Amuol Primary School,Primary,676,0,676
Twic State,Twic County,Turalei,Rhiau Primary School,Primary,412,0,412
Twic State,Twic County,Turalei,St Augustine Secondary School,Secondary,0,350,350
Twic State,Twic County,Turalei,St. Bakhita Primary School,Primary,416,0,416
Twic State,Twic County,Turalei,St. Elidio Catholic Primary,Primary,432,0,432
Twic State,Twic County,Turalei,St. Joseph Catholic Primary School,Primary,1012,0,1012
Twic State,Twic County,Turalei,Sunrise ALP School,ALP,0,0,416
Twic State,Twic County,Turalei,Thonbil Primary School,Primary,572,0,572
Twic State,Twic County,Turalei,Tong-Liet Primary School,Primary,571,0,571
Twic State,Twic County,Turalei,Turalei,Primary,809,0,809
Twic State,Twic County,Wunrok,Rumdit Evening school,Primary,390,0,390
Twic State,Twic County,Wunrok,Abek Primary School,Primary,312,0,312
Twic State,Twic County,Wunrok,Ajong Primary School,Primary,858,0,858
Twic State,Twic County,Wunrok,Angol Primary,Primary,442,0,442
Twic State,Twic County,Wunrok,Apukdit Primary School,Primary,287,0,287
Twic State,Twic County,Wunrok,Atiokuel Primary School,Primary,574,0,574
Twic State,Twic County,Wunrok,Awilgik Primary School,Primary,571,0,571
Twic State,Twic County,Wunrok,Ayienawudeeng Primary School,Primary,286,0,286
Twic State,Twic County,Wunrok,Dhangrial Primary School,Primary,1118,0,1118
Twic State,Twic County,Wunrok,Gool Primary School,Primary,572,0,572
Twic State,Twic County,Wunrok,Gorayak Primary School,Primary,390,0,390
Twic State,Twic County,Wunrok,Karibino Primary School,Primary,572,0,572
Twic State,Twic County,Wunrok,Kurum Primary School,Primary,572,0,572
Twic State,Twic County,Wunrok,Lut Abook Primary,Primary,286,0,286
Twic State,Twic County,Wunrok,Mabior Athony Primary school,Primary,520,0,520
Twic State,Twic County,Wunrok,Machot Primary,Primary,560,0,560
Twic State,Twic County,Wunrok,Majok-Ken Primary School.,Primary,572,0,572
Twic State,Twic County,Wunrok,Malou Awet Primary,Primary,286,0,286
Twic State,Twic County,Wunrok,Malou Hol Primary School,Primary,468,0,468
Twic State,Twic County,Wunrok,Malual Acot Primary School,Primary,364,0,364
Twic State,Twic County,Wunrok,Malual-Chol Primary School,Primary,338,0,338
Twic State,Twic County,Wunrok,Malueeth Primary School,Primary,416,0,416
Twic State,Twic County,Wunrok,Maper Authap Primary,Primary,364,0,364
Twic State,Twic County,Wunrok,Mathiang Adiang Girls Primary School,Primary,286,0,286
Twic State,Twic County,Wunrok,Mathiang Kou Primary school,Primary,286,0,286
Twic State,Twic County,Wunrok,Mayen Abun Primary,Primary,1534,0,1534
Twic State,Twic County,Wunrok,Mayen Senior Secondary,Secondary,0,1142,1142
Twic State,Twic County,Wunrok,Moun Primary School,Primary,312,0,312
Twic State,Twic County,Wunrok,Nyandeng Primary,Primary,405,0,405
Twic State,Twic County,Wunrok,Orphan Primary,Primary,286,0,286
Twic State,Twic County,Wunrok,Panleng Primary School,Primary,364,0,364
Twic State,Twic County,Wunrok,Panwakema Abidai Primary School,Primary,468,0,468
Twic State,Twic County,Wunrok,Ramjok Primary School,Primary,624,0,624
Twic State,Twic County,Wunrok,St Daniel Comboni Primary School,Primary,356,0,356
Twic State,Twic County,Wunrok,St. Thomas Moor Primary,Primary,598,0,598
Twic State,Twic County,Wunrok,Thur-Bang Primary School,Primary,416,0,416
Twic State,Twic County,Wunrok,Tiit-Cok Primary School,Primary,879,0,879
Twic State,Twic County,Wunrok,Tikajak Primary School,Primary,467,0,467
Twic State,Twic County,Wunrok,Unity Primary,Primary,442,0,442
Twic State,Twic County,Wunrok,Wac- jank primary school,Primary,442,0,442
Twic State,Twic County,Wunrok,Wunrok High School,Secondary,0,456,456
Wau,Bagari County,Baggari,Bangari Primary School,Primary,416,0,416
Wau,Bagari County,Baggari,Bringi Primary School,Primary,472,0,472
Wau,Bagari County,Baggari,Bussere Primary School,Primary,471,0,471
Wau,Bagari County,Baggari,Farajala (A) Primary,Primary,682,0,682
Wau,Bagari County,Baggari,Ferdinordo Goi Primary,Primary,448,0,448
Wau,Bagari County,Baggari,Masalaga Primary,Primary,577,0,577
Wau,Bagari County,Baggari,Moi Moi Primary,Primary,416,0,416
Wau,Bagari County,Baggari,Natabu Basic Primary School,Primary,338,0,338
Wau,Bagari County,Baggari,Ngisa Basic School Co-Education,Primary,655,0,655
Wau,Bagari County,Baggari,NGO Baggari Primary,Primary,359,0,359
Wau,Bagari County,Baggari,NGO-Halima (A) Primary School,Primary,526,0,526
Wau,Bagari County,Baggari,Ngodakala Primary,Primary,182,0,182
Wau,Bagari County,Baggari,Ngoku Primary School,Primary,488,0,488
Wau,Bagari County,Baggari,Ngolengbo (B) Primary,Primary,380,0,380
Wau,Bagari County,Baggari,Ngoltahima ( B) Primary,Primary,369,0,369
Wau,Bagari County,Baggari,Ngomba (A) Primary School,Primary,374,0,374
Wau,Bagari County,Baggari,Ngomba P.D.U,Primary,451,0,451
Wau,Bagari County,Baggari,Ngovedego Primary,Primary,345,0,345
Wau,Bagari County,Baggari,St Michael Primary School,Primary,822,0,822
Wau,Bagari County,Baggari,St. Mary Primary,Primary,494,0,494
Wau,Bagari County,Baggari,Sunday Basic Co School ECS,Primary,833,0,833
Wau,Bagari County,Baggari,Tadu Primary School,Primary,545,0,545
Wau,Bagari County,Besselia,Abushaka Basic Education,Primary,416,0,416
Wau,Bagari County,Besselia,Beselia Primary,Primary,508,0,508
Wau,Bagari County,Besselia,Kabii Primary,Primary,466,0,466
Wau,Bagari County,Besselia,Khor Ghana Basic Education,Primary,416,0,416
Wau,Bagari County,Besselia,Khormalang Primary,Primary,0,0,0
Wau,Bagari County,Besselia,Maju Basic School,Primary,314,0,314
Wau,Bagari County,Besselia,Mboro Primary,Primary,710,0,710
Wau,Bagari County,Besselia,Ngolengbo (A) Primary,Primary,417,0,417
Wau,Bagari County,Besselia,Ngolimbo (A) Primary School,Primary,0,0,0
Wau,Bagari County,Besselia,Ngongba Basic School,Primary,558,0,558
Wau,Bagari County,Kpayele,Gedi Basic School,Primary,408,0,408
Wau,Bagari County,Kpayele,Getan Primary School,Primary,340,0,340
Wau,Bagari County,Kpayele,Gugumaba Primary School,Primary,431,0,431
Wau,Bagari County,Kpayele,Kpaile Primary,Primary,359,0,359
Wau,Bagari County,Kpayele,Taban Primary,Primary,426,0,426
Wau,Bagari County,Kpayele,Tirga Primary School,Primary,283,0,283
Wau,Bagari County,Wau North,Afrah Nursery School,NUR,0,0,211
Wau,Bagari County,Wau North,Afrah Primary School,Primary,241,0,241
Wau,Bagari County,Wau North,Alraai Alsaleh Secondary School,Secondary,0,285,285
Wau,Bagari County,Wau North,Alraai Asaleh Primary School,Primary,632,0,632
Wau,Bagari County,Wau North,Aweil Gedi ALP School,ALP,0,0,779
Wau,Bagari County,Wau North,Aweil Gedid Primary School,Primary,832,0,832
Wau,Bagari County,Wau North,Baryar B primary School,Primary,275,0,275
Wau,Bagari County,Wau North,Bhil - Pham Basic School,Primary,551,0,551
Wau,Bagari County,Wau North,Bilpham ALP School,ALP,0,0,309
Wau,Bagari County,Wau North,Charles Lwaga Primary,Primary,1600,0,1600
Wau,Bagari County,Wau North,Clement MBoro Primary School,Primary,780,0,780
Wau,Bagari County,Wau North,Daniel Ali Academy Primary School,Primary,858,0,858
Wau,Bagari County,Wau North,Daniel Ali Kindergarten Nursery School,NUR,0,0,270
Wau,Bagari County,Wau North,Daraja Secondary,Secondary,0,254,254
Wau,Bagari County,Wau North,Day Star Academy Secondary School,Secondary,0,554,554
Wau,Bagari County,Wau North,Dier Akok Basic School,Primary,546,0,546
Wau,Bagari County,Wau North,Don Bosco VTC,Secondary,0,572,572
Wau,Bagari County,Wau North,Dr. John Garang Evening School,ALP,0,0,286
Wau,Bagari County,Wau North,Dr. John Garang Girls Primary,Primary,468,0,468
Wau,Bagari County,Wau North,El Muktar Girls secondary school,Secondary,0,300,300
Wau,Bagari County,Wau North,El Salaam S. S,Secondary,0,0,0
Wau,Bagari County,Wau North,El-Nukba Secondary School,Secondary,0,697,697
Wau,Bagari County,Wau North,Eldawa Girls Primary School,Primary,206,0,206
Wau,Bagari County,Wau North,Future Evening Primary,Primary,844,0,844
Wau,Bagari County,Wau North,Ganian IDPs Primary,Primary,21,0,21
Wau,Bagari County,Wau North,Genain Girls Basic Education,Primary,302,0,302
Wau,Bagari County,Wau North,Good Hope Primary School,Primary,493,0,493
Wau,Bagari County,Wau North,Green Mountain Primary School,Primary,1751,0,1751
Wau,Bagari County,Wau North,Grinti Boys Primary School,Primary,556,0,556
Wau,Bagari County,Wau North,Hai Bafra Kintergarden Nursery School,NUR,0,0,161
Wau,Bagari County,Wau North,HAI Bafura Boys Primary School,Primary,348,0,348
Wau,Bagari County,Wau North,Hai Elsalam Kinden Garden,PRE,0,0,110
Wau,Bagari County,Wau North,Homing Dove Primary School,Primary,683,0,683
Wau,Bagari County,Wau North,Homing Dove Secondary School,Secondary,0,346,346
Wau,Bagari County,Wau North,International Academy Primary School,Primary,253,0,253
Wau,Bagari County,Wau North,Ireneo Nursery and Primary School,Primary,567,0,567
Wau,Bagari County,Wau North,John Paul Ll Basic,Primary,797,0,797
Wau,Bagari County,Wau North,Jur River Secondary School,Secondary,0,74,74
Wau,Bagari County,Wau North,Kalvario Girls Primary,Primary,333,0,333
Wau,Bagari County,Wau North,Kiir Foundation Academy Secondary School,Secondary,0,458,458
Wau,Bagari County,Wau North,Liberty Basic Primary School,Primary,548,0,548
Wau,Bagari County,Wau North,Lokoloko Basic School,Primary,965,0,965
Wau,Bagari County,Wau North,Lokoloko Secondary School,Secondary,0,260,260
Wau,Bagari County,Wau North,Machakos Primary School,Primary,0,0,0
Wau,Bagari County,Wau North,Mama Jejuku Basic School,Primary,737,0,737
Wau,Bagari County,Wau North,Mario Mour Vision Primary School,Primary,797,0,797
Wau,Bagari County,Wau North,Masanatalip Primary School,Primary,295,0,295
Wau,Bagari County,Wau North,Morning Star Primary School,Primary,286,0,286
Wau,Bagari County,Wau North,Mukta Boys Basic School,Primary,351,0,351
Wau,Bagari County,Wau North,Panameth Primary School,Primary,508,0,508
Wau,Bagari County,Wau North,Parent Primary School,Primary,0,0,0
Wau,Bagari County,Wau North,Parent Secondary School,Secondary,0,0,0
Wau,Bagari County,Wau North,Pianthok Secondary School,Secondary,0,234,234
Wau,Bagari County,Wau North,Promise Secondary School,Secondary,0,729,729
Wau,Bagari County,Wau North,Quaranic Basic School,Primary,737,0,737
Wau,Bagari County,Wau North,Queen Land Nursery And Primary School,Primary,455,0,455
Wau,Bagari County,Wau North,Queen Land Nursery School,NUR,0,0,141
Wau,Bagari County,Wau North,Sikha Hadid,Primary,547,0,547
Wau,Bagari County,Wau North,Sikka Haddit Primary School,Primary,518,0,518
Wau,Bagari County,Wau North,South Sudan Independence Primary,Primary,643,0,643
Wau,Bagari County,Wau North,St. Joseph,Primary,1070,0,1070
Wau,Bagari County,Wau North,St. Paul Rhoda,Primary,634,0,634
Wau,Bagari County,Wau North,St. Raphael Basic School,Primary,462,0,462
Wau,Bagari County,Wau North,Standard Nursery School,NUR,0,0,283
Wau,Bagari County,Wau North,Standard primary School,Primary,831,0,831
Wau,Bagari County,Wau North,Standard Secondary,Secondary,0,0,0
Wau,Bagari County,Wau North,Sunday Secondary School,Secondary,0,260,260
Wau,Bagari County,Wau North,United Secondary School,Secondary,0,696,696
Wau,Bagari County,Wau North,Unity Primary,Primary,1615,0,1615
Wau,Bagari County,Wau North,Wau Comprehensive Secondary School,Secondary,0,650,650
Wau,Bagari County,Wau North,Wau Day Seconadary School,Secondary,0,254,254
Wau,Bagari County,Wau North,Wau High Secondary,Secondary,0,524,524
Wau,Bagari County,Wau North,Wau Naar AES School,Primary,707,0,707
Wau,Bagari County,Wau North,Wing Chun Primary School,Primary,630,0,630
Wau,Bagari County,Wau North,Wing Chun Secondary School,Secondary,0,524,524
Wau,Bagari County,Wau North,Zogolona Primary School,Primary,535,0,535
Wau,Bagari County,Wau South,Achol Majok Primary School,Primary,286,0,286
Wau,Bagari County,Wau South,Al-Mukhtar Girls Primary School,Primary,253,0,253
Wau,Bagari County,Wau South,Alexandria Primary School,Primary,406,0,406
Wau,Bagari County,Wau South,Auxilium Co-Basic,Primary,579,0,579
Wau,Bagari County,Wau South,Bahr El Ghazal Primary School,Primary,626,0,626
Wau,Bagari County,Wau South,Bahr El Ghazal Secondary School,Secondary,0,0,0
Wau,Bagari County,Wau South,Bar-Yar Basic School,Primary,286,0,286
Wau,Bagari County,Wau South,Biyiri Primary School,Primary,1280,0,1280
Wau,Bagari County,Wau South,Bright Future Kindergarten and Pri School,Primary,2071,0,2071
Wau,Bagari County,Wau South,Bright Star ALP Scool,ALP,0,0,450
Wau,Bagari County,Wau South,Bulluk Basic Education,Primary,846,0,846
Wau,Bagari County,Wau South,Buluk ALP Evening Primary School,ALP,0,0,572
Wau,Bagari County,Wau South,Buluk Secondary,Secondary,0,278,278
Wau,Bagari County,Wau South,Bussere National SSS,Secondary,0,1848,1848
Wau,Bagari County,Wau South,Deng Nhail Secondary School,Secondary,0,0,0
Wau,Bagari County,Wau South,Dr. John Garang Adult Primary School,Primary,286,0,286
Wau,Bagari County,Wau South,El Mustafa Secondary School,Secondary,0,213,213
Wau,Bagari County,Wau South,El Salaam Private S. S,Secondary,0,0,0
Wau,Bagari County,Wau South,Elmahad Elilmi Primary School,Primary,360,0,360
Wau,Bagari County,Wau South,Emmanuel Primary School,Primary,561,0,561
Wau,Bagari County,Wau South,Faragalla Basicschool Co-Education,Primary,516,0,516
Wau,Bagari County,Wau South,Friend of Children Foundation Primary School,Primary,595,0,595
Wau,Bagari County,Wau South,Friend of Children Foundation School,PRE,0,0,150
Wau,Bagari County,Wau South,Grinti Secondary,Secondary,0,208,208
Wau,Bagari County,Wau South,Hai Elsalam Primary School,Primary,618,0,618
Wau,Bagari County,Wau South,Hai Kosti Basic Boys School,Primary,627,0,627
Wau,Bagari County,Wau South,Hill Side Primary School,Primary,512,0,512
Wau,Bagari County,Wau South,Holy Family Co-Basic Nazareth,Primary,638,0,638
Wau,Bagari County,Wau South,Holy Heart Primary School,Primary,641,0,641
Wau,Bagari County,Wau South,Jebel Kheir Basic,Primary,1143,0,1143
Wau,Bagari County,Wau South,John Paul Secondary School - Wau,Secondary,0,820,820
Wau,Bagari County,Wau South,Kharmodir Girls Basic,Primary,721,0,721
Wau,Bagari County,Wau South,Khor Modir Girls Evening Primary,Primary,259,0,259
Wau,Bagari County,Wau South,Khorkorongo Basic,Primary,282,0,282
Wau,Bagari County,Wau South,Kotsi Girls Primary School,Primary,702,0,702
Wau,Bagari County,Wau South,Leaders Primary School,Primary,0,0,0
Wau,Bagari County,Wau South,Loyola Secondary School,Secondary,0,783,783
Wau,Bagari County,Wau South,Mama Teresa Education Centre,Primary,0,0,0
Wau,Bagari County,Wau South,Mar Murgus Primary School,Primary,809,0,809
Wau,Bagari County,Wau South,Mayo Girls Basic,Primary,488,0,488
Wau,Bagari County,Wau South,Mbili Girls Secondary school,Secondary,0,102,102
Wau,Bagari County,Wau South,Mutamadia Primary,Primary,416,0,416
Wau,Bagari County,Wau South,Nazereth Secondary,Secondary,0,236,236
Wau,Bagari County,Wau South,Nelson Mandela Secondary School,Secondary,0,0,0
Wau,Bagari County,Wau South,New Bilpam Basic Primary School,Primary,266,0,266
Wau,Bagari County,Wau South,Newsite Basic,Primary,287,0,287
Wau,Bagari County,Wau South,Nyanchigak Basic School,Primary,468,0,468
Wau,Bagari County,Wau South,Oxford Secondary School,Secondary,0,72,72
Wau,Bagari County,Wau South,Piantok (One Heart) Primary,Primary,0,0,0
Wau,Bagari County,Wau South,Royal King Secondary School,Secondary,0,0,0
Wau,Bagari County,Wau South,Salaam Basic School,Primary,315,0,315
Wau,Bagari County,Wau South,Sawasawa Primary,Primary,0,0,0
Wau,Bagari County,Wau South,Seven Day Adventist Primary school,Primary,374,0,374
Wau,Bagari County,Wau South,St. Thomas Basic School,Primary,542,0,542
Wau,Bagari County,Wau South,Toby Basic Primary School,Primary,1132,0,1132
Wau,Bagari County,Wau South,Wau (A) Boys Basic,Primary,475,0,475
Wau,Bagari County,Wau South,Wau (A) Girls Basic,Primary,532,0,532
Wau,Bagari County,Wau South,Wau Girls Secondary,Secondary,0,167,167
Wau,Bagari County,Wau South,Wau Junior Academy Primary School,Primary,587,0,587
Wau,Bagari County,Wau South,Wau Technical Sec. School,Secondary,0,178,178
Wau,Bagari County,Wau South,Zogolona (Alel-Chok(A)) Primary School,Primary,770,0,770
Wau,Jur River County,Kangi,Achol Gout Primary School,Primary,322,0,322
Wau,Jur River County,Kangi,Agor Primary School,Primary,286,0,286
Wau,Jur River County,Kangi,Ajiekdit Primary School,Primary,238,0,238
Wau,Jur River County,Kangi,Ajugo Primary School,Primary,286,0,286
Wau,Jur River County,Kangi,Alelthony North Evening Primary School,Primary,299,0,299
Wau,Jur River County,Kangi,Alelthony Primary School,Primary,623,0,623
Wau,Jur River County,Kangi,Amul Amul Community Primary School,Primary,248,0,248
Wau,Jur River County,Kangi,Angui Jur Primary,Primary,309,0,309
Wau,Jur River County,Kangi,Athor Primary School,Primary,250,0,250
Wau,Jur River County,Kangi,Ayom Primary,Primary,286,0,286
Wau,Jur River County,Kangi,Bar-apun,Primary,326,0,326
Wau,Jur River County,Kangi,Ber-ber Primary,Primary,285,0,285
Wau,Jur River County,Kangi,Dhikou Primary,Primary,555,0,555
Wau,Jur River County,Kangi,Gumel Primary School,Primary,676,0,676
Wau,Jur River County,Kangi,Kangi,Primary,1124,0,1124
Wau,Jur River County,Kangi,Magai primary school,Primary,367,0,367
Wau,Jur River County,Kangi,Majai,Primary,0,0,0
Wau,Jur River County,Kangi,Manyang Akot Basic School,Primary,405,0,405
Wau,Jur River County,Kangi,Mibior Primary School,Primary,267,0,267
Wau,Jur River County,Kangi,Pankuel Primary School,Primary,286,0,286
Wau,Jur River County,Kangi,Pass New Nation Secondary School,Secondary,0,125,125
Wau,Jur River County,Kangi,War-cum primary,Primary,286,0,286
Wau,Jur River County,Kangi,War-Rieth,Primary,296,0,296
Wau,Jur River County,Kangi,Warmiir Primary School,Primary,286,0,286
Wau,Jur River County,Kangi,Wartung Primary School,Primary,286,0,286
Wau,Jur River County,Kuajieno,Abuongo Primary,Primary,285,0,285
Wau,Jur River County,Kuajieno,Achana Primary School,Primary,281,0,281
Wau,Jur River County,Kuajieno,Adicin Primary,Primary,290,0,290
Wau,Jur River County,Kuajieno,Agur Primary School,Primary,310,0,310
Wau,Jur River County,Kuajieno,Akau Primary,Primary,364,0,364
Wau,Jur River County,Kuajieno,Akuoyo Primary,Primary,495,0,495
Wau,Jur River County,Kuajieno,Aleldong Community Primary School,Primary,317,0,317
Wau,Jur River County,Kuajieno,Alur Primary School,Primary,537,0,537
Wau,Jur River County,Kuajieno,Aya Primary,Primary,286,0,286
Wau,Jur River County,Kuajieno,Bar-uthuon Primary School,Primary,286,0,286
Wau,Jur River County,Kuajieno,Barwol Primary School,Primary,297,0,297
Wau,Jur River County,Kuajieno,Chono Primary School,Primary,286,0,286
Wau,Jur River County,Kuajieno,Damagia Primary,Primary,318,0,318
Wau,Jur River County,Kuajieno,Dangacak Primary,Primary,286,0,286
Wau,Jur River County,Kuajieno,Ekana Basic Primary School,Primary,286,0,286
Wau,Jur River County,Kuajieno,Gar Gar Primary School,Primary,645,0,645
Wau,Jur River County,Kuajieno,Hope-Mapel Primary School,Primary,598,0,598
Wau,Jur River County,Kuajieno,Ireneo Primary School,Primary,638,0,638
Wau,Jur River County,Kuajieno,Kobo Community Primary School,Primary,283,0,283
Wau,Jur River County,Kuajieno,Kuajiena ALP Centre,ALP,0,0,312
Wau,Jur River County,Kuajieno,Kuajiena Primary School,Primary,873,0,873
Wau,Jur River County,Kuajieno,Kuajiena Secondary School,Secondary,0,458,458
Wau,Jur River County,Kuajieno,Kulo Primary,Primary,410,0,410
Wau,Jur River County,Kuajieno,Lol Mawac Primary School,Primary,284,0,284
Wau,Jur River County,Kuajieno,Mapel Secondary School,Secondary,0,467,467
Wau,Jur River County,Kuajieno,Mayuo Primary,Primary,282,0,282
Wau,Jur River County,Kuajieno,Mbilli Primary,Primary,575,0,575
Wau,Jur River County,Kuajieno,Nyiraya Basic Primary School,Primary,758,0,758
Wau,Jur River County,Kuajieno,Nyiwara Primary School,Primary,297,0,297
Wau,Jur River County,Kuajieno,Telo Primary School,Primary,286,0,286
Wau,Jur River County,Kuajieno,Warbet Primary School,Primary,420,0,420
Wau,Jur River County,Marial Bai,Acongchong (SC-UK),Primary,565,0,565
Wau,Jur River County,Marial Bai,Akuem-Agook Primary School,Primary,338,0,338
Wau,Jur River County,Marial Bai,Alel Chok Primary,Primary,639,0,639
Wau,Jur River County,Marial Bai,Alelchok Evening Primary School,Primary,260,0,260
Wau,Jur River County,Marial Bai,Awany Primary School,Primary,442,0,442
Wau,Jur River County,Marial Bai,Awuchuier Primary School,Primary,326,0,326
Wau,Jur River County,Marial Bai,Ayaga Primary,Primary,286,0,286
Wau,Jur River County,Marial Bai,Door Primary School,Primary,286,0,286
Wau,Jur River County,Marial Bai,KonyBaai Primary School,Primary,286,0,286
Wau,Jur River County,Marial Bai,Kuom primary,Primary,286,0,286
Wau,Jur River County,Marial Bai,Lojo Primary School,Primary,371,0,371
Wau,Jur River County,Marial Bai,Mabior Abun Primary School,Primary,0,0,0
Wau,Jur River County,Marial Bai,Madhol Primary,Primary,0,0,0
Wau,Jur River County,Marial Bai,Maluil basic school,Primary,199,0,199
Wau,Jur River County,Marial Bai,MARIAL AJIITH Primary School,Primary,1163,0,1163
Wau,Jur River County,Marial Bai,Marial Bai,Primary,528,0,528
Wau,Jur River County,Marial Bai,Marial Bai Secondary School,Secondary,0,0,0
Wau,Jur River County,Marial Bai,Tindel Primary School,Primary,416,0,416
Wau,Jur River County,Marial Bai,Warayat Primary School,Primary,397,0,397
Wau,Jur River County,Marial Bai,Wun-Ngot Primary School,Primary,286,0,286
Wau,Jur River County,Rocrocdong,Abeero Primary School,Primary,284,0,284
Wau,Jur River County,Rocrocdong,Achot Primary,Primary,401,0,401
Wau,Jur River County,Rocrocdong,Agor Primary,Primary,249,0,249
Wau,Jur River County,Rocrocdong,Akaana Primary School,Primary,256,0,256
Wau,Jur River County,Rocrocdong,Akorok Primary,Primary,259,0,259
Wau,Jur River County,Rocrocdong,Athiiro Primary,Primary,286,0,286
Wau,Jur River County,Rocrocdong,Atido Nyinam Primary,Primary,284,0,284
Wau,Jur River County,Rocrocdong,Aturo Primaryschool,Primary,260,0,260
Wau,Jur River County,Rocrocdong,Baal Primary School,Primary,274,0,274
Wau,Jur River County,Rocrocdong,Bar-Atong Primary,Primary,391,0,391
Wau,Jur River County,Rocrocdong,Barduko,Primary,346,0,346
Wau,Jur River County,Rocrocdong,Beek Primary,Primary,441,0,441
Wau,Jur River County,Rocrocdong,Dhiemo Primary,Primary,286,0,286
Wau,Jur River County,Rocrocdong,Eastern Bank Complex Primary,Primary,545,0,545
Wau,Jur River County,Rocrocdong,Godlama Primary,Primary,288,0,288
Wau,Jur River County,Rocrocdong,Junior Primary School,Primary,286,0,286
Wau,Jur River County,Rocrocdong,Jur River Primary School,Primary,0,0,0
Wau,Jur River County,Rocrocdong,Khorjamus Primary School,Primary,284,0,284
Wau,Jur River County,Rocrocdong,Kuanya Primary,Primary,266,0,266
Wau,Jur River County,Rocrocdong,Kuawara Primary School,Primary,0,0,0
Wau,Jur River County,Rocrocdong,Kueny Thiew Primary School,Primary,312,0,312
Wau,Jur River County,Rocrocdong,Majiu Primary,Primary,0,0,0
Wau,Jur River County,Rocrocdong,Mayen Ameth Community Primary School,Primary,279,0,279
Wau,Jur River County,Rocrocdong,Nyikijo Primary,Primary,292,0,292
Wau,Jur River County,Rocrocdong,Nyiwala Primary,Primary,280,0,280
Wau,Jur River County,Rocrocdong,Piantok Primary,Primary,970,0,970
Wau,Jur River County,Rocrocdong,Roc Roc Dong,Primary,572,0,572
Wau,Jur River County,Rocrocdong,Roc-Roc Deng ALP Centre,ALP,0,0,260
Wau,Jur River County,Rocrocdong,Udongkido Primary School,Primary,279,0,279
Wau,Jur River County,Rocrocdong,Wadha-lelo Basic School,Primary,270,0,270
Wau,Jur River County,Rocrocdong,Wau Co Agricultural Secondary,Secondary,0,113,113
Wau,Jur River County,Rocrocdong,Wau Commercial Seconadary School,Secondary,0,100,100
Wau,Jur River County,Udici,Abou Primary School,Primary,583,0,583
Wau,Jur River County,Udici,Adet,Primary,591,0,591
Wau,Jur River County,Udici,Agok primary School,Primary,339,0,339
Wau,Jur River County,Udici,Akuelo Community Primary School,Primary,327,0,327
Wau,Jur River County,Udici,Akulo Primary,Primary,336,0,336
Wau,Jur River County,Udici,Alung-kuoc,Primary,288,0,288
Wau,Jur River County,Udici,Alutho Community Primary School,Primary,334,0,334
Wau,Jur River County,Udici,Apiam Basic,Primary,351,0,351
Wau,Jur River County,Udici,Atal Primary School,Primary,564,0,564
Wau,Jur River County,Udici,Atido Basic School,Primary,912,0,912
Wau,Jur River County,Udici,Bar-Akol,Primary,312,0,312
Wau,Jur River County,Udici,Bar-Ngu Primary School,Primary,285,0,285
Wau,Jur River County,Udici,Bar-Urud Primary School,Primary,481,0,481
Wau,Jur River County,Udici,Bar-yar IDP Primary,Primary,0,0,0
Wau,Jur River County,Udici,Barakol Primary School,Primary,0,0,0
Wau,Jur River County,Udici,Gette Basic School,Primary,283,0,283
Wau,Jur River County,Udici,Gotongo School,Primary,0,0,0
Wau,Jur River County,Udici,Kayango primary,Primary,539,0,539
Wau,Jur River County,Udici,Kelero Primary,Primary,312,0,312
Wau,Jur River County,Udici,Maboyo Community Primary School,Primary,436,0,436
Wau,Jur River County,Udici,Maburku Basic School,Primary,290,0,290
Wau,Jur River County,Udici,Malek Primary School,Primary,282,0,282
Wau,Jur River County,Udici,Thur-Aluar Primary School,Primary,287,0,287
Wau,Jur River County,Udici,Udici ALP Centre School,ALP,0,0,281
Wau,Jur River County,Udici,Udici Boarding Secondary School,Secondary,0,0,0
Wau,Jur River County,Udici,Udici Primary School,Primary,599,0,599
Wau,Jur River County,Udici,Udici Secondary School,Secondary,0,82,82
Wau,Jur River County,Udici,Uthol School,Primary,687,0,687
Wau,Jur River County,Udici,War Agen Primary School,Primary,546,0,546
Wau,Jur River County,Wau Bai,Aluelweng Primary School,Primary,364,0,364
Wau,Jur River County,Wau Bai,Ekema Primary,Primary,0,0,0
Wau,Jur River County,Wau Bai,Gieric B Basic School,Primary,442,0,442
Wau,Jur River County,Wau Bai,Gireric Primary School,Primary,416,0,416
Wau,Jur River County,Wau Bai,Lol thou primary,Primary,413,0,413
Wau,Jur River County,Wau Bai,Mabior-Abiem,Primary,280,0,280
Wau,Jur River County,Wau Bai,Manyang School,Primary,0,0,0
Wau,Jur River County,Wau Bai,Nyin Akook Primary School,Primary,562,0,562
Wau,Jur River County,Wau Bai,Roc Roc Wau primary,Primary,312,0,312
Wau,Jur River County,Wau Bai,Tharkueng,Primary,610,0,610
Wau,Jur River County,Wau Bai,Tharkueng ECS B,Primary,552,0,552
Wau,Jur River County,Wau Bai,Wau Nhom,Primary,290,0,290
Yei River,Kajo Keji County,Kangapo 1,Alusi Primary School,Primary,0,0,0
Yei River,Kajo Keji County,Kangapo 1,Ariwa Nursery School,PRE,0,0,0
Yei River,Kajo Keji County,Kangapo 1,Deggi Primary School,Primary,0,0,0
Yei River,Kajo Keji County,Kangapo 1,Dwani Nursery School,PRE,0,0,0
Yei River,Kajo Keji County,Kangapo 1,DWANI Primary School,Primary,0,0,0
Yei River,Kajo Keji County,Kangapo 1,Ebenezer Baptist Nursery School,PRE,0,0,0
Yei River,Kajo Keji County,Kangapo 1,Ebenezer Baptist Primary School,Primary,0,0,0
Yei River,Kajo Keji County,Kangapo 1,Galileo Intergrated Nursery School,PRE,0,0,0
Yei River,Kajo Keji County,Kangapo 1,Galileo Intergrated Primary School,Primary,0,0,0
Yei River,Kajo Keji County,Kangapo 1,Jale Hill Nursery School,PRE,0,0,0
Yei River,Kajo Keji County,Kangapo 1,Jalle Hill Primary School,Primary,0,0,0
Yei River,Kajo Keji County,Kangapo 1,Kigwo Lower Primary School,Primary,0,0,0
Yei River,Kajo Keji County,Kangapo 1,kiri Primary School,Primary,164,0,164
Yei River,Kajo Keji County,Kangapo 1,Kiri Secondary School,Secondary,0,0,0
Yei River,Kajo Keji County,Kangapo 1,Kiyongo Nursery School,PRE,0,0,0
Yei River,Kajo Keji County,Kangapo 1,Kudupi Nursery School,PRE,0,0,0
Yei River,Kajo Keji County,Kangapo 1,Kudupi Primary School,Primary,0,0,0
Yei River,Kajo Keji County,Kangapo 1,Leikor Nursey School,PRE,0,0,0
Yei River,Kajo Keji County,Kangapo 1,Leikor Primary School,Primary,0,0,0
Yei River,Kajo Keji County,Kangapo 1,Limi Lower Primary School,Primary,0,0,0
Yei River,Kajo Keji County,Kangapo 1,Litoba Nursery School,PRE,0,0,0
Yei River,Kajo Keji County,Kangapo 1,Litoba Primary School,Primary,0,0,0
Yei River,Kajo Keji County,Kangapo 1,Lukura Nursery School,PRE,0,0,0
Yei River,Kajo Keji County,Kangapo 1,Lukura Primary School,Primary,0,0,0
Yei River,Kajo Keji County,Kangapo 1,Moijo Primary School,Primary,198,0,198
Yei River,Kajo Keji County,Kangapo 1,Munuje Nursery School,PRE,0,0,0
Yei River,Kajo Keji County,Kangapo 1,Munuje Primary School,Primary,0,0,0
Yei River,Kajo Keji County,Kangapo 1,New Generation Kadi Nursery School,PRE,0,0,0
Yei River,Kajo Keji County,Kangapo 1,Pamoju Girls Secondary School,Secondary,0,0,0
Yei River,Kajo Keji County,Kangapo 1,Pamoju Nursery School,PRE,0,0,0
Yei River,Kajo Keji County,Kangapo 1,Pamoju Primary School,Primary,0,0,0
Yei River,Kajo Keji County,Kangapo 1,Sera-Jale Primary School,Primary,0,0,0
Yei River,Kajo Keji County,Kangapo 1,Sodogo Nursery School,PRE,0,0,0
Yei River,Kajo Keji County,Kangapo 1,Sodogo Primary School,Primary,0,0,0
Yei River,Kajo Keji County,Kangapo 1,Sokare Nursery School,PRE,0,0,0
Yei River,Kajo Keji County,Kangapo 1,St. Bartholomews Primary,Primary,0,0,0
Yei River,Kajo Keji County,Kangapo 1,Sunyu Nursery School,PRE,0,0,0
Yei River,Kajo Keji County,Kangapo 1,Sunyu Primary School,Primary,180,0,180
Yei River,Kajo Keji County,Kangapo 2,Adire Nursery School,PRE,0,0,0
Yei River,Kajo Keji County,Kangapo 2,Adire Primary School,Primary,0,0,0
Yei River,Kajo Keji County,Kangapo 2,Afro Standard Model Primary School,Primary,0,0,0
Yei River,Kajo Keji County,Kangapo 2,Ajira Nursery School,PRE,0,0,0
Yei River,Kajo Keji County,Kangapo 2,Ajira Primary School,Primary,285,0,285
Yei River,Kajo Keji County,Kangapo 2,Akuboro Nursery School,PRE,0,0,0
Yei River,Kajo Keji County,Kangapo 2,Akuboro Primary School,Primary,0,0,0
Yei River,Kajo Keji County,Kangapo 2,Alusi Nursery School,PRE,0,0,0
Yei River,Kajo Keji County,Kangapo 2,Andasire Nursery School,PRE,0,0,0
Yei River,Kajo Keji County,Kangapo 2,Andasire Primary School,Primary,232,0,232
Yei River,Kajo Keji County,Kangapo 2,Bamurye Primary School,Primary,0,0,0
Yei River,Kajo Keji County,Kangapo 2,Bibin Primary,Primary,0,0,0
Yei River,Kajo Keji County,Kangapo 2,Bongilo Primary School,Primary,0,0,0
Yei River,Kajo Keji County,Kangapo 2,Bori Child Care Centre Nursery School,PRE,0,0,0
Yei River,Kajo Keji County,Kangapo 2,Bori Nursery School,PRE,0,0,0
Yei River,Kajo Keji County,Kangapo 2,Bori Primary School,Primary,453,0,453
Yei River,Kajo Keji County,Kangapo 2,Bori Secondary School,Secondary,0,0,0
Yei River,Kajo Keji County,Kangapo 2,Bright Foundation Nursery and Primary School,Primary,0,0,0
Yei River,Kajo Keji County,Kangapo 2,Comboni Comprehensive College - Lomin,Secondary,0,0,0
Yei River,Kajo Keji County,Kangapo 2,Ebenezer Baptist Christion Secondary,Secondary,0,0,0
Yei River,Kajo Keji County,Kangapo 2,Ebenezer Nursery School,PRE,0,0,0
Yei River,Kajo Keji County,Kangapo 2,Ebenezer Primary School,Primary,0,0,0
Yei River,Kajo Keji County,Kangapo 2,Godo Nursery School,PRE,0,0,0
Yei River,Kajo Keji County,Kangapo 2,Godo Primary School,Primary,285,0,285
Yei River,Kajo Keji County,Kangapo 2,Gurube Primary School,Primary,499,0,499
Yei River,Kajo Keji County,Kangapo 2,Jalimo Nursery School,PRE,0,0,0
Yei River,Kajo Keji County,Kangapo 2,Jalimo Parents Secondary School,Secondary,0,0,0
Yei River,Kajo Keji County,Kangapo 2,Jalimo Primary School,Primary,0,0,0
Yei River,Kajo Keji County,Kangapo 2,Jingoro Primary School,Primary,0,0,0
Yei River,Kajo Keji County,Kangapo 2,Kaibo Primary School,Primary,0,0,0
Yei River,Kajo Keji County,Kangapo 2,Kajo-Keji Progressive Secondary School,Secondary,0,0,0
Yei River,Kajo Keji County,Kangapo 2,Kangapo hill primary School,Primary,0,0,0
Yei River,Kajo Keji County,Kangapo 2,Kasurak Nursery School,PRE,0,0,0
Yei River,Kajo Keji County,Kangapo 2,Kasurak Primary School,Primary,0,0,0
Yei River,Kajo Keji County,Kangapo 2,Kinyiba Girls Nursery School,PRE,0,0,0
Yei River,Kajo Keji County,Kangapo 2,Kinyiba Girls Primary School,Primary,0,0,0
Yei River,Kajo Keji County,Kangapo 2,Kinyiba Nursery School,PRE,0,0,0
Yei River,Kajo Keji County,Kangapo 2,Kinyiba Primary School,Primary,0,0,0
Yei River,Kajo Keji County,Kangapo 2,Kokonyi Nursery School,PRE,0,0,0
Yei River,Kajo Keji County,Kangapo 2,Limi Nursery School,PRE,0,0,0
Yei River,Kajo Keji County,Kangapo 2,Lito Primary School,Primary,0,0,0
Yei River,Kajo Keji County,Kangapo 2,Logili Primary School,Primary,0,0,0
Yei River,Kajo Keji County,Kangapo 2,Logu Primary School,Primary,0,0,0
Yei River,Kajo Keji County,Kangapo 2,Lokuli Memorial Primary School,Primary,0,0,0
Yei River,Kajo Keji County,Kangapo 2,Loopo Nursery School,PRE,0,0,0
Yei River,Kajo Keji County,Kangapo 2,Loopo Primary School,Primary,0,0,0
Yei River,Kajo Keji County,Kangapo 2,Lubule Primary School,Primary,456,0,456
Yei River,Kajo Keji County,Kangapo 2,Mangaloti Primary,Primary,277,0,277
Yei River,Kajo Keji County,Kangapo 2,Mereguga Nursery School,PRE,0,0,0
Yei River,Kajo Keji County,Kangapo 2,Mereguga Primary School,Primary,490,0,490
Yei River,Kajo Keji County,Kangapo 2,Midu Model Primary School,Primary,0,0,0
Yei River,Kajo Keji County,Kangapo 2,Midu Nursery School,PRE,0,0,0
Yei River,Kajo Keji County,Kangapo 2,Morsak Nursey School,PRE,0,0,0
Yei River,Kajo Keji County,Kangapo 2,Morsak Primary School,Primary,0,0,0
Yei River,Kajo Keji County,Kangapo 2,New Nation Nursery School,PRE,0,0,0
Yei River,Kajo Keji County,Kangapo 2,New Nation Primary,Primary,0,0,0
Yei River,Kajo Keji County,Kangapo 2,New Visiion Nursery And Primary School,Primary,0,0,0
Yei River,Kajo Keji County,Kangapo 2,New Vision Nurser School,PRE,0,0,0
Yei River,Kajo Keji County,Kangapo 2,Revival Talent Academy Nursery School,PRE,0,0,0
Yei River,Kajo Keji County,Kangapo 2,Revival Talent Academy Primary School,Primary,0,0,0
Yei River,Kajo Keji County,Kangapo 2,St Daniel Comboni Nursery School,PRE,0,0,0
Yei River,Kajo Keji County,Kangapo 2,St. Daniel Comboni Primary School,Primary,225,0,225
Yei River,Kajo Keji County,Kangapo 2,Wudu Primary School,Primary,0,0,0
Yei River,Kajo Keji County,Kangapo 2,Wudu Standary Academy Secondary,Secondary,0,0,0
Yei River,Kajo Keji County,Kangapo 2,Wudu Town Nursery School,PRE,0,0,0
Yei River,Kajo Keji County,Kangapo 2,Wurta Nursery School,PRE,0,0,0
Yei River,Kajo Keji County,Kangapo 2,Wurta Primary School,Primary,0,0,0
Yei River,Kajo Keji County,Lire,Bajur Nursery School,PRE,0,0,0
Yei River,Kajo Keji County,Lire,Bajur Primary School,Primary,0,0,0
Yei River,Kajo Keji County,Lire,Beliak Nursery School,PRE,0,0,0
Yei River,Kajo Keji County,Lire,Beliak Primary School,Primary,0,0,0
Yei River,Kajo Keji County,Lire,Door of Hope Nursery School,PRE,0,0,0
Yei River,Kajo Keji County,Lire,Door of Hope Primary School,Primary,0,0,0
Yei River,Kajo Keji County,Lire,Ebenezer Baptist Nursery School,PRE,0,0,0
Yei River,Kajo Keji County,Lire,Ebenezer Baptist Primary School,Primary,0,0,0
Yei River,Kajo Keji County,Lire,Gungi Nursery School,PRE,0,0,0
Yei River,Kajo Keji County,Lire,Gungi Primary School,Primary,0,0,0
Yei River,Kajo Keji County,Lire,Kajo Keji Town Nursery School,PRE,0,0,0
Yei River,Kajo Keji County,Lire,Kajo-Keji High Secondary School,Secondary,0,0,0
Yei River,Kajo Keji County,Lire,Kajo-Keji Town Primary School,Primary,338,0,338
Yei River,Kajo Keji County,Lire,Kajokeji Secondary School,Secondary,0,0,0
Yei River,Kajo Keji County,Lire,Kudaji Nursery School,PRE,0,0,0
Yei River,Kajo Keji County,Lire,Kudaji Primary School,Primary,0,0,0
Yei River,Kajo Keji County,Lire,Life Foundation Nursery School,PRE,0,0,0
Yei River,Kajo Keji County,Lire,Life Foundation Primary School,Primary,0,0,0
Yei River,Kajo Keji County,Lire,Likamerok Nursery School,PRE,0,0,0
Yei River,Kajo Keji County,Lire,Likamerok Primary,Primary,0,0,0
Yei River,Kajo Keji County,Lire,Lire Nursery School,PRE,0,0,0
Yei River,Kajo Keji County,Lire,Lire Primary School,Primary,0,0,0
Yei River,Kajo Keji County,Lire,Lire Secondary School,Secondary,0,0,0
Yei River,Kajo Keji County,Lire,Longira M.C Primary School,Primary,0,0,0
Yei River,Kajo Keji County,Lire,Longira Nusery School,PRE,0,0,0
Yei River,Kajo Keji County,Lire,Lorewa Nursery School,PRE,0,0,0
Yei River,Kajo Keji County,Lire,Lorewa Primary School,Primary,0,0,0
Yei River,Kajo Keji County,Lire,Mogiri Nursery School,PRE,0,0,0
Yei River,Kajo Keji County,Lire,Mogiri Primary School,Primary,0,0,0
Yei River,Kajo Keji County,Lire,Mondikolok Primary School,Primary,0,0,0
Yei River,Kajo Keji County,Lire,Ramogi Richard Early High School,Secondary,0,0,0
Yei River,Kajo Keji County,Lire,Romogi Barebo Nursery School,PRE,0,0,0
Yei River,Kajo Keji County,Lire,Romogi Primary School,Primary,0,0,0
Yei River,Kajo Keji County,Lire,St Augustine Nursery School,PRE,0,0,0
Yei River,Kajo Keji County,Lire,Tipere Nursery School,PRE,0,0,0
Yei River,Kajo Keji County,Lire,Tipere Primary School,Primary,0,0,0
Yei River,Kajo Keji County,Liwolo,Ajio I Nursery School,PRE,0,0,0
Yei River,Kajo Keji County,Liwolo,Ajio I Primary School,Primary,288,0,288
Yei River,Kajo Keji County,Liwolo,Ajio II Primary School,Primary,0,0,0
Yei River,Kajo Keji County,Liwolo,Andejo Primary School,Primary,446,0,446
Yei River,Kajo Keji County,Liwolo,Boro-Boro,Primary,0,0,0
Yei River,Kajo Keji County,Liwolo,Bright Star Academy School,Secondary,0,0,0
Yei River,Kajo Keji County,Liwolo,Derdek Primary School,Primary,0,0,0
Yei River,Kajo Keji County,Liwolo,Gwonsoko Primary School,Primary,0,0,0
Yei River,Kajo Keji County,Liwolo,Kala I Nursery School,PRE,0,0,0
Yei River,Kajo Keji County,Liwolo,Kala I Primary School,Primary,0,0,0
Yei River,Kajo Keji County,Liwolo,Kala II Primary School,Primary,341,0,341
Yei River,Kajo Keji County,Liwolo,Kanyi Primary School,Primary,229,0,229
Yei River,Kajo Keji County,Liwolo,Kendiri Nursery School,PRE,0,0,0
Yei River,Kajo Keji County,Liwolo,KendirI Primary School,Primary,264,0,264
Yei River,Kajo Keji County,Liwolo,Kerwa Nursery School,PRE,0,0,94
Yei River,Kajo Keji County,Liwolo,Kerwa Primary School,Primary,347,0,347
Yei River,Kajo Keji County,Liwolo,Konbeek Nursery School,PRE,0,0,0
Yei River,Kajo Keji County,Liwolo,Leyo Primary School,Primary,0,0,0
Yei River,Kajo Keji County,Liwolo,Liwolo Model Nursery School,PRE,0,0,156
Yei River,Kajo Keji County,Liwolo,Liwolo Model Primary School,Primary,420,0,420
Yei River,Kajo Keji County,Liwolo,Liwolo Secondary School,Secondary,0,120,120
Yei River,Kajo Keji County,Liwolo,Logo Primary School,Primary,393,0,393
Yei River,Kajo Keji County,Liwolo,Lora Primary School,Primary,0,0,0
Yei River,Kajo Keji County,Liwolo,Managalotore Nursery School,PRE,0,0,0
Yei River,Kajo Keji County,Liwolo,MANGALOTI Primary School,Primary,0,0,0
Yei River,Kajo Keji County,Liwolo,Mangalotore Primary School,Primary,475,0,475
Yei River,Kajo Keji County,Liwolo,Morsak Primary School,Primary,455,0,455
Yei River,Kajo Keji County,Liwolo,Payawa Primary School,Primary,392,0,392
Yei River,Kajo Keji County,Liwolo,Pure Primary School,Primary,438,0,438
Yei River,Kajo Keji County,Liwolo,Sukurisira Primary School,Primary,286,0,286
Yei River,Kajo Keji County,Liwolo,Woro Primary School,Primary,0,0,0
Yei River,Kajo Keji County,Nyepo,Gaderu Nursery School,PRE,0,0,0
Yei River,Kajo Keji County,Nyepo,Gaderu Primary School,Primary,0,0,0
Yei River,Kajo Keji County,Nyepo,Kabi Secondary School,Secondary,0,0,0
Yei River,Kajo Keji County,Nyepo,Kansuk Primary School,Primary,0,0,0
Yei River,Kajo Keji County,Nyepo,Kaya Valley Primary School,Primary,0,0,0
Yei River,Kajo Keji County,Nyepo,Lopura Nursery school,PRE,0,0,0
Yei River,Kajo Keji County,Nyepo,Lopura primary,Primary,0,0,0
Yei River,Kajo Keji County,Nyepo,Lori Nursery School,PRE,0,0,0
Yei River,Kajo Keji County,Nyepo,Lori Primary School,Primary,0,0,0
Yei River,Kajo Keji County,Nyepo,Mondi Nursery School,PRE,0,0,0
Yei River,Kajo Keji County,Nyepo,Mondi Primary School,Primary,0,0,0
Yei River,Kajo Keji County,Nyepo,Rego Nursery School,PRE,0,0,0
Yei River,Kajo Keji County,Nyepo,Rego primary,Primary,0,0,0
Yei River,Kajo Keji County,Nyepo,Rodo Primary School,Primary,0,0,0
Yei River,Lainya County,Kenyi,Baraka Primary School,Primary,0,0,0
Yei River,Lainya County,Kenyi,Bongo Primary School,Primary,0,0,0
Yei River,Lainya County,Kenyi,Girgili Primary School,Primary,0,0,0
Yei River,Lainya County,Kenyi,Kenyi Primary School,Primary,0,0,0
Yei River,Lainya County,Kenyi,Light Academy Primary School,Primary,0,0,0
Yei River,Lainya County,Kenyi,Light Accademy Nursery School,PRE,0,0,0
Yei River,Lainya County,Kenyi,Limbe Primay School,Primary,0,0,0
Yei River,Lainya County,Kenyi,Logori Primary School,Primary,71,0,71
Yei River,Lainya County,Kenyi,Loka west Primary School,Primary,0,0,0
Yei River,Lainya County,Kenyi,Lora Orphanage Primary School,Primary,0,0,0
Yei River,Lainya County,Kenyi,Mankaro Nursery School,PRE,0,0,0
Yei River,Lainya County,Kenyi,Mankaro Primary School,Primary,0,0,0
Yei River,Lainya County,Kenyi,St John Nursery School,NUR,0,0,134
Yei River,Lainya County,Kenyi,St John Primary School,Primary,120,0,120
Yei River,Lainya County,Kupera,Bori Primary School,Primary,0,0,0
Yei River,Lainya County,Kupera,Ginyabio Nursery School,PRE,0,0,0
Yei River,Lainya County,Kupera,Ginyabio Primary School,Primary,0,0,0
Yei River,Lainya County,Kupera,Jamara one Nursery and Primary School,Primary,0,0,0
Yei River,Lainya County,Kupera,Jammara Nursery School,PRE,0,0,0
Yei River,Lainya County,Kupera,Jammara Primary School,Primary,0,0,0
Yei River,Lainya County,Kupera,Kirikwat Primary School,Primary,0,0,0
Yei River,Lainya County,Kupera,Kupera Peimary Scool,Primary,0,0,0
Yei River,Lainya County,Kupera,Mundu Nursery School,PRE,0,0,0
Yei River,Lainya County,Kupera,Mundu Primary School,Primary,0,0,0
Yei River,Lainya County,Kupera,Pakirei Nursery And Primary School,Primary,0,0,0
Yei River,Lainya County,Kupera,Pakirei Nursery School,PRE,0,0,0
Yei River,Lainya County,Kupera,United Methodist Nursery School,PRE,0,0,0
Yei River,Lainya County,Kupera,United Methodist Primary School,Primary,0,0,0
Yei River,Lainya County,Kupera,Wupiru Primary School,Primary,0,0,0
Yei River,Lainya County,Lainya,Bereka Nursery School,PRE,0,0,0
Yei River,Lainya County,Lainya,Bereka Primary School,Primary,0,0,0
Yei River,Lainya County,Lainya,Gabaat Nursery and Primary School,Primary,0,0,0
Yei River,Lainya County,Lainya,Gabat Nursery School,PRE,0,0,0
Yei River,Lainya County,Lainya,Gwasere Nursery School,NUR,0,0,31
Yei River,Lainya County,Lainya,Gwasere Primary School,Primary,66,0,66
Yei River,Lainya County,Lainya,Holy Cross Nursery School,PRE,0,0,0
Yei River,Lainya County,Lainya,Holy cross primary,Primary,219,0,219
Yei River,Lainya County,Lainya,Holy Cross Senior Secondary School,Secondary,0,0,0
Yei River,Lainya County,Lainya,Killingo Primary School,Primary,0,0,0
Yei River,Lainya County,Lainya,Lainya Primary School,Primary,402,0,402
Yei River,Lainya County,Lainya,Logwili Primary School,Primary,276,0,276
Yei River,Lainya County,Lainya,Loka Round Nursery School,NUR,0,0,61
Yei River,Lainya County,Lainya,Loka Round Primary School,Primary,165,0,165
Yei River,Lainya County,Lainya,Loka Secondary School,Secondary,0,0,0
Yei River,Lainya County,Lainya,Lukarubang Primary School,Primary,284,0,284
Yei River,Lainya County,Lainya,Muresuk Primary School,Primary,0,0,0
Yei River,Lainya County,Lainya,Rijangu Primary School,Primary,0,0,0
Yei River,Lainya County,Lainya,Samson Primary School,Primary,115,0,115
Yei River,Lainya County,Mukaya,Dimo 1 ALP School,ALP,0,0,0
Yei River,Lainya County,Mukaya,Dimo 1 Primary School,Primary,0,0,0
Yei River,Lainya County,Mukaya,Dimo 2 Primary School,Primary,0,0,0
Yei River,Lainya County,Mukaya,Dimo I Nursery School,PRE,0,0,0
Yei River,Lainya County,Mukaya,Excel International Academy,Secondary,0,0,0
Yei River,Lainya County,Mukaya,God love primary,Primary,0,0,0
Yei River,Lainya County,Mukaya,Gumbari Primary School,Primary,0,0,0
Yei River,Lainya County,Mukaya,Kolondiro Primary School,Primary,0,0,0
Yei River,Lainya County,Mukaya,Komoi Primary School,Primary,0,0,0
Yei River,Lainya County,Mukaya,Logobero primary,Primary,0,0,0
Yei River,Lainya County,Mukaya,Manbule Primary School,Primary,0,0,0
Yei River,Lainya County,Mukaya,Mengo Primary School,Primary,0,0,0
Yei River,Lainya County,Mukaya,Roronyo Primary School,Primary,0,0,0
Yei River,Lainya County,Mukaya,Yondoru Nursery School,PRE,0,0,0
Yei River,Lainya County,Mukaya,Yondoru Primary School,Primary,0,0,0
Yei River,Lainya County,Wuji,Birigo Primary School,Primary,0,0,0
Yei River,Lainya County,Wuji,Dongoro Primary School,Primary,0,0,0
Yei River,Lainya County,Wuji,Giwaya Primary School,Primary,0,0,0
Yei River,Lainya County,Wuji,Gwotoro Nursery School,PRE,0,0,0
Yei River,Lainya County,Wuji,Gwotoro Primary School,Primary,0,0,0
Yei River,Lainya County,Wuji,Koyoki Primary School,Primary,0,0,0
Yei River,Lainya County,Wuji,Limuro Adventist Primary School,Primary,0,0,0
Yei River,Lainya County,Wuji,Limuro Primary School,Primary,0,0,0
Yei River,Lainya County,Wuji,Limuro Secondary School,Secondary,0,0,0
Yei River,Lainya County,Wuji,Wuji Primary School,Primary,0,0,0
Yei River,Morobo County,Gulumbi,Alpha Primary,Primary,0,0,0
Yei River,Morobo County,Gulumbi,Bright Future Islamic Primary School,Primary,0,0,0
Yei River,Morobo County,Gulumbi,Gulumbi Primary School,Primary,0,0,0
Yei River,Morobo County,Gulumbi,IRAGA Primary School,Primary,0,0,0
Yei River,Morobo County,Gulumbi,Kama Nursery School,PRE,0,0,0
Yei River,Morobo County,Gulumbi,Kama Primary School,Primary,0,0,0
Yei River,Morobo County,Gulumbi,Kanyara Primary School,Primary,0,0,0
Yei River,Morobo County,Gulumbi,Kanyara Secondary School,Secondary,0,0,0
Yei River,Morobo County,Gulumbi,Kanza Primary School,Primary,0,0,0
Yei River,Morobo County,Gulumbi,Kendila Primary School,Primary,0,0,0
Yei River,Morobo County,Gulumbi,Kids Care Nursery School,PRE,0,0,0
Yei River,Morobo County,Gulumbi,Kids Care Primary School,Primary,0,0,0
Yei River,Morobo County,Gulumbi,Konge kongo Primary School,Primary,0,0,0
Yei River,Morobo County,Gulumbi,Light of Christ Nursery School,PRE,0,0,0
Yei River,Morobo County,Gulumbi,Light of Christ Primary School,Primary,0,0,0
Yei River,Morobo County,Gulumbi,Ligo Nursery School,PRE,0,0,0
Yei River,Morobo County,Gulumbi,Ligo Primary School,Primary,0,0,0
Yei River,Morobo County,Gulumbi,Midigo III Primary School,Primary,0,0,0
Yei River,Morobo County,Gulumbi,Morobo Primary School,Primary,0,0,0
Yei River,Morobo County,Gulumbi,Nyapea Primary School,Primary,0,0,0
Yei River,Morobo County,Gulumbi,Nyori II Primary School,Primary,0,0,0
Yei River,Morobo County,Gulumbi,Ojipako Primary School,Primary,0,0,0
Yei River,Morobo County,Gulumbi,Pabanga,Primary,0,0,0
Yei River,Morobo County,Gulumbi,Pakujo Primary School,Primary,0,0,0
Yei River,Morobo County,Gulumbi,Progressive Nursery school,PRE,0,0,0
Yei River,Morobo County,Gulumbi,Progressive Primary School,Primary,0,0,0
Yei River,Morobo County,Gulumbi,Rock the Desert Primary School,Primary,0,0,0
Yei River,Morobo County,Gulumbi,Rodoba Primary School,Primary,0,0,0
Yei River,Morobo County,Gulumbi,Rodoba Secondary School,Secondary,0,0,0
Yei River,Morobo County,Gulumbi,St. Charles Lwanga Nursery,PRE,0,0,0
Yei River,Morobo County,Gulumbi,St. Charles Lwanga Primary School,Primary,0,0,0
Yei River,Morobo County,Gulumbi,St. Obadiya Memorial Secondary School,Secondary,0,0,0
Yei River,Morobo County,Gulumbi,Tanganyika Primary School,Primary,0,0,0
Yei River,Morobo County,Kimba,Adventist Nursey School,PRE,0,0,0
Yei River,Morobo County,Kimba,Adventist Primary,Primary,0,0,0
Yei River,Morobo County,Kimba,Alikate Primary School,Primary,0,0,0
Yei River,Morobo County,Kimba,Ambassador for christ Secondary,Secondary,0,0,0
Yei River,Morobo County,Kimba,Ambassadors for christ Primary School,Primary,0,0,0
Yei River,Morobo County,Kimba,Ambassadors Nursery School,PRE,0,0,0
Yei River,Morobo County,Kimba,Baranya Primary School,Primary,0,0,0
Yei River,Morobo County,Kimba,Bindu Primary,Primary,0,0,0
Yei River,Morobo County,Kimba,Dudulabe Primary School,Primary,0,0,0
Yei River,Morobo County,Kimba,Gborokorong Primary School,Primary,0,0,0
Yei River,Morobo County,Kimba,Gborokoronga Primary School,Primary,0,0,0
Yei River,Morobo County,Kimba,Happy Hours Nursery School,PRE,0,0,0
Yei River,Morobo County,Kimba,HAPPY HOURS Primary School,Primary,0,0,0
Yei River,Morobo County,Kimba,HIGHWAY Primary School,Primary,0,0,0
Yei River,Morobo County,Kimba,Kaya Primary School,Primary,0,0,0
Yei River,Morobo County,Kimba,Kimba Primary School,Primary,0,0,0
Yei River,Morobo County,Kimba,Kings Primary School,Primary,0,0,0
Yei River,Morobo County,Kimba,Midigo Primary School,Primary,0,0,0
Yei River,Morobo County,Kimba,Ras College primary,Primary,0,0,0
Yei River,Morobo County,Kimba,Rego Primaryn school,Primary,0,0,0
Yei River,Morobo County,Kimba,Renu Primary School,Primary,0,0,0
Yei River,Morobo County,Kimba,Ripuga Primary School,Primary,0,0,0
Yei River,Morobo County,Kimba,Ryokapoto Primary School,Primary,0,0,0
Yei River,Morobo County,Kimba,St. Bakthita primary,Primary,0,0,0
Yei River,Morobo County,Kimba,Sunrise Primary School,Primary,0,0,0
Yei River,Morobo County,Kimba,"Yondu E Prim,ary school",Primary,0,0,0
Yei River,Morobo County,Kimba,Zionn primary,Primary,0,0,0
Yei River,Morobo County,Lujule,Andipala Primary School,Primary,0,0,0
Yei River,Morobo County,Lujule,Aworo Pruimary school,Primary,0,0,0
Yei River,Morobo County,Lujule,Jaba Primary School,Primary,0,0,0
Yei River,Morobo County,Lujule,Kirinya Primary School,Primary,0,0,0
Yei River,Morobo County,Lujule,Laiza Primary School,Primary,0,0,0
Yei River,Morobo County,Lujule,Lujule Secondary School,Secondary,0,0,0
Yei River,Morobo County,Lujule,Lujulo West Primary School,Primary,0,0,0
Yei River,Morobo County,Lujule,Ombachi Keliko Primary School,Primary,0,0,0
Yei River,Morobo County,Lujule,Paika Primary School,Primary,0,0,0
Yei River,Morobo County,Lujule,Panyana Primary School,Primary,0,0,0
Yei River,Morobo County,Lujule,St. Samson Secondary,Secondary,0,0,0
Yei River,Morobo County,Lujule,Ududra Primary School,Primary,0,0,0
Yei River,Morobo County,Lujule,Yugufe Nursery School,PRE,0,0,0
Yei River,Morobo County,Lujule,Yugufe Primary School,Primary,0,0,0
Yei River,Morobo County,Panyume,Dongoda Primary School,Primary,0,0,0
Yei River,Morobo County,Panyume,Kegiko East Primary School,Primary,0,0,0
Yei River,Morobo County,Panyume,Lujulo East Primary School,Primary,0,0,0
Yei River,Morobo County,Panyume,Nyarigolo Community Based Primary School,Primary,0,0,0
Yei River,Morobo County,Panyume,Nyori I Primary School,Primary,0,0,0
Yei River,Morobo County,Panyume,Panyume Primary School,Primary,0,0,0
Yei River,Morobo County,Panyume,Soperi Primary School,Primary,0,0,0
Yei River,Morobo County,Panyume,Wongoboro Primary School,Primary,0,0,0
Yei River,Morobo County,Panyume,Yaribe Primary School,Primary,0,0,0
Yei River,Morobo County,Wudabi,Aloto Primary,Primary,0,0,0
Yei River,Morobo County,Wudabi,Arimbe Primary School,Primary,0,0,0
Yei River,Morobo County,Wudabi,Iwatoka Primary School,Primary,0,0,0
Yei River,Morobo County,Wudabi,Nyabi Community Based Primary School,Primary,0,0,0
Yei River,Morobo County,Wudabi,Nyei Primary School,Primary,0,0,0
Yei River,Morobo County,Wudabi,Okollowa Primary School,Primary,0,0,0
Yei River,Morobo County,Wudabi,Ondaku Primary School,Primary,0,0,0
Yei River,Morobo County,Wudabi,Wudabi Nursery School,PRE,0,0,0
Yei River,Morobo County,Wudabi,Wudabi Primary School,Primary,0,0,0
Yei River,Morobo County,Wudabi,Yondu West Nursery School,PRE,0,0,0
Yei River,Morobo County,Wudabi,Yondu West Primary School,Primary,0,0,0
Yei River,Yei County,Lasu,Adodo Primary School,Primary,0,0,0
Yei River,Yei County,Lasu,Agonyakiri Primary School,Primary,0,0,0
Yei River,Yei County,Lasu,Kirikwa Primary School,Primary,0,0,0
Yei River,Yei County,Lasu,Lasu Nursery School,PRE,0,0,0
Yei River,Yei County,Lasu,LASU Primary School,Primary,0,0,0
Yei River,Yei County,Lasu,LIBOGO Primary School,Primary,0,0,0
Yei River,Yei County,Lasu,Mitika Primary School,Primary,0,0,0
Yei River,Yei County,Lasu,Nyori I primary,Primary,0,0,0
Yei River,Yei County,Lasu,Nyori II primary,Primary,0,0,0
Yei River,Yei County,Lasu,NYORI Primary School,Primary,0,0,0
Yei River,Yei County,Lasu,Nyori Secondary,Secondary,0,0,0
Yei River,Yei County,Lasu,Pisak Primary School,Primary,0,0,0
Yei River,Yei County,Mugwo,ALERO Primary School,Primary,0,0,0
Yei River,Yei County,Mugwo,Dodo Primary School,Primary,0,0,0
Yei River,Yei County,Mugwo,Jakeba Primary School,Primary,0,0,0
Yei River,Yei County,Mugwo,Jamago Primary School,Primary,0,0,0
Yei River,Yei County,Mugwo,Jombu Nursery School,PRE,0,0,0
Yei River,Yei County,Mugwo,Jombu Primary School,Primary,0,0,0
Yei River,Yei County,Mugwo,Jombu Progressive Secondary School,Secondary,0,0,0
Yei River,Yei County,Mugwo,Kamullaga Primary School,Primary,0,0,0
Yei River,Yei County,Mugwo,Kenyira Primary School,Primary,0,0,0
Yei River,Yei County,Mugwo,Liggi Primary School,Primary,0,0,0
Yei River,Yei County,Mugwo,Ligitolo Primary School,Primary,0,0,0
Yei River,Yei County,Mugwo,Ligitolo United Nursery School,PRE,0,0,0
Yei River,Yei County,Mugwo,Longamere Nursery School,PRE,0,0,0
Yei River,Yei County,Mugwo,Longamere Primary School,Primary,0,0,0
Yei River,Yei County,Mugwo,Lumaro Primary School,Primary,0,0,0
Yei River,Yei County,Mugwo,Lun Primary School,Primary,0,0,0
Yei River,Yei County,Mugwo,Morre Primary School,Primary,0,0,0
Yei River,Yei County,Mugwo,Nyamba Primary School,Primary,0,0,0
Yei River,Yei County,Mugwo,Payawa Nursery School,PRE,0,0,0
Yei River,Yei County,Mugwo,Payawa Primary School,Primary,0,0,0
Yei River,Yei County,Mugwo,Undukori Primary School,Primary,0,0,0
Yei River,Yei County,Mugwo,Wadupe Primary School,Primary,0,0,0
Yei River,Yei County,Mugwo,Wolungo Primary School,Primary,0,0,0
Yei River,Yei County,Mugwo,Yari Nursery School,PRE,0,0,0
Yei River,Yei County,Mugwo,Yari Primary School,Primary,0,0,0
Yei River,Yei County,Tore,Angebi Primary School,Primary,0,0,0
Yei River,Yei County,Tore,BAGIRI Primary School,Primary,0,0,0
Yei River,Yei County,Tore,Bandame Primary School,Primary,0,0,0
Yei River,Yei County,Tore,Emmanuel Christian Academy primary,Primary,0,0,0
Yei River,Yei County,Tore,Emmanuel Christion Academy Secondary,Secondary,0,113,113
Yei River,Yei County,Tore,EPC Goli primary,Primary,0,0,0
Yei River,Yei County,Tore,LALUMBA Primary School,Primary,0,0,0
Yei River,Yei County,Tore,Mary Immaculate Primary,Primary,0,0,0
Yei River,Yei County,Tore,MOPOKO Primary School,Primary,0,0,0
Yei River,Yei County,Tore,Morowa Primary School,Primary,0,0,0
Yei River,Yei County,Tore,MUKPARA Primary School,Primary,0,0,0
Yei River,Yei County,Tore,Porkele Primary School,Primary,0,0,0
Yei River,Yei County,Tore,Porokele Sec. School,Secondary,0,0,0
Yei River,Yei County,Tore,Tore Primary School,Primary,0,0,0
Yei River,Yei County,wotogo,Abegi Primary School,Primary,0,0,0
Yei River,Yei County,wotogo,Abua Primary School,Primary,0,0,0
Yei River,Yei County,wotogo,Ginyapoli Primary School,Primary,0,0,0
Yei River,Yei County,wotogo,Goja Nursery School,PRE,0,0,0
Yei River,Yei County,wotogo,Goja Primary School,Primary,0,0,0
Yei River,Yei County,wotogo,Kagelu Primary School,Primary,0,0,0
Yei River,Yei County,wotogo,Kajiko Primary School,Primary,0,0,0
Yei River,Yei County,wotogo,Kisangani Primary School,Primary,0,0,0
Yei River,Yei County,wotogo,Kularima Primary School,Primary,0,0,0
Yei River,Yei County,wotogo,Lata Primary School,Primary,0,0,0
Yei River,Yei County,wotogo,Logo 1 Primary School,Primary,0,0,0
Yei River,Yei County,wotogo,Lumalura Primary School,Primary,0,0,0
Yei River,Yei County,wotogo,Media Primary School,Primary,0,0,0
Yei River,Yei County,wotogo,Mongo Nursery School,PRE,0,0,0
Yei River,Yei County,wotogo,Mongo Primary School,Primary,0,0,0
Yei River,Yei County,wotogo,Morsak Primary School,Primary,438,0,438
Yei River,Yei County,wotogo,Ombasi Primary School,Primary,0,0,0
Yei River,Yei County,wotogo,Ombasi Secondary School,Secondary,0,0,0
Yei River,Yei County,wotogo,Rubeke Primary School,Primary,0,0,0
Yei River,Yei County,wotogo,Rubeke Secondary School,Secondary,0,0,0
Yei River,Yei County,wotogo,Yeiba Primary School,Primary,0,0,0
Yei River,Yei County,wotogo,Yembesanza -Asiri Primary School,Primary,0,0,0
Yei River,Yei County,Yei Town,Adventist Primary School,Primary,367,0,367
Yei River,Yei County,Yei Town,Atende Nursery School,PRE,0,0,0
Yei River,Yei County,Yei Town,Atende Primary School,Primary,172,0,172
Yei River,Yei County,Yei Town,Chief Charles Memorial Primary School,Primary,0,0,0
Yei River,Yei County,Yei Town,Christ The King Nursery School,PRE,0,0,233
Yei River,Yei County,Yei Town,Christ The King Primary School,Primary,753,0,753
Yei River,Yei County,Yei Town,Christian Assembly Primary,Primary,0,0,0
Yei River,Yei County,Yei Town,Christian Missionary Fellowship Nursery Sch,PRE,0,0,72
Yei River,Yei County,Yei Town,Christian Missionary Fellowship Primary,Primary,194,0,194
Yei River,Yei County,Yei Town,Day Star Academy Secondary School,Secondary,0,0,0
Yei River,Yei County,Yei Town,Dongoda Primary School,Primary,0,0,0
Yei River,Yei County,Yei Town,Dream Nursery School,PRE,0,0,0
Yei River,Yei County,Yei Town,Dream Primary School,Primary,0,0,0
Yei River,Yei County,Yei Town,Dreamland Primary School,Primary,0,0,0
Yei River,Yei County,Yei Town,E.P.C. Harvesters Primary School,Primary,0,0,0
Yei River,Yei County,Yei Town,EPC Nehemiah Nursery School,PRE,0,0,200
Yei River,Yei County,Yei Town,Equatorial College,Secondary,0,0,0
Yei River,Yei County,Yei Town,Excel Academy Secondary,Secondary,0,265,265
Yei River,Yei County,Yei Town,Foster M Primary School,Primary,0,0,0
Yei River,Yei County,Yei Town,Four Miles Adult Primary School,Primary,183,0,183
Yei River,Yei County,Yei Town,Genesis Nursery School,PRE,0,0,149
Yei River,Yei County,Yei Town,Genesis Primary School,Primary,54,0,54
Yei River,Yei County,Yei Town,Gimunu Primary School,Primary,0,0,0
Yei River,Yei County,Yei Town,Giru UMC Primary School,Primary,0,0,0
Yei River,Yei County,Yei Town,Highland Primary School,Primary,0,0,0
Yei River,Yei County,Yei Town,Hope High Nursery School,PRE,0,0,140
Yei River,Yei County,Yei Town,Hope High Primary School,Primary,232,0,232
Yei River,Yei County,Yei Town,Hope of Nation Nursery And Primary School,Primary,61,0,61
Yei River,Yei County,Yei Town,Immanuel Kindergarden Nursery School,PRE,0,0,390
Yei River,Yei County,Yei Town,Immanuel Model Primary School,Primary,601,0,601
Yei River,Yei County,Yei Town,Immanuel Model Secondary School,Secondary,0,365,365
Yei River,Yei County,Yei Town,Jansuk Primary School,Primary,0,0,0
Yei River,Yei County,Yei Town,Jerusalem Primary School,Primary,259,0,259
Yei River,Yei County,Yei Town,Jigomoni Nursery School,ALP,0,0,206
Yei River,Yei County,Yei Town,Jigomoni Primary School,Primary,857,0,857
Yei River,Yei County,Yei Town,Kanjoro Nursery School,PRE,0,0,345
Yei River,Yei County,Yei Town,Kanjoro Primary School,Primary,1230,0,1230
Yei River,Yei County,Yei Town,Kings College,Secondary,0,0,0
Yei River,Yei County,Yei Town,Kinji Adult Centre School,ALP,0,0,0
Yei River,Yei County,Yei Town,Kinji Nursery School,PRE,0,0,206
Yei River,Yei County,Yei Town,Kinji Primary School,Primary,977,0,977
Yei River,Yei County,Yei Town,Kinji Secondary School,Secondary,0,0,0
Yei River,Yei County,Yei Town,Kololo Progressive Primary School,PRE,0,0,0
Yei River,Yei County,Yei Town,Koya SPLA Mobile Primary School,Primary,242,0,242
Yei River,Yei County,Yei Town,Kukango Primary School,Primary,0,0,0
Yei River,Yei County,Yei Town,Light House Academy Primary School,Primary,146,0,146
Yei River,Yei County,Yei Town,Little Angel Nursery And Primary School,Primary,125,0,125
Yei River,Yei County,Yei Town,Little Angel Nursery School,ECD,0,0,219
Yei River,Yei County,Yei Town,Lizira Nursery School,NUR,0,0,267
Yei River,Yei County,Yei Town,Lizira Primary School,Primary,524,0,524
Yei River,Yei County,Yei Town,Logobero Nursery School,PRE,0,0,150
Yei River,Yei County,Yei Town,Logobero Primary School,Primary,99,0,99
Yei River,Yei County,Yei Town,Lomuku Primary School,Primary,0,0,0
Yei River,Yei County,Yei Town,Luppapa Primary School,Primary,0,0,0
Yei River,Yei County,Yei Town,Mahad Nursery School,PRE,0,0,72
Yei River,Yei County,Yei Town,Mahad Primary School,Primary,503,0,503
Yei River,Yei County,Yei Town,Marakonye Primary School,Primary,0,0,0
Yei River,Yei County,Yei Town,Marjuk Primary School,Primary,0,0,0
Yei River,Yei County,Yei Town,Minyori Primary School,Primary,0,0,0
Yei River,Yei County,Yei Town,Narrow Gate Demonstration Nursery Primary Sch,Primary,211,0,211
Yei River,Yei County,Yei Town,Narrow Gate Nursery School,PRE,0,0,208
Yei River,Yei County,Yei Town,Narrow Gate Primary School,Primary,0,0,0
Yei River,Yei County,Yei Town,Nehemiah Orphanage Secondary School,Secondary,0,189,189
Yei River,Yei County,Yei Town,Nehemiah Primary School,Primary,793,0,793
Yei River,Yei County,Yei Town,New Generation Nursery School,PRE,0,0,144
Yei River,Yei County,Yei Town,New Generation Primary,Primary,463,0,463
Yei River,Yei County,Yei Town,Nile High School,Secondary,0,210,210
Yei River,Yei County,Yei Town,Ntc Army Primary School,Primary,0,0,0
Yei River,Yei County,Yei Town,Nyongwe Primary School,Primary,0,0,0
Yei River,Yei County,Yei Town,Pakula Primary School,Primary,0,0,0
Yei River,Yei County,Yei Town,Peace Nursery School,NUR,0,0,145
Yei River,Yei County,Yei Town,Peace Primary School,Primary,207,0,207
Yei River,Yei County,Yei Town,Peremasu Primary School,Primary,0,0,0
Yei River,Yei County,Yei Town,Pukuka UMC Primary School,Primary,0,0,0
Yei River,Yei County,Yei Town,Ronyi Primary School,Primary,0,0,0
Yei River,Yei County,Yei Town,Royal International Jigomoni Nursery School,PRE,0,0,158
Yei River,Yei County,Yei Town,Royal International Jigomoni Primary School,Primary,70,0,70
Yei River,Yei County,Yei Town,Royal International Nursery School,PRE,0,0,260
Yei River,Yei County,Yei Town,Royal International Primary,Primary,524,0,524
Yei River,Yei County,Yei Town,Salam United Methodist Primary School,Primary,250,0,250
Yei River,Yei County,Yei Town,Shalom Primary School,Primary,0,0,0
Yei River,Yei County,Yei Town,St Cecilia Nursery School,PRE,0,0,0
Yei River,Yei County,Yei Town,St Luke Nursery school,ECD,0,0,151
Yei River,Yei County,Yei Town,St Luke Primary school,Primary,409,0,409
Yei River,Yei County,Yei Town,St Mathew Primary School,Primary,0,0,0
Yei River,Yei County,Yei Town,St Paul Primary School,Primary,222,0,222
Yei River,Yei County,Yei Town,St Peter Nursery School,PRE,0,0,74
Yei River,Yei County,Yei Town,St. Cecilia Primary School,Primary,0,0,0
Yei River,Yei County,Yei Town,St. James School,Primary,0,0,0
Yei River,Yei County,Yei Town,St. Joseph Lutaya Primary School,Primary,0,0,0
Yei River,Yei County,Yei Town,St. Joseph Secondary,Secondary,0,134,134
Yei River,Yei County,Yei Town,St. Paul Secondary,Secondary,0,101,101
Yei River,Yei County,Yei Town,St. Peters Primary school,Primary,71,0,71
Yei River,Yei County,Yei Town,Valley Hill Secondary School,Secondary,0,0,0
Yei River,Yei County,Yei Town,Wuluturu Primary School,Primary,0,0,0
Yei River,Yei County,Yei Town,Yangkonye Primary School,Primary,0,0,0
Yei River,Yei County,Yei Town,Yei Academy Nursery School,PRE,0,0,243
Yei River,Yei County,Yei Town,Yei Academy Primary School,Primary,578,0,578
Yei River,Yei County,Yei Town,Yei Army Adult School,ALP,0,0,264
Yei River,Yei County,Yei Town,Yei Army Nursery School,NUR,0,0,130
Yei River,Yei County,Yei Town,Yei Child Protection Centre Primary School,Primary,469,0,469
Yei River,Yei County,Yei Town,Yei Day Secondary School,Secondary,0,407,407
Yei River,Yei County,Yei Town,Yei Demonstrationn Primary School,Primary,0,0,0
Yei River,Yei County,Yei Town,Yei Girls Secondary School,Secondary,0,0,0
Yei River,Yei County,Yei Town,Yei Junior Primary School,Primary,251,0,251
Yei River,Yei County,Yei Town,Yei Public Secondary,Secondary,0,0,0
Yei River,Yei County,Yei Town,Ywam Redeem Primary School,Primary,0,0,0
